dataset,image,height,width,sigma,seed,method,implementation,psnr,ssim,runtime_ms,status,error,notes
bsd68,test001,481,321,5,1426965173,Noisy,"clean + AWGN, clipped to [0,1]",34.264239,0.95710131,0.0,ok,,same noisy image reused for all methods
bsd68,test001,481,321,5,1426965173,Gaussian_SciPy,"scipy.ndimage.gaussian_filter(sigma_filter=1.5, reflect)",22.548529,0.58414048,2.114,ok,,Optimized replacement for Python-loop Gaussian filter.
bsd68,test001,481,321,5,1426965173,Median_SciPy,"scipy.ndimage.median_filter(size=3, reflect)",24.646148,0.72762943,14.387,ok,,Optimized replacement for Python-loop median filter.
bsd68,test001,481,321,5,1426965173,NLM_Skimage_Fast,"skimage.denoise_nl_means(fast_mode=True, h=0.8*sigma, sigma=known_sigma)",34.538352,0.95751587,240.929,ok,,Fast engineering baseline; not the original patchwise NLM runtime.
bsd68,test001,481,321,5,1426965173,NLM_IPOL_Like,skimage.denoise_nl_means(fast_mode=False) with IPOL grayscale parameter schedule,,,2219.268,ok,,Closer to IPOL patchwise parameters; can be very slow.
bsd68,test001,481,321,5,1426965173,BM3D_TAU,"bm3d.bm3d(noisy_float01, sigma_psd=sigma/255)",35.055854,0.96544448,1968.281,ok,,Reference classical upper baseline for AWGN.
bsd68,test001,481,321,10,2894380621,Noisy,"clean + AWGN, clipped to [0,1]",28.231785,0.859315,0.0,ok,,same noisy image reused for all methods
bsd68,test001,481,321,10,2894380621,Gaussian_SciPy,"scipy.ndimage.gaussian_filter(sigma_filter=1.5, reflect)",22.505045,0.58054549,2.862,ok,,Optimized replacement for Python-loop Gaussian filter.
bsd68,test001,481,321,10,2894380621,Median_SciPy,"scipy.ndimage.median_filter(size=3, reflect)",24.32649,0.70314704,16.606,ok,,Optimized replacement for Python-loop median filter.
bsd68,test001,481,321,10,2894380621,NLM_Skimage_Fast,"skimage.denoise_nl_means(fast_mode=True, h=0.8*sigma, sigma=known_sigma)",29.358404,0.85250868,366.189,ok,,Fast engineering baseline; not the original patchwise NLM runtime.
bsd68,test001,481,321,10,2894380621,NLM_IPOL_Like,skimage.denoise_nl_means(fast_mode=False) with IPOL grayscale parameter schedule,29.274636,0.8877037,2755.229,ok,,Closer to IPOL patchwise parameters; can be very slow.
bsd68,test001,481,321,10,2894380621,BM3D_TAU,"bm3d.bm3d(noisy_float01, sigma_psd=sigma/255)",30.280983,0.89440894,2295.093,ok,,Reference classical upper baseline for AWGN.
bsd68,test001,481,321,15,4227441358,Noisy,"clean + AWGN, clipped to [0,1]",24.80108,0.75190204,0.0,ok,,same noisy image reused for all methods
bsd68,test001,481,321,15,4227441358,Gaussian_SciPy,"scipy.ndimage.gaussian_filter(sigma_filter=1.5, reflect)",22.430859,0.57373292,3.441,ok,,Optimized replacement for Python-loop Gaussian filter.
bsd68,test001,481,321,15,4227441358,Median_SciPy,"scipy.ndimage.median_filter(size=3, reflect)",23.860535,0.67028487,18.005,ok,,Optimized replacement for Python-loop median filter.
bsd68,test001,481,321,15,4227441358,NLM_Skimage_Fast,"skimage.denoise_nl_means(fast_mode=True, h=0.8*sigma, sigma=known_sigma)",26.896261,0.76452621,411.593,ok,,Fast engineering baseline; not the original patchwise NLM runtime.
bsd68,test001,481,321,15,4227441358,NLM_IPOL_Like,skimage.denoise_nl_means(fast_mode=False) with IPOL grayscale parameter schedule,26.488554,0.80790456,2817.737,ok,,Closer to IPOL patchwise parameters; can be very slow.
bsd68,test001,481,321,15,4227441358,BM3D_TAU,"bm3d.bm3d(noisy_float01, sigma_psd=sigma/255)",27.906263,0.81808521,1607.183,ok,,Reference classical upper baseline for AWGN.
bsd68,test001,481,321,20,1932365583,Noisy,"clean + AWGN, clipped to [0,1]",22.388284,0.65371785,0.0,ok,,same noisy image reused for all methods
bsd68,test001,481,321,20,1932365583,Gaussian_SciPy,"scipy.ndimage.gaussian_filter(sigma_filter=1.5, reflect)",22.331492,0.56415714,3.878,ok,,Optimized replacement for Python-loop Gaussian filter.
bsd68,test001,481,321,20,1932365583,Median_SciPy,"scipy.ndimage.median_filter(size=3, reflect)",23.375306,0.63710509,18.384,ok,,Optimized replacement for Python-loop median filter.
bsd68,test001,481,321,20,1932365583,NLM_Skimage_Fast,"skimage.denoise_nl_means(fast_mode=True, h=0.8*sigma, sigma=known_sigma)",25.173758,0.6863366,394.467,ok,,Fast engineering baseline; not the original patchwise NLM runtime.
bsd68,test001,481,321,20,1932365583,NLM_IPOL_Like,skimage.denoise_nl_means(fast_mode=False) with IPOL grayscale parameter schedule,25.170278,0.76523783,3952.21,ok,,Closer to IPOL patchwise parameters; can be very slow.
bsd68,test001,481,321,20,1932365583,BM3D_TAU,"bm3d.bm3d(noisy_float01, sigma_psd=sigma/255)",26.396686,0.75748775,1965.901,ok,,Reference classical upper baseline for AWGN.
bsd68,test001,481,321,25,1392442043,Noisy,"clean + AWGN, clipped to [0,1]",20.526312,0.5680046,0.0,ok,,same noisy image reused for all methods
bsd68,test001,481,321,25,1392442043,Gaussian_SciPy,"scipy.ndimage.gaussian_filter(sigma_filter=1.5, reflect)",22.209097,0.55486136,2.831,ok,,Optimized replacement for Python-loop Gaussian filter.
bsd68,test001,481,321,25,1392442043,Median_SciPy,"scipy.ndimage.median_filter(size=3, reflect)",22.803699,0.59854256,15.912,ok,,Optimized replacement for Python-loop median filter.
bsd68,test001,481,321,25,1392442043,NLM_Skimage_Fast,"skimage.denoise_nl_means(fast_mode=True, h=0.8*sigma, sigma=known_sigma)",23.888572,0.61557975,370.901,ok,,Fast engineering baseline; not the original patchwise NLM runtime.
bsd68,test001,481,321,25,1392442043,NLM_IPOL_Like,skimage.denoise_nl_means(fast_mode=False) with IPOL grayscale parameter schedule,24.109238,0.70807337,4162.976,ok,,Closer to IPOL patchwise parameters; can be very slow.
bsd68,test001,481,321,25,1392442043,BM3D_TAU,"bm3d.bm3d(noisy_float01, sigma_psd=sigma/255)",25.263857,0.70303064,1441.01,ok,,Reference classical upper baseline for AWGN.
bsd68,test001,481,321,30,3112298152,Noisy,"clean + AWGN, clipped to [0,1]",19.026554,0.49550348,0.0,ok,,same noisy image reused for all methods
bsd68,test001,481,321,30,3112298152,Gaussian_SciPy,"scipy.ndimage.gaussian_filter(sigma_filter=1.5, reflect)",22.053938,0.54184042,3.016,ok,,Optimized replacement for Python-loop Gaussian filter.
bsd68,test001,481,321,30,3112298152,Median_SciPy,"scipy.ndimage.median_filter(size=3, reflect)",22.205093,0.5624701,17.252,ok,,Optimized replacement for Python-loop median filter.
bsd68,test001,481,321,30,3112298152,NLM_Skimage_Fast,"skimage.denoise_nl_means(fast_mode=True, h=0.8*sigma, sigma=known_sigma)",22.965533,0.55606389,371.701,ok,,Fast engineering baseline; not the original patchwise NLM runtime.
bsd68,test001,481,321,30,3112298152,NLM_IPOL_Like,skimage.denoise_nl_means(fast_mode=False) with IPOL grayscale parameter schedule,23.253872,0.65646754,4277.509,ok,,Closer to IPOL patchwise parameters; can be very slow.
bsd68,test001,481,321,30,3112298152,BM3D_TAU,"bm3d.bm3d(noisy_float01, sigma_psd=sigma/255)",24.393107,0.65715767,1560.65,ok,,Reference classical upper baseline for AWGN.
bsd68,test001,481,321,35,818413919,Noisy,"clean + AWGN, clipped to [0,1]",17.785328,0.4350022,0.0,ok,,same noisy image reused for all methods
bsd68,test001,481,321,35,818413919,Gaussian_SciPy,"scipy.ndimage.gaussian_filter(sigma_filter=1.5, reflect)",21.875916,0.5278033,2.697,ok,,Optimized replacement for Python-loop Gaussian filter.
bsd68,test001,481,321,35,818413919,Median_SciPy,"scipy.ndimage.median_filter(size=3, reflect)",21.632516,0.52614902,17.692,ok,,Optimized replacement for Python-loop median filter.
bsd68,test001,481,321,35,818413919,NLM_Skimage_Fast,"skimage.denoise_nl_means(fast_mode=True, h=0.8*sigma, sigma=known_sigma)",22.221023,0.50265503,364.453,ok,,Fast engineering baseline; not the original patchwise NLM runtime.
bsd68,test001,481,321,35,818413919,NLM_IPOL_Like,skimage.denoise_nl_means(fast_mode=False) with IPOL grayscale parameter schedule,22.726869,0.61537972,17063.651,ok,,Closer to IPOL patchwise parameters; can be very slow.
bsd68,test001,481,321,35,818413919,BM3D_TAU,"bm3d.bm3d(noisy_float01, sigma_psd=sigma/255)",23.64528,0.612084,1428.448,ok,,Reference classical upper baseline for AWGN.
bsd68,test001,481,321,40,289195885,Noisy,"clean + AWGN, clipped to [0,1]",16.755921,0.38472553,0.0,ok,,same noisy image reused for all methods
bsd68,test001,481,321,40,289195885,Gaussian_SciPy,"scipy.ndimage.gaussian_filter(sigma_filter=1.5, reflect)",21.696316,0.51596045,3.653,ok,,Optimized replacement for Python-loop Gaussian filter.
bsd68,test001,481,321,40,289195885,Median_SciPy,"scipy.ndimage.median_filter(size=3, reflect)",21.07696,0.49264602,19.269,ok,,Optimized replacement for Python-loop median filter.
bsd68,test001,481,321,40,289195885,NLM_Skimage_Fast,"skimage.denoise_nl_means(fast_mode=True, h=0.8*sigma, sigma=known_sigma)",21.615908,0.45833181,358.301,ok,,Fast engineering baseline; not the original patchwise NLM runtime.
bsd68,test001,481,321,40,289195885,NLM_IPOL_Like,skimage.denoise_nl_means(fast_mode=False) with IPOL grayscale parameter schedule,22.279607,0.57372685,17800.803,ok,,Closer to IPOL patchwise parameters; can be very slow.
bsd68,test001,481,321,40,289195885,BM3D_TAU,"bm3d.bm3d(noisy_float01, sigma_psd=sigma/255)",23.016296,0.5744689,1418.937,ok,,Reference classical upper baseline for AWGN.
bsd68,test001,481,321,50,2412849168,Noisy,"clean + AWGN, clipped to [0,1]",15.065764,0.30869645,0.0,ok,,same noisy image reused for all methods
bsd68,test001,481,321,50,2412849168,Gaussian_SciPy,"scipy.ndimage.gaussian_filter(sigma_filter=1.5, reflect)",21.262009,0.4883636,2.653,ok,,Optimized replacement for Python-loop Gaussian filter.
bsd68,test001,481,321,50,2412849168,Median_SciPy,"scipy.ndimage.median_filter(size=3, reflect)",19.951786,0.43286438,16.527,ok,,Optimized replacement for Python-loop median filter.
bsd68,test001,481,321,50,2412849168,NLM_Skimage_Fast,"skimage.denoise_nl_means(fast_mode=True, h=0.8*sigma, sigma=known_sigma)",20.670189,0.3938934,358.079,ok,,Fast engineering baseline; not the original patchwise NLM runtime.
bsd68,test001,481,321,50,2412849168,NLM_IPOL_Like,skimage.denoise_nl_means(fast_mode=False) with IPOL grayscale parameter schedule,21.35434,0.48180507,29758.597,ok,,Closer to IPOL patchwise parameters; can be very slow.
bsd68,test001,481,321,50,2412849168,BM3D_TAU,"bm3d.bm3d(noisy_float01, sigma_psd=sigma/255)",22.056953,0.51047404,1570.224,ok,,Reference classical upper baseline for AWGN.
bsd68,test001,481,321,75,4270223473,Noisy,"clean + AWGN, clipped to [0,1]",12.178144,0.1914025,0.0,ok,,same noisy image reused for all methods
bsd68,test001,481,321,75,4270223473,Gaussian_SciPy,"scipy.ndimage.gaussian_filter(sigma_filter=1.5, reflect)",19.897956,0.4177309,3.177,ok,,Optimized replacement for Python-loop Gaussian filter.
bsd68,test001,481,321,75,4270223473,Median_SciPy,"scipy.ndimage.median_filter(size=3, reflect)",17.623208,0.32199606,17.743,ok,,Optimized replacement for Python-loop median filter.
bsd68,test001,481,321,75,4270223473,NLM_Skimage_Fast,"skimage.denoise_nl_means(fast_mode=True, h=0.8*sigma, sigma=known_sigma)",18.713128,0.28234463,390.195,ok,,Fast engineering baseline; not the original patchwise NLM runtime.
bsd68,test001,481,321,75,4270223473,NLM_IPOL_Like,skimage.denoise_nl_means(fast_mode=False) with IPOL grayscale parameter schedule,19.057932,0.32529632,32475.119,ok,,Closer to IPOL patchwise parameters; can be very slow.
bsd68,test001,481,321,75,4270223473,BM3D_TAU,"bm3d.bm3d(noisy_float01, sigma_psd=sigma/255)",20.243309,0.3939073,1597.277,ok,,Reference classical upper baseline for AWGN.
bsd68,test002,481,321,5,4082185465,Noisy,"clean + AWGN, clipped to [0,1]",34.812583,0.8793252,0.0,ok,,same noisy image reused for all methods
bsd68,test002,481,321,5,4082185465,Gaussian_SciPy,"scipy.ndimage.gaussian_filter(sigma_filter=1.5, reflect)",26.54444,0.80651875,2.493,ok,,Optimized replacement for Python-loop Gaussian filter.
bsd68,test002,481,321,5,4082185465,Median_SciPy,"scipy.ndimage.median_filter(size=3, reflect)",29.672071,0.87003107,15.22,ok,,Optimized replacement for Python-loop median filter.
bsd68,test002,481,321,5,4082185465,NLM_Skimage_Fast,"skimage.denoise_nl_means(fast_mode=True, h=0.8*sigma, sigma=known_sigma)",37.387914,0.96681982,309.984,ok,,Fast engineering baseline; not the original patchwise NLM runtime.
bsd68,test002,481,321,5,4082185465,NLM_IPOL_Like,skimage.denoise_nl_means(fast_mode=False) with IPOL grayscale parameter schedule,,,2548.475,ok,,Closer to IPOL patchwise parameters; can be very slow.
bsd68,test002,481,321,5,4082185465,BM3D_TAU,"bm3d.bm3d(noisy_float01, sigma_psd=sigma/255)",38.249301,0.97483523,1602.17,ok,,Reference classical upper baseline for AWGN.
bsd68,test002,481,321,10,589362931,Noisy,"clean + AWGN, clipped to [0,1]",28.805631,0.68694298,0.0,ok,,same noisy image reused for all methods
bsd68,test002,481,321,10,589362931,Gaussian_SciPy,"scipy.ndimage.gaussian_filter(sigma_filter=1.5, reflect)",26.358356,0.79581681,3.348,ok,,Optimized replacement for Python-loop Gaussian filter.
bsd68,test002,481,321,10,589362931,Median_SciPy,"scipy.ndimage.median_filter(size=3, reflect)",28.932882,0.81019294,15.67,ok,,Optimized replacement for Python-loop median filter.
bsd68,test002,481,321,10,589362931,NLM_Skimage_Fast,"skimage.denoise_nl_means(fast_mode=True, h=0.8*sigma, sigma=known_sigma)",32.699606,0.92173645,341.196,ok,,Fast engineering baseline; not the original patchwise NLM runtime.
bsd68,test002,481,321,10,589362931,NLM_IPOL_Like,skimage.denoise_nl_means(fast_mode=False) with IPOL grayscale parameter schedule,31.435581,0.849767,2706.047,ok,,Closer to IPOL patchwise parameters; can be very slow.
bsd68,test002,481,321,10,589362931,BM3D_TAU,"bm3d.bm3d(noisy_float01, sigma_psd=sigma/255)",33.799426,0.94457904,1391.872,ok,,Reference classical upper baseline for AWGN.
bsd68,test002,481,321,15,577355839,Noisy,"clean + AWGN, clipped to [0,1]",25.301728,0.53526426,0.0,ok,,same noisy image reused for all methods
bsd68,test002,481,321,15,577355839,Gaussian_SciPy,"scipy.ndimage.gaussian_filter(sigma_filter=1.5, reflect)",26.077394,0.78002535,2.581,ok,,Optimized replacement for Python-loop Gaussian filter.
bsd68,test002,481,321,15,577355839,Median_SciPy,"scipy.ndimage.median_filter(size=3, reflect)",27.958316,0.73690861,15.139,ok,,Optimized replacement for Python-loop median filter.
bsd68,test002,481,321,15,577355839,NLM_Skimage_Fast,"skimage.denoise_nl_means(fast_mode=True, h=0.8*sigma, sigma=known_sigma)",30.083394,0.87660293,356.814,ok,,Fast engineering baseline; not the original patchwise NLM runtime.
bsd68,test002,481,321,15,577355839,NLM_IPOL_Like,skimage.denoise_nl_means(fast_mode=False) with IPOL grayscale parameter schedule,28.447105,0.75461293,2907.01,ok,,Closer to IPOL patchwise parameters; can be very slow.
bsd68,test002,481,321,15,577355839,BM3D_TAU,"bm3d.bm3d(noisy_float01, sigma_psd=sigma/255)",31.298019,0.91330964,1398.024,ok,,Reference classical upper baseline for AWGN.
bsd68,test002,481,321,20,2255603316,Noisy,"clean + AWGN, clipped to [0,1]",22.794293,0.42559836,0.0,ok,,same noisy image reused for all methods
bsd68,test002,481,321,20,2255603316,Gaussian_SciPy,"scipy.ndimage.gaussian_filter(sigma_filter=1.5, reflect)",25.718311,0.7577099,3.247,ok,,Optimized replacement for Python-loop Gaussian filter.
bsd68,test002,481,321,20,2255603316,Median_SciPy,"scipy.ndimage.median_filter(size=3, reflect)",26.929073,0.66260907,15.478,ok,,Optimized replacement for Python-loop median filter.
bsd68,test002,481,321,20,2255603316,NLM_Skimage_Fast,"skimage.denoise_nl_means(fast_mode=True, h=0.8*sigma, sigma=known_sigma)",28.327972,0.83598112,357.643,ok,,Fast engineering baseline; not the original patchwise NLM runtime.
bsd68,test002,481,321,20,2255603316,NLM_IPOL_Like,skimage.denoise_nl_means(fast_mode=False) with IPOL grayscale parameter schedule,27.735827,0.78117033,4351.531,ok,,Closer to IPOL patchwise parameters; can be very slow.
bsd68,test002,481,321,20,2255603316,BM3D_TAU,"bm3d.bm3d(noisy_float01, sigma_psd=sigma/255)",29.570216,0.88422391,1392.814,ok,,Reference classical upper baseline for AWGN.
bsd68,test002,481,321,25,2424597564,Noisy,"clean + AWGN, clipped to [0,1]",20.906903,0.34984999,0.0,ok,,same noisy image reused for all methods
bsd68,test002,481,321,25,2424597564,Gaussian_SciPy,"scipy.ndimage.gaussian_filter(sigma_filter=1.5, reflect)",25.302187,0.73312392,2.458,ok,,Optimized replacement for Python-loop Gaussian filter.
bsd68,test002,481,321,25,2424597564,Median_SciPy,"scipy.ndimage.median_filter(size=3, reflect)",25.897046,0.59384813,16.172,ok,,Optimized replacement for Python-loop median filter.
bsd68,test002,481,321,25,2424597564,NLM_Skimage_Fast,"skimage.denoise_nl_means(fast_mode=True, h=0.8*sigma, sigma=known_sigma)",27.026138,0.80176383,351.796,ok,,Fast engineering baseline; not the original patchwise NLM runtime.
bsd68,test002,481,321,25,2424597564,NLM_IPOL_Like,skimage.denoise_nl_means(fast_mode=False) with IPOL grayscale parameter schedule,26.430331,0.729182,4603.771,ok,,Closer to IPOL patchwise parameters; can be very slow.
bsd68,test002,481,321,25,2424597564,BM3D_TAU,"bm3d.bm3d(noisy_float01, sigma_psd=sigma/255)",28.232658,0.85601344,1817.879,ok,,Reference classical upper baseline for AWGN.
bsd68,test002,481,321,30,32918772,Noisy,"clean + AWGN, clipped to [0,1]",19.349318,0.29170934,0.0,ok,,same noisy image reused for all methods
bsd68,test002,481,321,30,32918772,Gaussian_SciPy,"scipy.ndimage.gaussian_filter(sigma_filter=1.5, reflect)",24.837604,0.70693667,3.337,ok,,Optimized replacement for Python-loop Gaussian filter.
bsd68,test002,481,321,30,32918772,Median_SciPy,"scipy.ndimage.median_filter(size=3, reflect)",24.968219,0.53524062,18.993,ok,,Optimized replacement for Python-loop median filter.
bsd68,test002,481,321,30,32918772,NLM_Skimage_Fast,"skimage.denoise_nl_means(fast_mode=True, h=0.8*sigma, sigma=known_sigma)",25.98226,0.7719941,385.001,ok,,Fast engineering baseline; not the original patchwise NLM runtime.
bsd68,test002,481,321,30,32918772,NLM_IPOL_Like,skimage.denoise_nl_means(fast_mode=False) with IPOL grayscale parameter schedule,25.293908,0.68247123,4625.362,ok,,Closer to IPOL patchwise parameters; can be very slow.
bsd68,test002,481,321,30,32918772,BM3D_TAU,"bm3d.bm3d(noisy_float01, sigma_psd=sigma/255)",27.198423,0.83256368,1460.315,ok,,Reference classical upper baseline for AWGN.
bsd68,test002,481,321,35,3591564666,Noisy,"clean + AWGN, clipped to [0,1]",18.071753,0.24833309,0.0,ok,,same noisy image reused for all methods
bsd68,test002,481,321,35,3591564666,Gaussian_SciPy,"scipy.ndimage.gaussian_filter(sigma_filter=1.5, reflect)",24.377807,0.67772044,3.542,ok,,Optimized replacement for Python-loop Gaussian filter.
bsd68,test002,481,321,35,3591564666,Median_SciPy,"scipy.ndimage.median_filter(size=3, reflect)",24.08821,0.48015521,15.646,ok,,Optimized replacement for Python-loop median filter.
bsd68,test002,481,321,35,3591564666,NLM_Skimage_Fast,"skimage.denoise_nl_means(fast_mode=True, h=0.8*sigma, sigma=known_sigma)",25.116611,0.74592251,348.829,ok,,Fast engineering baseline; not the original patchwise NLM runtime.
bsd68,test002,481,321,35,3591564666,NLM_IPOL_Like,skimage.denoise_nl_means(fast_mode=False) with IPOL grayscale parameter schedule,25.058523,0.69329912,18799.178,ok,,Closer to IPOL patchwise parameters; can be very slow.
bsd68,test002,481,321,35,3591564666,BM3D_TAU,"bm3d.bm3d(noisy_float01, sigma_psd=sigma/255)",26.232218,0.80434682,1392.553,ok,,Reference classical upper baseline for AWGN.
bsd68,test002,481,321,40,3876141569,Noisy,"clean + AWGN, clipped to [0,1]",16.921634,0.21302235,0.0,ok,,same noisy image reused for all methods
bsd68,test002,481,321,40,3876141569,Gaussian_SciPy,"scipy.ndimage.gaussian_filter(sigma_filter=1.5, reflect)",23.82187,0.65070908,3.371,ok,,Optimized replacement for Python-loop Gaussian filter.
bsd68,test002,481,321,40,3876141569,Median_SciPy,"scipy.ndimage.median_filter(size=3, reflect)",23.159776,0.43296148,15.365,ok,,Optimized replacement for Python-loop median filter.
bsd68,test002,481,321,40,3876141569,NLM_Skimage_Fast,"skimage.denoise_nl_means(fast_mode=True, h=0.8*sigma, sigma=known_sigma)",24.247918,0.72333344,349.501,ok,,Fast engineering baseline; not the original patchwise NLM runtime.
bsd68,test002,481,321,40,3876141569,NLM_IPOL_Like,skimage.denoise_nl_means(fast_mode=False) with IPOL grayscale parameter schedule,24.190964,0.66302668,19164.718,ok,,Closer to IPOL patchwise parameters; can be very slow.
bsd68,test002,481,321,40,3876141569,BM3D_TAU,"bm3d.bm3d(noisy_float01, sigma_psd=sigma/255)",25.411501,0.78736464,1412.869,ok,,Reference classical upper baseline for AWGN.
bsd68,test002,481,321,50,2635828556,Noisy,"clean + AWGN, clipped to [0,1]",15.160812,0.16498206,0.0,ok,,same noisy image reused for all methods
bsd68,test002,481,321,50,2635828556,Gaussian_SciPy,"scipy.ndimage.gaussian_filter(sigma_filter=1.5, reflect)",22.893876,0.59797259,3.175,ok,,Optimized replacement for Python-loop Gaussian filter.
bsd68,test002,481,321,50,2635828556,Median_SciPy,"scipy.ndimage.median_filter(size=3, reflect)",21.660303,0.36024719,16.509,ok,,Optimized replacement for Python-loop median filter.
bsd68,test002,481,321,50,2635828556,NLM_Skimage_Fast,"skimage.denoise_nl_means(fast_mode=True, h=0.8*sigma, sigma=known_sigma)",22.901617,0.68348565,349.622,ok,,Fast engineering baseline; not the original patchwise NLM runtime.
bsd68,test002,481,321,50,2635828556,NLM_IPOL_Like,skimage.denoise_nl_means(fast_mode=False) with IPOL grayscale parameter schedule,23.320771,0.65902849,29788.757,ok,,Closer to IPOL patchwise parameters; can be very slow.
bsd68,test002,481,321,50,2635828556,BM3D_TAU,"bm3d.bm3d(noisy_float01, sigma_psd=sigma/255)",24.135393,0.75163492,1452.87,ok,,Reference classical upper baseline for AWGN.
bsd68,test002,481,321,75,2690005614,Noisy,"clean + AWGN, clipped to [0,1]",12.217322,0.09883577,0.0,ok,,same noisy image reused for all methods
bsd68,test002,481,321,75,2690005614,Gaussian_SciPy,"scipy.ndimage.gaussian_filter(sigma_filter=1.5, reflect)",20.640476,0.48252499,2.542,ok,,Optimized replacement for Python-loop Gaussian filter.
bsd68,test002,481,321,75,2690005614,Median_SciPy,"scipy.ndimage.median_filter(size=3, reflect)",18.734589,0.24001117,18.156,ok,,Optimized replacement for Python-loop median filter.
bsd68,test002,481,321,75,2690005614,NLM_Skimage_Fast,"skimage.denoise_nl_means(fast_mode=True, h=0.8*sigma, sigma=known_sigma)",20.275744,0.62366957,352.564,ok,,Fast engineering baseline; not the original patchwise NLM runtime.
bsd68,test002,481,321,75,2690005614,NLM_IPOL_Like,skimage.denoise_nl_means(fast_mode=False) with IPOL grayscale parameter schedule,20.497091,0.62842099,33064.406,ok,,Closer to IPOL patchwise parameters; can be very slow.
bsd68,test002,481,321,75,2690005614,BM3D_TAU,"bm3d.bm3d(noisy_float01, sigma_psd=sigma/255)",21.586285,0.68845259,1574.916,ok,,Reference classical upper baseline for AWGN.
bsd68,test003,481,321,5,2577092377,Noisy,"clean + AWGN, clipped to [0,1]",34.18433,0.8448203,0.0,ok,,same noisy image reused for all methods
bsd68,test003,481,321,5,2577092377,Gaussian_SciPy,"scipy.ndimage.gaussian_filter(sigma_filter=1.5, reflect)",24.963863,0.79805485,3.681,ok,,Optimized replacement for Python-loop Gaussian filter.
bsd68,test003,481,321,5,2577092377,Median_SciPy,"scipy.ndimage.median_filter(size=3, reflect)",27.094357,0.84900148,17.236,ok,,Optimized replacement for Python-loop median filter.
bsd68,test003,481,321,5,2577092377,NLM_Skimage_Fast,"skimage.denoise_nl_means(fast_mode=True, h=0.8*sigma, sigma=known_sigma)",37.383126,0.9495438,382.244,ok,,Fast engineering baseline; not the original patchwise NLM runtime.
bsd68,test003,481,321,5,2577092377,NLM_IPOL_Like,skimage.denoise_nl_means(fast_mode=False) with IPOL grayscale parameter schedule,,,3068.304,ok,,Closer to IPOL patchwise parameters; can be very slow.
bsd68,test003,481,321,5,2577092377,BM3D_TAU,"bm3d.bm3d(noisy_float01, sigma_psd=sigma/255)",38.209502,0.95936749,1790.972,ok,,Reference classical upper baseline for AWGN.
bsd68,test003,481,321,10,592348011,Noisy,"clean + AWGN, clipped to [0,1]",28.136464,0.6252015,0.0,ok,,same noisy image reused for all methods
bsd68,test003,481,321,10,592348011,Gaussian_SciPy,"scipy.ndimage.gaussian_filter(sigma_filter=1.5, reflect)",24.900348,0.78339145,3.629,ok,,Optimized replacement for Python-loop Gaussian filter.
bsd68,test003,481,321,10,592348011,Median_SciPy,"scipy.ndimage.median_filter(size=3, reflect)",26.622961,0.77235427,16.088,ok,,Optimized replacement for Python-loop median filter.
bsd68,test003,481,321,10,592348011,NLM_Skimage_Fast,"skimage.denoise_nl_means(fast_mode=True, h=0.8*sigma, sigma=known_sigma)",33.225067,0.90278978,348.618,ok,,Fast engineering baseline; not the original patchwise NLM runtime.
bsd68,test003,481,321,10,592348011,NLM_IPOL_Like,skimage.denoise_nl_means(fast_mode=False) with IPOL grayscale parameter schedule,30.972814,0.76844911,3339.396,ok,,Closer to IPOL patchwise parameters; can be very slow.
bsd68,test003,481,321,10,592348011,BM3D_TAU,"bm3d.bm3d(noisy_float01, sigma_psd=sigma/255)",34.278888,0.92239242,1524.791,ok,,Reference classical upper baseline for AWGN.
bsd68,test003,481,321,15,868412310,Noisy,"clean + AWGN, clipped to [0,1]",24.657527,0.48182326,0.0,ok,,same noisy image reused for all methods
bsd68,test003,481,321,15,868412310,Gaussian_SciPy,"scipy.ndimage.gaussian_filter(sigma_filter=1.5, reflect)",24.796466,0.76330939,3.539,ok,,Optimized replacement for Python-loop Gaussian filter.
bsd68,test003,481,321,15,868412310,Median_SciPy,"scipy.ndimage.median_filter(size=3, reflect)",25.940854,0.68468355,16.243,ok,,Optimized replacement for Python-loop median filter.
bsd68,test003,481,321,15,868412310,NLM_Skimage_Fast,"skimage.denoise_nl_means(fast_mode=True, h=0.8*sigma, sigma=known_sigma)",30.833086,0.86396274,347.466,ok,,Fast engineering baseline; not the original patchwise NLM runtime.
bsd68,test003,481,321,15,868412310,NLM_IPOL_Like,skimage.denoise_nl_means(fast_mode=False) with IPOL grayscale parameter schedule,28.005783,0.64237132,3480.51,ok,,Closer to IPOL patchwise parameters; can be very slow.
bsd68,test003,481,321,15,868412310,BM3D_TAU,"bm3d.bm3d(noisy_float01, sigma_psd=sigma/255)",32.107892,0.89536752,1714.029,ok,,Reference classical upper baseline for AWGN.
bsd68,test003,481,321,20,11142806,Noisy,"clean + AWGN, clipped to [0,1]",22.202805,0.38737192,0.0,ok,,same noisy image reused for all methods
bsd68,test003,481,321,20,11142806,Gaussian_SciPy,"scipy.ndimage.gaussian_filter(sigma_filter=1.5, reflect)",24.645745,0.73340143,3.237,ok,,Optimized replacement for Python-loop Gaussian filter.
bsd68,test003,481,321,20,11142806,Median_SciPy,"scipy.ndimage.median_filter(size=3, reflect)",25.212314,0.59923744,17.035,ok,,Optimized replacement for Python-loop median filter.
bsd68,test003,481,321,20,11142806,NLM_Skimage_Fast,"skimage.denoise_nl_means(fast_mode=True, h=0.8*sigma, sigma=known_sigma)",29.09249,0.82691937,377.245,ok,,Fast engineering baseline; not the original patchwise NLM runtime.
bsd68,test003,481,321,20,11142806,NLM_IPOL_Like,skimage.denoise_nl_means(fast_mode=False) with IPOL grayscale parameter schedule,27.825517,0.68160802,5195.646,ok,,Closer to IPOL patchwise parameters; can be very slow.
bsd68,test003,481,321,20,11142806,BM3D_TAU,"bm3d.bm3d(noisy_float01, sigma_psd=sigma/255)",30.64921,0.8706519,1761.998,ok,,Reference classical upper baseline for AWGN.
bsd68,test003,481,321,25,1202500896,Noisy,"clean + AWGN, clipped to [0,1]",20.313086,0.32287909,0.0,ok,,same noisy image reused for all methods
bsd68,test003,481,321,25,1202500896,Gaussian_SciPy,"scipy.ndimage.gaussian_filter(sigma_filter=1.5, reflect)",24.480452,0.70450688,1.978,ok,,Optimized replacement for Python-loop Gaussian filter.
bsd68,test003,481,321,25,1202500896,Median_SciPy,"scipy.ndimage.median_filter(size=3, reflect)",24.417198,0.52787588,17.996,ok,,Optimized replacement for Python-loop median filter.
bsd68,test003,481,321,25,1202500896,NLM_Skimage_Fast,"skimage.denoise_nl_means(fast_mode=True, h=0.8*sigma, sigma=known_sigma)",27.737104,0.79268292,349.808,ok,,Fast engineering baseline; not the original patchwise NLM runtime.
bsd68,test003,481,321,25,1202500896,NLM_IPOL_Like,skimage.denoise_nl_means(fast_mode=False) with IPOL grayscale parameter schedule,26.474323,0.60983342,4488.489,ok,,Closer to IPOL patchwise parameters; can be very slow.
bsd68,test003,481,321,25,1202500896,BM3D_TAU,"bm3d.bm3d(noisy_float01, sigma_psd=sigma/255)",29.442536,0.8490684,1469.991,ok,,Reference classical upper baseline for AWGN.
bsd68,test003,481,321,30,2280236638,Noisy,"clean + AWGN, clipped to [0,1]",18.783607,0.27556431,0.0,ok,,same noisy image reused for all methods
bsd68,test003,481,321,30,2280236638,Gaussian_SciPy,"scipy.ndimage.gaussian_filter(sigma_filter=1.5, reflect)",24.271904,0.67204344,2.613,ok,,Optimized replacement for Python-loop Gaussian filter.
bsd68,test003,481,321,30,2280236638,Median_SciPy,"scipy.ndimage.median_filter(size=3, reflect)",23.571954,0.46534969,16.331,ok,,Optimized replacement for Python-loop median filter.
bsd68,test003,481,321,30,2280236638,NLM_Skimage_Fast,"skimage.denoise_nl_means(fast_mode=True, h=0.8*sigma, sigma=known_sigma)",26.665851,0.7636116,354.444,ok,,Fast engineering baseline; not the original patchwise NLM runtime.
bsd68,test003,481,321,30,2280236638,NLM_IPOL_Like,skimage.denoise_nl_means(fast_mode=False) with IPOL grayscale parameter schedule,25.428106,0.55240668,4501.509,ok,,Closer to IPOL patchwise parameters; can be very slow.
bsd68,test003,481,321,30,2280236638,BM3D_TAU,"bm3d.bm3d(noisy_float01, sigma_psd=sigma/255)",28.5135,0.82872537,1454.066,ok,,Reference classical upper baseline for AWGN.
bsd68,test003,481,321,35,404962221,Noisy,"clean + AWGN, clipped to [0,1]",17.520977,0.24006584,0.0,ok,,same noisy image reused for all methods
bsd68,test003,481,321,35,404962221,Gaussian_SciPy,"scipy.ndimage.gaussian_filter(sigma_filter=1.5, reflect)",24.014968,0.63876322,2.865,ok,,Optimized replacement for Python-loop Gaussian filter.
bsd68,test003,481,321,35,404962221,Median_SciPy,"scipy.ndimage.median_filter(size=3, reflect)",22.764293,0.4123414,17.136,ok,,Optimized replacement for Python-loop median filter.
bsd68,test003,481,321,35,404962221,NLM_Skimage_Fast,"skimage.denoise_nl_means(fast_mode=True, h=0.8*sigma, sigma=known_sigma)",25.768649,0.73702201,373.115,ok,,Fast engineering baseline; not the original patchwise NLM runtime.
bsd68,test003,481,321,35,404962221,NLM_IPOL_Like,skimage.denoise_nl_means(fast_mode=False) with IPOL grayscale parameter schedule,25.531784,0.61162225,18885.625,ok,,Closer to IPOL patchwise parameters; can be very slow.
bsd68,test003,481,321,35,404962221,BM3D_TAU,"bm3d.bm3d(noisy_float01, sigma_psd=sigma/255)",27.738849,0.81171902,1435.073,ok,,Reference classical upper baseline for AWGN.
bsd68,test003,481,321,40,1139593493,Noisy,"clean + AWGN, clipped to [0,1]",16.438906,0.21139521,0.0,ok,,same noisy image reused for all methods
bsd68,test003,481,321,40,1139593493,Gaussian_SciPy,"scipy.ndimage.gaussian_filter(sigma_filter=1.5, reflect)",23.780724,0.60666407,2.633,ok,,Optimized replacement for Python-loop Gaussian filter.
bsd68,test003,481,321,40,1139593493,Median_SciPy,"scipy.ndimage.median_filter(size=3, reflect)",22.034375,0.37171104,17.129,ok,,Optimized replacement for Python-loop median filter.
bsd68,test003,481,321,40,1139593493,NLM_Skimage_Fast,"skimage.denoise_nl_means(fast_mode=True, h=0.8*sigma, sigma=known_sigma)",24.98783,0.71218093,360.906,ok,,Fast engineering baseline; not the original patchwise NLM runtime.
bsd68,test003,481,321,40,1139593493,NLM_IPOL_Like,skimage.denoise_nl_means(fast_mode=False) with IPOL grayscale parameter schedule,24.964499,0.58012758,19223.68,ok,,Closer to IPOL patchwise parameters; can be very slow.
bsd68,test003,481,321,40,1139593493,BM3D_TAU,"bm3d.bm3d(noisy_float01, sigma_psd=sigma/255)",27.100818,0.79222315,1658.049,ok,,Reference classical upper baseline for AWGN.
bsd68,test003,481,321,50,284655358,Noisy,"clean + AWGN, clipped to [0,1]",14.769457,0.17025472,0.0,ok,,same noisy image reused for all methods
bsd68,test003,481,321,50,284655358,Gaussian_SciPy,"scipy.ndimage.gaussian_filter(sigma_filter=1.5, reflect)",23.263588,0.55475701,2.406,ok,,Optimized replacement for Python-loop Gaussian filter.
bsd68,test003,481,321,50,284655358,Median_SciPy,"scipy.ndimage.median_filter(size=3, reflect)",20.701486,0.30529157,17.049,ok,,Optimized replacement for Python-loop median filter.
bsd68,test003,481,321,50,284655358,NLM_Skimage_Fast,"skimage.denoise_nl_means(fast_mode=True, h=0.8*sigma, sigma=known_sigma)",23.618462,0.67261868,358.445,ok,,Fast engineering baseline; not the original patchwise NLM runtime.
bsd68,test003,481,321,50,284655358,NLM_IPOL_Like,skimage.denoise_nl_means(fast_mode=False) with IPOL grayscale parameter schedule,24.709052,0.64413606,29570.604,ok,,Closer to IPOL patchwise parameters; can be very slow.
bsd68,test003,481,321,50,284655358,BM3D_TAU,"bm3d.bm3d(noisy_float01, sigma_psd=sigma/255)",25.894978,0.76275642,1450.957,ok,,Reference classical upper baseline for AWGN.
bsd68,test003,481,321,75,1009038815,Noisy,"clean + AWGN, clipped to [0,1]",11.928199,0.11066259,0.0,ok,,same noisy image reused for all methods
bsd68,test003,481,321,75,1009038815,Gaussian_SciPy,"scipy.ndimage.gaussian_filter(sigma_filter=1.5, reflect)",21.698172,0.44632912,2.715,ok,,Optimized replacement for Python-loop Gaussian filter.
bsd68,test003,481,321,75,1009038815,Median_SciPy,"scipy.ndimage.median_filter(size=3, reflect)",17.890595,0.20762651,16.736,ok,,Optimized replacement for Python-loop median filter.
bsd68,test003,481,321,75,1009038815,NLM_Skimage_Fast,"skimage.denoise_nl_means(fast_mode=True, h=0.8*sigma, sigma=known_sigma)",21.054796,0.5996321,350.075,ok,,Fast engineering baseline; not the original patchwise NLM runtime.
bsd68,test003,481,321,75,1009038815,NLM_IPOL_Like,skimage.denoise_nl_means(fast_mode=False) with IPOL grayscale parameter schedule,21.83023,0.62337809,34534.29,ok,,Closer to IPOL patchwise parameters; can be very slow.
bsd68,test003,481,321,75,1009038815,BM3D_TAU,"bm3d.bm3d(noisy_float01, sigma_psd=sigma/255)",23.588773,0.70156402,1696.551,ok,,Reference classical upper baseline for AWGN.
bsd68,test004,321,481,5,2805281029,Noisy,"clean + AWGN, clipped to [0,1]",34.165647,0.88325216,0.0,ok,,same noisy image reused for all methods
bsd68,test004,321,481,5,2805281029,Gaussian_SciPy,"scipy.ndimage.gaussian_filter(sigma_filter=1.5, reflect)",29.150408,0.85147227,3.109,ok,,Optimized replacement for Python-loop Gaussian filter.
bsd68,test004,321,481,5,2805281029,Median_SciPy,"scipy.ndimage.median_filter(size=3, reflect)",31.938484,0.91369889,18.514,ok,,Optimized replacement for Python-loop median filter.
bsd68,test004,321,481,5,2805281029,NLM_Skimage_Fast,"skimage.denoise_nl_means(fast_mode=True, h=0.8*sigma, sigma=known_sigma)",37.729092,0.96042393,437.891,ok,,Fast engineering baseline; not the original patchwise NLM runtime.
bsd68,test004,321,481,5,2805281029,NLM_IPOL_Like,skimage.denoise_nl_means(fast_mode=False) with IPOL grayscale parameter schedule,,,3539.726,ok,,Closer to IPOL patchwise parameters; can be very slow.
bsd68,test004,321,481,5,2805281029,BM3D_TAU,"bm3d.bm3d(noisy_float01, sigma_psd=sigma/255)",39.074089,0.97175034,5257.218,ok,,Reference classical upper baseline for AWGN.
bsd68,test004,321,481,10,4012490489,Noisy,"clean + AWGN, clipped to [0,1]",28.125071,0.68568004,0.0,ok,,same noisy image reused for all methods
bsd68,test004,321,481,10,4012490489,Gaussian_SciPy,"scipy.ndimage.gaussian_filter(sigma_filter=1.5, reflect)",28.994721,0.84020241,4.463,ok,,Optimized replacement for Python-loop Gaussian filter.
bsd68,test004,321,481,10,4012490489,Median_SciPy,"scipy.ndimage.median_filter(size=3, reflect)",30.612716,0.85273873,24.572,ok,,Optimized replacement for Python-loop median filter.
bsd68,test004,321,481,10,4012490489,NLM_Skimage_Fast,"skimage.denoise_nl_means(fast_mode=True, h=0.8*sigma, sigma=known_sigma)",33.358473,0.90362296,546.53,ok,,Fast engineering baseline; not the original patchwise NLM runtime.
bsd68,test004,321,481,10,4012490489,NLM_IPOL_Like,skimage.denoise_nl_means(fast_mode=False) with IPOL grayscale parameter schedule,30.6122,0.79019817,4422.519,ok,,Closer to IPOL patchwise parameters; can be very slow.
bsd68,test004,321,481,10,4012490489,BM3D_TAU,"bm3d.bm3d(noisy_float01, sigma_psd=sigma/255)",35.137568,0.93778873,3179.995,ok,,Reference classical upper baseline for AWGN.
bsd68,test004,321,481,15,1356301278,Noisy,"clean + AWGN, clipped to [0,1]",24.602496,0.5260274,0.0,ok,,same noisy image reused for all methods
bsd68,test004,321,481,15,1356301278,Gaussian_SciPy,"scipy.ndimage.gaussian_filter(sigma_filter=1.5, reflect)",28.78017,0.82418506,4.935,ok,,Optimized replacement for Python-loop Gaussian filter.
bsd68,test004,321,481,15,1356301278,Median_SciPy,"scipy.ndimage.median_filter(size=3, reflect)",29.184029,0.77824107,19.957,ok,,Optimized replacement for Python-loop median filter.
bsd68,test004,321,481,15,1356301278,NLM_Skimage_Fast,"skimage.denoise_nl_means(fast_mode=True, h=0.8*sigma, sigma=known_sigma)",30.974759,0.84704189,575.374,ok,,Fast engineering baseline; not the original patchwise NLM runtime.
bsd68,test004,321,481,15,1356301278,NLM_IPOL_Like,skimage.denoise_nl_means(fast_mode=False) with IPOL grayscale parameter schedule,27.614855,0.66174061,4208.136,ok,,Closer to IPOL patchwise parameters; can be very slow.
bsd68,test004,321,481,15,1356301278,BM3D_TAU,"bm3d.bm3d(noisy_float01, sigma_psd=sigma/255)",32.938944,0.90368389,1936.892,ok,,Reference classical upper baseline for AWGN.
bsd68,test004,321,481,20,1950097094,Noisy,"clean + AWGN, clipped to [0,1]",22.115938,0.41083037,0.0,ok,,same noisy image reused for all methods
bsd68,test004,321,481,20,1950097094,Gaussian_SciPy,"scipy.ndimage.gaussian_filter(sigma_filter=1.5, reflect)",28.447367,0.80287403,1.636,ok,,Optimized replacement for Python-loop Gaussian filter.
bsd68,test004,321,481,20,1950097094,Median_SciPy,"scipy.ndimage.median_filter(size=3, reflect)",27.716128,0.69959086,18.411,ok,,Optimized replacement for Python-loop median filter.
bsd68,test004,321,481,20,1950097094,NLM_Skimage_Fast,"skimage.denoise_nl_means(fast_mode=True, h=0.8*sigma, sigma=known_sigma)",29.34415,0.79540252,522.464,ok,,Fast engineering baseline; not the original patchwise NLM runtime.
bsd68,test004,321,481,20,1950097094,NLM_IPOL_Like,skimage.denoise_nl_means(fast_mode=False) with IPOL grayscale parameter schedule,27.814915,0.68908168,5904.209,ok,,Closer to IPOL patchwise parameters; can be very slow.
bsd68,test004,321,481,20,1950097094,BM3D_TAU,"bm3d.bm3d(noisy_float01, sigma_psd=sigma/255)",31.457079,0.87180175,1740.59,ok,,Reference classical upper baseline for AWGN.
bsd68,test004,321,481,25,3160611480,Noisy,"clean + AWGN, clipped to [0,1]",20.236831,0.32966266,0.0,ok,,same noisy image reused for all methods
bsd68,test004,321,481,25,3160611480,Gaussian_SciPy,"scipy.ndimage.gaussian_filter(sigma_filter=1.5, reflect)",28.117232,0.77805157,2.676,ok,,Optimized replacement for Python-loop Gaussian filter.
bsd68,test004,321,481,25,3160611480,Median_SciPy,"scipy.ndimage.median_filter(size=3, reflect)",26.391653,0.62209705,17.591,ok,,Optimized replacement for Python-loop median filter.
bsd68,test004,321,481,25,3160611480,NLM_Skimage_Fast,"skimage.denoise_nl_means(fast_mode=True, h=0.8*sigma, sigma=known_sigma)",28.22322,0.75121092,434.175,ok,,Fast engineering baseline; not the original patchwise NLM runtime.
bsd68,test004,321,481,25,3160611480,NLM_IPOL_Like,skimage.denoise_nl_means(fast_mode=False) with IPOL grayscale parameter schedule,26.578724,0.61689732,6358.133,ok,,Closer to IPOL patchwise parameters; can be very slow.
bsd68,test004,321,481,25,3160611480,BM3D_TAU,"bm3d.bm3d(noisy_float01, sigma_psd=sigma/255)",30.353559,0.83962767,1600.87,ok,,Reference classical upper baseline for AWGN.
bsd68,test004,321,481,30,3346009085,Noisy,"clean + AWGN, clipped to [0,1]",18.692435,0.26858693,0.0,ok,,same noisy image reused for all methods
bsd68,test004,321,481,30,3346009085,Gaussian_SciPy,"scipy.ndimage.gaussian_filter(sigma_filter=1.5, reflect)",27.643387,0.74696515,3.243,ok,,Optimized replacement for Python-loop Gaussian filter.
bsd68,test004,321,481,30,3346009085,Median_SciPy,"scipy.ndimage.median_filter(size=3, reflect)",25.188634,0.55562761,16.38,ok,,Optimized replacement for Python-loop median filter.
bsd68,test004,321,481,30,3346009085,NLM_Skimage_Fast,"skimage.denoise_nl_means(fast_mode=True, h=0.8*sigma, sigma=known_sigma)",27.296924,0.71065074,439.984,ok,,Fast engineering baseline; not the original patchwise NLM runtime.
bsd68,test004,321,481,30,3346009085,NLM_IPOL_Like,skimage.denoise_nl_means(fast_mode=False) with IPOL grayscale parameter schedule,25.489003,0.55470069,4982.712,ok,,Closer to IPOL patchwise parameters; can be very slow.
bsd68,test004,321,481,30,3346009085,BM3D_TAU,"bm3d.bm3d(noisy_float01, sigma_psd=sigma/255)",29.385209,0.80737048,1506.09,ok,,Reference classical upper baseline for AWGN.
bsd68,test004,321,481,35,703477044,Noisy,"clean + AWGN, clipped to [0,1]",17.445565,0.22445665,0.0,ok,,same noisy image reused for all methods
bsd68,test004,321,481,35,703477044,Gaussian_SciPy,"scipy.ndimage.gaussian_filter(sigma_filter=1.5, reflect)",27.248629,0.72106023,3.022,ok,,Optimized replacement for Python-loop Gaussian filter.
bsd68,test004,321,481,35,703477044,Median_SciPy,"scipy.ndimage.median_filter(size=3, reflect)",24.160417,0.49983809,19.414,ok,,Optimized replacement for Python-loop median filter.
bsd68,test004,321,481,35,703477044,NLM_Skimage_Fast,"skimage.denoise_nl_means(fast_mode=True, h=0.8*sigma, sigma=known_sigma)",26.61211,0.68065308,411.864,ok,,Fast engineering baseline; not the original patchwise NLM runtime.
bsd68,test004,321,481,35,703477044,NLM_IPOL_Like,skimage.denoise_nl_means(fast_mode=False) with IPOL grayscale parameter schedule,25.901017,0.59914106,19107.243,ok,,Closer to IPOL patchwise parameters; can be very slow.
bsd68,test004,321,481,35,703477044,BM3D_TAU,"bm3d.bm3d(noisy_float01, sigma_psd=sigma/255)",28.758575,0.78681672,1443.113,ok,,Reference classical upper baseline for AWGN.
bsd68,test004,321,481,40,573339654,Noisy,"clean + AWGN, clipped to [0,1]",16.365188,0.18967237,0.0,ok,,same noisy image reused for all methods
bsd68,test004,321,481,40,573339654,Gaussian_SciPy,"scipy.ndimage.gaussian_filter(sigma_filter=1.5, reflect)",26.809656,0.69663358,3.642,ok,,Optimized replacement for Python-loop Gaussian filter.
bsd68,test004,321,481,40,573339654,Median_SciPy,"scipy.ndimage.median_filter(size=3, reflect)",23.172683,0.44695214,15.741,ok,,Optimized replacement for Python-loop median filter.
bsd68,test004,321,481,40,573339654,NLM_Skimage_Fast,"skimage.denoise_nl_means(fast_mode=True, h=0.8*sigma, sigma=known_sigma)",25.919466,0.64940877,355.482,ok,,Fast engineering baseline; not the original patchwise NLM runtime.
bsd68,test004,321,481,40,573339654,NLM_IPOL_Like,skimage.denoise_nl_means(fast_mode=False) with IPOL grayscale parameter schedule,25.238905,0.56156115,19764.98,ok,,Closer to IPOL patchwise parameters; can be very slow.
bsd68,test004,321,481,40,573339654,BM3D_TAU,"bm3d.bm3d(noisy_float01, sigma_psd=sigma/255)",28.087646,0.76083329,1384.181,ok,,Reference classical upper baseline for AWGN.
bsd68,test004,321,481,50,2640969476,Noisy,"clean + AWGN, clipped to [0,1]",14.653515,0.1416458,0.0,ok,,same noisy image reused for all methods
bsd68,test004,321,481,50,2640969476,Gaussian_SciPy,"scipy.ndimage.gaussian_filter(sigma_filter=1.5, reflect)",25.823088,0.63714027,2.986,ok,,Optimized replacement for Python-loop Gaussian filter.
bsd68,test004,321,481,50,2640969476,Median_SciPy,"scipy.ndimage.median_filter(size=3, reflect)",21.415389,0.36009725,17.078,ok,,Optimized replacement for Python-loop median filter.
bsd68,test004,321,481,50,2640969476,NLM_Skimage_Fast,"skimage.denoise_nl_means(fast_mode=True, h=0.8*sigma, sigma=known_sigma)",24.898158,0.60360728,356.196,ok,,Fast engineering baseline; not the original patchwise NLM runtime.
bsd68,test004,321,481,50,2640969476,NLM_IPOL_Like,skimage.denoise_nl_means(fast_mode=False) with IPOL grayscale parameter schedule,25.0026,0.57755869,30675.283,ok,,Closer to IPOL patchwise parameters; can be very slow.
bsd68,test004,321,481,50,2640969476,BM3D_TAU,"bm3d.bm3d(noisy_float01, sigma_psd=sigma/255)",27.103257,0.72200024,1486.817,ok,,Reference classical upper baseline for AWGN.
bsd68,test004,321,481,75,3774477075,Noisy,"clean + AWGN, clipped to [0,1]",11.86495,0.08200643,0.0,ok,,same noisy image reused for all methods
bsd68,test004,321,481,75,3774477075,Gaussian_SciPy,"scipy.ndimage.gaussian_filter(sigma_filter=1.5, reflect)",23.517672,0.51824685,2.815,ok,,Optimized replacement for Python-loop Gaussian filter.
bsd68,test004,321,481,75,3774477075,Median_SciPy,"scipy.ndimage.median_filter(size=3, reflect)",18.279174,0.2294058,16.428,ok,,Optimized replacement for Python-loop median filter.
bsd68,test004,321,481,75,3774477075,NLM_Skimage_Fast,"skimage.denoise_nl_means(fast_mode=True, h=0.8*sigma, sigma=known_sigma)",22.823877,0.5273978,368.868,ok,,Fast engineering baseline; not the original patchwise NLM runtime.
bsd68,test004,321,481,75,3774477075,NLM_IPOL_Like,skimage.denoise_nl_means(fast_mode=False) with IPOL grayscale parameter schedule,22.509252,0.51168645,32898.475,ok,,Closer to IPOL patchwise parameters; can be very slow.
bsd68,test004,321,481,75,3774477075,BM3D_TAU,"bm3d.bm3d(noisy_float01, sigma_psd=sigma/255)",24.937678,0.64326544,2456.039,ok,,Reference classical upper baseline for AWGN.
bsd68,test005,321,481,5,3504396548,Noisy,"clean + AWGN, clipped to [0,1]",34.573878,0.9313012,0.0,ok,,same noisy image reused for all methods
bsd68,test005,321,481,5,3504396548,Gaussian_SciPy,"scipy.ndimage.gaussian_filter(sigma_filter=1.5, reflect)",25.097159,0.73298173,2.966,ok,,Optimized replacement for Python-loop Gaussian filter.
bsd68,test005,321,481,5,3504396548,Median_SciPy,"scipy.ndimage.median_filter(size=3, reflect)",27.496708,0.84728454,16.356,ok,,Optimized replacement for Python-loop median filter.
bsd68,test005,321,481,5,3504396548,NLM_Skimage_Fast,"skimage.denoise_nl_means(fast_mode=True, h=0.8*sigma, sigma=known_sigma)",35.776342,0.96716086,274.621,ok,,Fast engineering baseline; not the original patchwise NLM runtime.
bsd68,test005,321,481,5,3504396548,NLM_IPOL_Like,skimage.denoise_nl_means(fast_mode=False) with IPOL grayscale parameter schedule,,,2544.421,ok,,Closer to IPOL patchwise parameters; can be very slow.
bsd68,test005,321,481,5,3504396548,BM3D_TAU,"bm3d.bm3d(noisy_float01, sigma_psd=sigma/255)",36.584003,0.97493457,1334.037,ok,,Reference classical upper baseline for AWGN.
bsd68,test005,321,481,10,2295461708,Noisy,"clean + AWGN, clipped to [0,1]",28.642126,0.80099251,0.0,ok,,same noisy image reused for all methods
bsd68,test005,321,481,10,2295461708,Gaussian_SciPy,"scipy.ndimage.gaussian_filter(sigma_filter=1.5, reflect)",24.995164,0.72669005,3.035,ok,,Optimized replacement for Python-loop Gaussian filter.
bsd68,test005,321,481,10,2295461708,Median_SciPy,"scipy.ndimage.median_filter(size=3, reflect)",26.969156,0.81034532,15.696,ok,,Optimized replacement for Python-loop median filter.
bsd68,test005,321,481,10,2295461708,NLM_Skimage_Fast,"skimage.denoise_nl_means(fast_mode=True, h=0.8*sigma, sigma=known_sigma)",30.788379,0.90169173,326.748,ok,,Fast engineering baseline; not the original patchwise NLM runtime.
bsd68,test005,321,481,10,2295461708,NLM_IPOL_Like,skimage.denoise_nl_means(fast_mode=False) with IPOL grayscale parameter schedule,30.223855,0.88574313,2600.55,ok,,Closer to IPOL patchwise parameters; can be very slow.
bsd68,test005,321,481,10,2295461708,BM3D_TAU,"bm3d.bm3d(noisy_float01, sigma_psd=sigma/255)",31.972924,0.9343357,1358.103,ok,,Reference classical upper baseline for AWGN.
bsd68,test005,321,481,15,3310054619,Noisy,"clean + AWGN, clipped to [0,1]",25.184896,0.67428284,0.0,ok,,same noisy image reused for all methods
bsd68,test005,321,481,15,3310054619,Gaussian_SciPy,"scipy.ndimage.gaussian_filter(sigma_filter=1.5, reflect)",24.807496,0.71548792,1.679,ok,,Optimized replacement for Python-loop Gaussian filter.
bsd68,test005,321,481,15,3310054619,Median_SciPy,"scipy.ndimage.median_filter(size=3, reflect)",26.270344,0.76085205,16.997,ok,,Optimized replacement for Python-loop median filter.
bsd68,test005,321,481,15,3310054619,NLM_Skimage_Fast,"skimage.denoise_nl_means(fast_mode=True, h=0.8*sigma, sigma=known_sigma)",28.112988,0.82930062,353.101,ok,,Fast engineering baseline; not the original patchwise NLM runtime.
bsd68,test005,321,481,15,3310054619,NLM_IPOL_Like,skimage.denoise_nl_means(fast_mode=False) with IPOL grayscale parameter schedule,27.331672,0.80500353,2729.533,ok,,Closer to IPOL patchwise parameters; can be very slow.
bsd68,test005,321,481,15,3310054619,BM3D_TAU,"bm3d.bm3d(noisy_float01, sigma_psd=sigma/255)",29.459524,0.88596372,1336.042,ok,,Reference classical upper baseline for AWGN.
bsd68,test005,321,481,20,2702396205,Noisy,"clean + AWGN, clipped to [0,1]",22.753127,0.56834986,0.0,ok,,same noisy image reused for all methods
bsd68,test005,321,481,20,2702396205,Gaussian_SciPy,"scipy.ndimage.gaussian_filter(sigma_filter=1.5, reflect)",24.582987,0.70210009,2.807,ok,,Optimized replacement for Python-loop Gaussian filter.
bsd68,test005,321,481,20,2702396205,Median_SciPy,"scipy.ndimage.median_filter(size=3, reflect)",25.519377,0.70888755,18.033,ok,,Optimized replacement for Python-loop median filter.
bsd68,test005,321,481,20,2702396205,NLM_Skimage_Fast,"skimage.denoise_nl_means(fast_mode=True, h=0.8*sigma, sigma=known_sigma)",26.324625,0.76416433,366.603,ok,,Fast engineering baseline; not the original patchwise NLM runtime.
bsd68,test005,321,481,20,2702396205,NLM_IPOL_Like,skimage.denoise_nl_means(fast_mode=False) with IPOL grayscale parameter schedule,26.252481,0.7967887,4172.757,ok,,Closer to IPOL patchwise parameters; can be very slow.
bsd68,test005,321,481,20,2702396205,BM3D_TAU,"bm3d.bm3d(noisy_float01, sigma_psd=sigma/255)",27.695306,0.83564743,1375.276,ok,,Reference classical upper baseline for AWGN.
bsd68,test005,321,481,25,566042030,Noisy,"clean + AWGN, clipped to [0,1]",20.861739,0.48173803,0.0,ok,,same noisy image reused for all methods
bsd68,test005,321,481,25,566042030,Gaussian_SciPy,"scipy.ndimage.gaussian_filter(sigma_filter=1.5, reflect)",24.317516,0.68738497,2.129,ok,,Optimized replacement for Python-loop Gaussian filter.
bsd68,test005,321,481,25,566042030,Median_SciPy,"scipy.ndimage.median_filter(size=3, reflect)",24.750733,0.65936652,15.142,ok,,Optimized replacement for Python-loop median filter.
bsd68,test005,321,481,25,566042030,NLM_Skimage_Fast,"skimage.denoise_nl_means(fast_mode=True, h=0.8*sigma, sigma=known_sigma)",25.17618,0.71449953,371.584,ok,,Fast engineering baseline; not the original patchwise NLM runtime.
bsd68,test005,321,481,25,566042030,NLM_IPOL_Like,skimage.denoise_nl_means(fast_mode=False) with IPOL grayscale parameter schedule,25.096731,0.74535433,4322.651,ok,,Closer to IPOL patchwise parameters; can be very slow.
bsd68,test005,321,481,25,566042030,BM3D_TAU,"bm3d.bm3d(noisy_float01, sigma_psd=sigma/255)",26.476808,0.79072931,1453.623,ok,,Reference classical upper baseline for AWGN.
bsd68,test005,321,481,30,797042337,Noisy,"clean + AWGN, clipped to [0,1]",19.355118,0.41329984,0.0,ok,,same noisy image reused for all methods
bsd68,test005,321,481,30,797042337,Gaussian_SciPy,"scipy.ndimage.gaussian_filter(sigma_filter=1.5, reflect)",23.957589,0.67093282,2.605,ok,,Optimized replacement for Python-loop Gaussian filter.
bsd68,test005,321,481,30,797042337,Median_SciPy,"scipy.ndimage.median_filter(size=3, reflect)",23.974364,0.60882141,16.655,ok,,Optimized replacement for Python-loop median filter.
bsd68,test005,321,481,30,797042337,NLM_Skimage_Fast,"skimage.denoise_nl_means(fast_mode=True, h=0.8*sigma, sigma=known_sigma)",24.130293,0.66681124,361.247,ok,,Fast engineering baseline; not the original patchwise NLM runtime.
bsd68,test005,321,481,30,797042337,NLM_IPOL_Like,skimage.denoise_nl_means(fast_mode=False) with IPOL grayscale parameter schedule,24.131718,0.699199,4536.213,ok,,Closer to IPOL patchwise parameters; can be very slow.
bsd68,test005,321,481,30,797042337,BM3D_TAU,"bm3d.bm3d(noisy_float01, sigma_psd=sigma/255)",25.420928,0.75098413,1415.613,ok,,Reference classical upper baseline for AWGN.
bsd68,test005,321,481,35,2683645892,Noisy,"clean + AWGN, clipped to [0,1]",18.082052,0.35607337,0.0,ok,,same noisy image reused for all methods
bsd68,test005,321,481,35,2683645892,Gaussian_SciPy,"scipy.ndimage.gaussian_filter(sigma_filter=1.5, reflect)",23.638409,0.65364458,3.115,ok,,Optimized replacement for Python-loop Gaussian filter.
bsd68,test005,321,481,35,2683645892,Median_SciPy,"scipy.ndimage.median_filter(size=3, reflect)",23.27641,0.56478373,17.082,ok,,Optimized replacement for Python-loop median filter.
bsd68,test005,321,481,35,2683645892,NLM_Skimage_Fast,"skimage.denoise_nl_means(fast_mode=True, h=0.8*sigma, sigma=known_sigma)",23.369608,0.62872317,362.659,ok,,Fast engineering baseline; not the original patchwise NLM runtime.
bsd68,test005,321,481,35,2683645892,NLM_IPOL_Like,skimage.denoise_nl_means(fast_mode=False) with IPOL grayscale parameter schedule,23.649941,0.67364724,18059.756,ok,,Closer to IPOL patchwise parameters; can be very slow.
bsd68,test005,321,481,35,2683645892,BM3D_TAU,"bm3d.bm3d(noisy_float01, sigma_psd=sigma/255)",24.674374,0.71350994,1402.785,ok,,Reference classical upper baseline for AWGN.
bsd68,test005,321,481,40,1826930150,Noisy,"clean + AWGN, clipped to [0,1]",16.991696,0.31076679,0.0,ok,,same noisy image reused for all methods
bsd68,test005,321,481,40,1826930150,Gaussian_SciPy,"scipy.ndimage.gaussian_filter(sigma_filter=1.5, reflect)",23.205893,0.63063551,2.283,ok,,Optimized replacement for Python-loop Gaussian filter.
bsd68,test005,321,481,40,1826930150,Median_SciPy,"scipy.ndimage.median_filter(size=3, reflect)",22.497616,0.52124585,15.444,ok,,Optimized replacement for Python-loop median filter.
bsd68,test005,321,481,40,1826930150,NLM_Skimage_Fast,"skimage.denoise_nl_means(fast_mode=True, h=0.8*sigma, sigma=known_sigma)",22.689505,0.59657083,355.412,ok,,Fast engineering baseline; not the original patchwise NLM runtime.
bsd68,test005,321,481,40,1826930150,NLM_IPOL_Like,skimage.denoise_nl_means(fast_mode=False) with IPOL grayscale parameter schedule,22.936261,0.6415634,18535.4,ok,,Closer to IPOL patchwise parameters; can be very slow.
bsd68,test005,321,481,40,1826930150,BM3D_TAU,"bm3d.bm3d(noisy_float01, sigma_psd=sigma/255)",23.977294,0.68310137,1550.916,ok,,Reference classical upper baseline for AWGN.
bsd68,test005,321,481,50,469801893,Noisy,"clean + AWGN, clipped to [0,1]",15.217595,0.24059854,0.0,ok,,same noisy image reused for all methods
bsd68,test005,321,481,50,469801893,Gaussian_SciPy,"scipy.ndimage.gaussian_filter(sigma_filter=1.5, reflect)",22.38648,0.59458374,2.522,ok,,Optimized replacement for Python-loop Gaussian filter.
bsd68,test005,321,481,50,469801893,Median_SciPy,"scipy.ndimage.median_filter(size=3, reflect)",21.143784,0.44369394,15.964,ok,,Optimized replacement for Python-loop median filter.
bsd68,test005,321,481,50,469801893,NLM_Skimage_Fast,"skimage.denoise_nl_means(fast_mode=True, h=0.8*sigma, sigma=known_sigma)",21.5725,0.54431693,478.633,ok,,Fast engineering baseline; not the original patchwise NLM runtime.
bsd68,test005,321,481,50,469801893,NLM_IPOL_Like,skimage.denoise_nl_means(fast_mode=False) with IPOL grayscale parameter schedule,21.906263,0.58613161,29151.522,ok,,Closer to IPOL patchwise parameters; can be very slow.
bsd68,test005,321,481,50,469801893,BM3D_TAU,"bm3d.bm3d(noisy_float01, sigma_psd=sigma/255)",22.826511,0.63541799,1348.864,ok,,Reference classical upper baseline for AWGN.
bsd68,test005,321,481,75,1227729407,Noisy,"clean + AWGN, clipped to [0,1]",12.280978,0.14559687,0.0,ok,,same noisy image reused for all methods
bsd68,test005,321,481,75,1227729407,Gaussian_SciPy,"scipy.ndimage.gaussian_filter(sigma_filter=1.5, reflect)",20.289245,0.50425595,2.388,ok,,Optimized replacement for Python-loop Gaussian filter.
bsd68,test005,321,481,75,1227729407,Median_SciPy,"scipy.ndimage.median_filter(size=3, reflect)",18.458599,0.31733763,16.585,ok,,Optimized replacement for Python-loop median filter.
bsd68,test005,321,481,75,1227729407,NLM_Skimage_Fast,"skimage.denoise_nl_means(fast_mode=True, h=0.8*sigma, sigma=known_sigma)",19.341891,0.45238882,351.07,ok,,Fast engineering baseline; not the original patchwise NLM runtime.
bsd68,test005,321,481,75,1227729407,NLM_IPOL_Like,skimage.denoise_nl_means(fast_mode=False) with IPOL grayscale parameter schedule,19.323307,0.47340715,31607.014,ok,,Closer to IPOL patchwise parameters; can be very slow.
bsd68,test005,321,481,75,1227729407,BM3D_TAU,"bm3d.bm3d(noisy_float01, sigma_psd=sigma/255)",20.564557,0.54522845,1361.15,ok,,Reference classical upper baseline for AWGN.
bsd68,test006,321,481,5,4201882827,Noisy,"clean + AWGN, clipped to [0,1]",34.251391,0.83278638,0.0,ok,,same noisy image reused for all methods
bsd68,test006,321,481,5,4201882827,Gaussian_SciPy,"scipy.ndimage.gaussian_filter(sigma_filter=1.5, reflect)",31.268708,0.88591059,3.077,ok,,Optimized replacement for Python-loop Gaussian filter.
bsd68,test006,321,481,5,4201882827,Median_SciPy,"scipy.ndimage.median_filter(size=3, reflect)",34.612334,0.90982663,16.183,ok,,Optimized replacement for Python-loop median filter.
bsd68,test006,321,481,5,4201882827,NLM_Skimage_Fast,"skimage.denoise_nl_means(fast_mode=True, h=0.8*sigma, sigma=known_sigma)",39.021472,0.96360753,316.022,ok,,Fast engineering baseline; not the original patchwise NLM runtime.
bsd68,test006,321,481,5,4201882827,NLM_IPOL_Like,skimage.denoise_nl_means(fast_mode=False) with IPOL grayscale parameter schedule,36.397179,0.90319361,2547.615,ok,,Closer to IPOL patchwise parameters; can be very slow.
bsd68,test006,321,481,5,4201882827,BM3D_TAU,"bm3d.bm3d(noisy_float01, sigma_psd=sigma/255)",40.377398,0.9736658,1376.969,ok,,Reference classical upper baseline for AWGN.
bsd68,test006,321,481,10,3605212817,Noisy,"clean + AWGN, clipped to [0,1]",28.387335,0.59887505,0.0,ok,,same noisy image reused for all methods
bsd68,test006,321,481,10,3605212817,Gaussian_SciPy,"scipy.ndimage.gaussian_filter(sigma_filter=1.5, reflect)",30.995291,0.87173126,3.205,ok,,Optimized replacement for Python-loop Gaussian filter.
bsd68,test006,321,481,10,3605212817,Median_SciPy,"scipy.ndimage.median_filter(size=3, reflect)",32.515018,0.82798542,16.755,ok,,Optimized replacement for Python-loop median filter.
bsd68,test006,321,481,10,3605212817,NLM_Skimage_Fast,"skimage.denoise_nl_means(fast_mode=True, h=0.8*sigma, sigma=known_sigma)",34.603746,0.91547667,354.99,ok,,Fast engineering baseline; not the original patchwise NLM runtime.
bsd68,test006,321,481,10,3605212817,NLM_IPOL_Like,skimage.denoise_nl_means(fast_mode=False) with IPOL grayscale parameter schedule,31.364413,0.7604808,2764.075,ok,,Closer to IPOL patchwise parameters; can be very slow.
bsd68,test006,321,481,10,3605212817,BM3D_TAU,"bm3d.bm3d(noisy_float01, sigma_psd=sigma/255)",36.584082,0.94722759,1463.742,ok,,Reference classical upper baseline for AWGN.
bsd68,test006,321,481,15,1577531640,Noisy,"clean + AWGN, clipped to [0,1]",24.992109,0.43444326,0.0,ok,,same noisy image reused for all methods
bsd68,test006,321,481,15,1577531640,Gaussian_SciPy,"scipy.ndimage.gaussian_filter(sigma_filter=1.5, reflect)",30.542462,0.84971522,2.548,ok,,Optimized replacement for Python-loop Gaussian filter.
bsd68,test006,321,481,15,1577531640,Median_SciPy,"scipy.ndimage.median_filter(size=3, reflect)",30.53069,0.73226573,16.148,ok,,Optimized replacement for Python-loop median filter.
bsd68,test006,321,481,15,1577531640,NLM_Skimage_Fast,"skimage.denoise_nl_means(fast_mode=True, h=0.8*sigma, sigma=known_sigma)",32.373187,0.87644405,356.144,ok,,Fast engineering baseline; not the original patchwise NLM runtime.
bsd68,test006,321,481,15,1577531640,NLM_IPOL_Like,skimage.denoise_nl_means(fast_mode=False) with IPOL grayscale parameter schedule,28.57019,0.63986846,2792.778,ok,,Closer to IPOL patchwise parameters; can be very slow.
bsd68,test006,321,481,15,1577531640,BM3D_TAU,"bm3d.bm3d(noisy_float01, sigma_psd=sigma/255)",34.395319,0.91995656,1368.725,ok,,Reference classical upper baseline for AWGN.
bsd68,test006,321,481,20,2409294465,Noisy,"clean + AWGN, clipped to [0,1]",22.54718,0.3258963,0.0,ok,,same noisy image reused for all methods
bsd68,test006,321,481,20,2409294465,Gaussian_SciPy,"scipy.ndimage.gaussian_filter(sigma_filter=1.5, reflect)",29.968789,0.82500148,2.881,ok,,Optimized replacement for Python-loop Gaussian filter.
bsd68,test006,321,481,20,2409294465,Median_SciPy,"scipy.ndimage.median_filter(size=3, reflect)",28.736358,0.63959426,16.529,ok,,Optimized replacement for Python-loop median filter.
bsd68,test006,321,481,20,2409294465,NLM_Skimage_Fast,"skimage.denoise_nl_means(fast_mode=True, h=0.8*sigma, sigma=known_sigma)",30.864183,0.84915226,351.012,ok,,Fast engineering baseline; not the original patchwise NLM runtime.
bsd68,test006,321,481,20,2409294465,NLM_IPOL_Like,skimage.denoise_nl_means(fast_mode=False) with IPOL grayscale parameter schedule,29.155226,0.71917149,4473.943,ok,,Closer to IPOL patchwise parameters; can be very slow.
bsd68,test006,321,481,20,2409294465,BM3D_TAU,"bm3d.bm3d(noisy_float01, sigma_psd=sigma/255)",32.911815,0.89957852,1366.249,ok,,Reference classical upper baseline for AWGN.
bsd68,test006,321,481,25,623393556,Noisy,"clean + AWGN, clipped to [0,1]",20.710815,0.25459562,0.0,ok,,same noisy image reused for all methods
bsd68,test006,321,481,25,623393556,Gaussian_SciPy,"scipy.ndimage.gaussian_filter(sigma_filter=1.5, reflect)",29.278424,0.79613554,2.089,ok,,Optimized replacement for Python-loop Gaussian filter.
bsd68,test006,321,481,25,623393556,Median_SciPy,"scipy.ndimage.median_filter(size=3, reflect)",27.289608,0.55882461,15.944,ok,,Optimized replacement for Python-loop median filter.
bsd68,test006,321,481,25,623393556,NLM_Skimage_Fast,"skimage.denoise_nl_means(fast_mode=True, h=0.8*sigma, sigma=known_sigma)",29.724232,0.82380402,353.446,ok,,Fast engineering baseline; not the original patchwise NLM runtime.
bsd68,test006,321,481,25,623393556,NLM_IPOL_Like,skimage.denoise_nl_means(fast_mode=False) with IPOL grayscale parameter schedule,27.829019,0.66350779,4555.417,ok,,Closer to IPOL patchwise parameters; can be very slow.
bsd68,test006,321,481,25,623393556,BM3D_TAU,"bm3d.bm3d(noisy_float01, sigma_psd=sigma/255)",31.643768,0.87645668,1407.95,ok,,Reference classical upper baseline for AWGN.
bsd68,test006,321,481,30,227690363,Noisy,"clean + AWGN, clipped to [0,1]",19.177467,0.20216766,0.0,ok,,same noisy image reused for all methods
bsd68,test006,321,481,30,227690363,Gaussian_SciPy,"scipy.ndimage.gaussian_filter(sigma_filter=1.5, reflect)",28.561449,0.76350351,3.339,ok,,Optimized replacement for Python-loop Gaussian filter.
bsd68,test006,321,481,30,227690363,Median_SciPy,"scipy.ndimage.median_filter(size=3, reflect)",25.95641,0.48739865,16.641,ok,,Optimized replacement for Python-loop median filter.
bsd68,test006,321,481,30,227690363,NLM_Skimage_Fast,"skimage.denoise_nl_means(fast_mode=True, h=0.8*sigma, sigma=known_sigma)",28.723387,0.80413931,351.575,ok,,Fast engineering baseline; not the original patchwise NLM runtime.
bsd68,test006,321,481,30,227690363,NLM_IPOL_Like,skimage.denoise_nl_means(fast_mode=False) with IPOL grayscale parameter schedule,26.636187,0.6188726,4615.885,ok,,Closer to IPOL patchwise parameters; can be very slow.
bsd68,test006,321,481,30,227690363,BM3D_TAU,"bm3d.bm3d(noisy_float01, sigma_psd=sigma/255)",30.58236,0.85763576,1441.126,ok,,Reference classical upper baseline for AWGN.
bsd68,test006,321,481,35,4100839538,Noisy,"clean + AWGN, clipped to [0,1]",17.981471,0.16717565,0.0,ok,,same noisy image reused for all methods
bsd68,test006,321,481,35,4100839538,Gaussian_SciPy,"scipy.ndimage.gaussian_filter(sigma_filter=1.5, reflect)",27.812328,0.72821162,2.535,ok,,Optimized replacement for Python-loop Gaussian filter.
bsd68,test006,321,481,35,4100839538,Median_SciPy,"scipy.ndimage.median_filter(size=3, reflect)",24.798193,0.42712239,19.477,ok,,Optimized replacement for Python-loop median filter.
bsd68,test006,321,481,35,4100839538,NLM_Skimage_Fast,"skimage.denoise_nl_means(fast_mode=True, h=0.8*sigma, sigma=known_sigma)",27.911013,0.78809853,405.179,ok,,Fast engineering baseline; not the original patchwise NLM runtime.
bsd68,test006,321,481,35,4100839538,NLM_IPOL_Like,skimage.denoise_nl_means(fast_mode=False) with IPOL grayscale parameter schedule,26.693623,0.67011282,19541.632,ok,,Closer to IPOL patchwise parameters; can be very slow.
bsd68,test006,321,481,35,4100839538,BM3D_TAU,"bm3d.bm3d(noisy_float01, sigma_psd=sigma/255)",29.677063,0.84125605,1390.175,ok,,Reference classical upper baseline for AWGN.
bsd68,test006,321,481,40,860680535,Noisy,"clean + AWGN, clipped to [0,1]",16.886937,0.13987171,0.0,ok,,same noisy image reused for all methods
bsd68,test006,321,481,40,860680535,Gaussian_SciPy,"scipy.ndimage.gaussian_filter(sigma_filter=1.5, reflect)",27.007639,0.70088026,3.191,ok,,Optimized replacement for Python-loop Gaussian filter.
bsd68,test006,321,481,40,860680535,Median_SciPy,"scipy.ndimage.median_filter(size=3, reflect)",23.856168,0.38089156,16.647,ok,,Optimized replacement for Python-loop median filter.
bsd68,test006,321,481,40,860680535,NLM_Skimage_Fast,"skimage.denoise_nl_means(fast_mode=True, h=0.8*sigma, sigma=known_sigma)",27.097346,0.7742515,347.948,ok,,Fast engineering baseline; not the original patchwise NLM runtime.
bsd68,test006,321,481,40,860680535,NLM_IPOL_Like,skimage.denoise_nl_means(fast_mode=False) with IPOL grayscale parameter schedule,25.872976,0.65056297,19837.768,ok,,Closer to IPOL patchwise parameters; can be very slow.
bsd68,test006,321,481,40,860680535,BM3D_TAU,"bm3d.bm3d(noisy_float01, sigma_psd=sigma/255)",28.743998,0.82983437,1397.213,ok,,Reference classical upper baseline for AWGN.
bsd68,test006,321,481,50,3772520855,Noisy,"clean + AWGN, clipped to [0,1]",15.162024,0.10275956,0.0,ok,,same noisy image reused for all methods
bsd68,test006,321,481,50,3772520855,Gaussian_SciPy,"scipy.ndimage.gaussian_filter(sigma_filter=1.5, reflect)",25.549002,0.63644984,3.42,ok,,Optimized replacement for Python-loop Gaussian filter.
bsd68,test006,321,481,50,3772520855,Median_SciPy,"scipy.ndimage.median_filter(size=3, reflect)",22.038981,0.30049374,15.831,ok,,Optimized replacement for Python-loop median filter.
bsd68,test006,321,481,50,3772520855,NLM_Skimage_Fast,"skimage.denoise_nl_means(fast_mode=True, h=0.8*sigma, sigma=known_sigma)",25.758633,0.75124756,351.026,ok,,Fast engineering baseline; not the original patchwise NLM runtime.
bsd68,test006,321,481,50,3772520855,NLM_IPOL_Like,skimage.denoise_nl_means(fast_mode=False) with IPOL grayscale parameter schedule,25.183344,0.6892472,30862.324,ok,,Closer to IPOL patchwise parameters; can be very slow.
bsd68,test006,321,481,50,3772520855,BM3D_TAU,"bm3d.bm3d(noisy_float01, sigma_psd=sigma/255)",27.154455,0.80197192,1623.958,ok,,Reference classical upper baseline for AWGN.
bsd68,test006,321,481,75,536192073,Noisy,"clean + AWGN, clipped to [0,1]",12.260777,0.05811948,0.0,ok,,same noisy image reused for all methods
bsd68,test006,321,481,75,536192073,Gaussian_SciPy,"scipy.ndimage.gaussian_filter(sigma_filter=1.5, reflect)",22.313743,0.50280357,3.117,ok,,Optimized replacement for Python-loop Gaussian filter.
bsd68,test006,321,481,75,536192073,Median_SciPy,"scipy.ndimage.median_filter(size=3, reflect)",18.842297,0.18500318,17.067,ok,,Optimized replacement for Python-loop median filter.
bsd68,test006,321,481,75,536192073,NLM_Skimage_Fast,"skimage.denoise_nl_means(fast_mode=True, h=0.8*sigma, sigma=known_sigma)",22.580443,0.71531421,399.505,ok,,Fast engineering baseline; not the original patchwise NLM runtime.
bsd68,test006,321,481,75,536192073,NLM_IPOL_Like,skimage.denoise_nl_means(fast_mode=False) with IPOL grayscale parameter schedule,22.368091,0.68825739,33017.107,ok,,Closer to IPOL patchwise parameters; can be very slow.
bsd68,test006,321,481,75,536192073,BM3D_TAU,"bm3d.bm3d(noisy_float01, sigma_psd=sigma/255)",23.836007,0.75306672,1461.988,ok,,Reference classical upper baseline for AWGN.
bsd68,test007,321,481,5,2472495210,Noisy,"clean + AWGN, clipped to [0,1]",34.175399,0.92969152,0.0,ok,,same noisy image reused for all methods
bsd68,test007,321,481,5,2472495210,Gaussian_SciPy,"scipy.ndimage.gaussian_filter(sigma_filter=1.5, reflect)",24.961861,0.75757882,3.201,ok,,Optimized replacement for Python-loop Gaussian filter.
bsd68,test007,321,481,5,2472495210,Median_SciPy,"scipy.ndimage.median_filter(size=3, reflect)",28.858902,0.89244752,16.01,ok,,Optimized replacement for Python-loop median filter.
bsd68,test007,321,481,5,2472495210,NLM_Skimage_Fast,"skimage.denoise_nl_means(fast_mode=True, h=0.8*sigma, sigma=known_sigma)",36.090279,0.95805831,290.82,ok,,Fast engineering baseline; not the original patchwise NLM runtime.
bsd68,test007,321,481,5,2472495210,NLM_IPOL_Like,skimage.denoise_nl_means(fast_mode=False) with IPOL grayscale parameter schedule,,,2370.683,ok,,Closer to IPOL patchwise parameters; can be very slow.
bsd68,test007,321,481,5,2472495210,BM3D_TAU,"bm3d.bm3d(noisy_float01, sigma_psd=sigma/255)",37.221216,0.97111081,1439.157,ok,,Reference classical upper baseline for AWGN.
bsd68,test007,321,481,10,3875949093,Noisy,"clean + AWGN, clipped to [0,1]",28.151108,0.79130583,0.0,ok,,same noisy image reused for all methods
bsd68,test007,321,481,10,3875949093,Gaussian_SciPy,"scipy.ndimage.gaussian_filter(sigma_filter=1.5, reflect)",24.898472,0.75090813,2.568,ok,,Optimized replacement for Python-loop Gaussian filter.
bsd68,test007,321,481,10,3875949093,Median_SciPy,"scipy.ndimage.median_filter(size=3, reflect)",28.016178,0.84926904,15.912,ok,,Optimized replacement for Python-loop median filter.
bsd68,test007,321,481,10,3875949093,NLM_Skimage_Fast,"skimage.denoise_nl_means(fast_mode=True, h=0.8*sigma, sigma=known_sigma)",31.71228,0.89127631,334.092,ok,,Fast engineering baseline; not the original patchwise NLM runtime.
bsd68,test007,321,481,10,3875949093,NLM_IPOL_Like,skimage.denoise_nl_means(fast_mode=False) with IPOL grayscale parameter schedule,30.128735,0.85293518,2680.374,ok,,Closer to IPOL patchwise parameters; can be very slow.
bsd68,test007,321,481,10,3875949093,BM3D_TAU,"bm3d.bm3d(noisy_float01, sigma_psd=sigma/255)",33.053449,0.9288308,1340.098,ok,,Reference classical upper baseline for AWGN.
bsd68,test007,321,481,15,4146555732,Noisy,"clean + AWGN, clipped to [0,1]",24.645328,0.66099469,0.0,ok,,same noisy image reused for all methods
bsd68,test007,321,481,15,4146555732,Gaussian_SciPy,"scipy.ndimage.gaussian_filter(sigma_filter=1.5, reflect)",24.793926,0.74074586,2.998,ok,,Optimized replacement for Python-loop Gaussian filter.
bsd68,test007,321,481,15,4146555732,Median_SciPy,"scipy.ndimage.median_filter(size=3, reflect)",27.029631,0.79654978,16.446,ok,,Optimized replacement for Python-loop median filter.
bsd68,test007,321,481,15,4146555732,NLM_Skimage_Fast,"skimage.denoise_nl_means(fast_mode=True, h=0.8*sigma, sigma=known_sigma)",29.211844,0.82337766,350.551,ok,,Fast engineering baseline; not the original patchwise NLM runtime.
bsd68,test007,321,481,15,4146555732,NLM_IPOL_Like,skimage.denoise_nl_means(fast_mode=False) with IPOL grayscale parameter schedule,27.166086,0.75438841,2775.824,ok,,Closer to IPOL patchwise parameters; can be very slow.
bsd68,test007,321,481,15,4146555732,BM3D_TAU,"bm3d.bm3d(noisy_float01, sigma_psd=sigma/255)",30.835902,0.88591654,1372.356,ok,,Reference classical upper baseline for AWGN.
bsd68,test007,321,481,20,1748498397,Noisy,"clean + AWGN, clipped to [0,1]",22.178524,0.55599455,0.0,ok,,same noisy image reused for all methods
bsd68,test007,321,481,20,1748498397,Gaussian_SciPy,"scipy.ndimage.gaussian_filter(sigma_filter=1.5, reflect)",24.652513,0.72757672,2.185,ok,,Optimized replacement for Python-loop Gaussian filter.
bsd68,test007,321,481,20,1748498397,Median_SciPy,"scipy.ndimage.median_filter(size=3, reflect)",26.032647,0.74154037,16.742,ok,,Optimized replacement for Python-loop median filter.
bsd68,test007,321,481,20,1748498397,NLM_Skimage_Fast,"skimage.denoise_nl_means(fast_mode=True, h=0.8*sigma, sigma=known_sigma)",27.557529,0.76626727,361.402,ok,,Fast engineering baseline; not the original patchwise NLM runtime.
bsd68,test007,321,481,20,1748498397,NLM_IPOL_Like,skimage.denoise_nl_means(fast_mode=False) with IPOL grayscale parameter schedule,26.696513,0.75041556,4200.809,ok,,Closer to IPOL patchwise parameters; can be very slow.
bsd68,test007,321,481,20,1748498397,BM3D_TAU,"bm3d.bm3d(noisy_float01, sigma_psd=sigma/255)",29.294148,0.84551916,1326.687,ok,,Reference classical upper baseline for AWGN.
bsd68,test007,321,481,25,190852113,Noisy,"clean + AWGN, clipped to [0,1]",20.332403,0.47138906,0.0,ok,,same noisy image reused for all methods
bsd68,test007,321,481,25,190852113,Gaussian_SciPy,"scipy.ndimage.gaussian_filter(sigma_filter=1.5, reflect)",24.47797,0.71029712,2.159,ok,,Optimized replacement for Python-loop Gaussian filter.
bsd68,test007,321,481,25,190852113,Median_SciPy,"scipy.ndimage.median_filter(size=3, reflect)",25.045154,0.68218172,16.809,ok,,Optimized replacement for Python-loop median filter.
bsd68,test007,321,481,25,190852113,NLM_Skimage_Fast,"skimage.denoise_nl_means(fast_mode=True, h=0.8*sigma, sigma=known_sigma)",26.248497,0.71170258,370.087,ok,,Fast engineering baseline; not the original patchwise NLM runtime.
bsd68,test007,321,481,25,190852113,NLM_IPOL_Like,skimage.denoise_nl_means(fast_mode=False) with IPOL grayscale parameter schedule,25.543538,0.69262032,4246.373,ok,,Closer to IPOL patchwise parameters; can be very slow.
bsd68,test007,321,481,25,190852113,BM3D_TAU,"bm3d.bm3d(noisy_float01, sigma_psd=sigma/255)",28.121162,0.80714841,1355.672,ok,,Reference classical upper baseline for AWGN.
bsd68,test007,321,481,30,2043248499,Noisy,"clean + AWGN, clipped to [0,1]",18.832202,0.40572076,0.0,ok,,same noisy image reused for all methods
bsd68,test007,321,481,30,2043248499,Gaussian_SciPy,"scipy.ndimage.gaussian_filter(sigma_filter=1.5, reflect)",24.299246,0.69513475,2.486,ok,,Optimized replacement for Python-loop Gaussian filter.
bsd68,test007,321,481,30,2043248499,Median_SciPy,"scipy.ndimage.median_filter(size=3, reflect)",24.174811,0.63627047,16.843,ok,,Optimized replacement for Python-loop median filter.
bsd68,test007,321,481,30,2043248499,NLM_Skimage_Fast,"skimage.denoise_nl_means(fast_mode=True, h=0.8*sigma, sigma=known_sigma)",25.192144,0.66245503,363.384,ok,,Fast engineering baseline; not the original patchwise NLM runtime.
bsd68,test007,321,481,30,2043248499,NLM_IPOL_Like,skimage.denoise_nl_means(fast_mode=False) with IPOL grayscale parameter schedule,24.585319,0.64160506,4334.27,ok,,Closer to IPOL patchwise parameters; can be very slow.
bsd68,test007,321,481,30,2043248499,BM3D_TAU,"bm3d.bm3d(noisy_float01, sigma_psd=sigma/255)",27.279813,0.77776845,1370.684,ok,,Reference classical upper baseline for AWGN.
bsd68,test007,321,481,35,2159132838,Noisy,"clean + AWGN, clipped to [0,1]",17.606875,0.35381439,0.0,ok,,same noisy image reused for all methods
bsd68,test007,321,481,35,2159132838,Gaussian_SciPy,"scipy.ndimage.gaussian_filter(sigma_filter=1.5, reflect)",24.061896,0.67660257,2.89,ok,,Optimized replacement for Python-loop Gaussian filter.
bsd68,test007,321,481,35,2159132838,Median_SciPy,"scipy.ndimage.median_filter(size=3, reflect)",23.257319,0.58598861,15.771,ok,,Optimized replacement for Python-loop median filter.
bsd68,test007,321,481,35,2159132838,NLM_Skimage_Fast,"skimage.denoise_nl_means(fast_mode=True, h=0.8*sigma, sigma=known_sigma)",24.255746,0.61616715,358.719,ok,,Fast engineering baseline; not the original patchwise NLM runtime.
bsd68,test007,321,481,35,2159132838,NLM_IPOL_Like,skimage.denoise_nl_means(fast_mode=False) with IPOL grayscale parameter schedule,24.546484,0.65417793,17588.638,ok,,Closer to IPOL patchwise parameters; can be very slow.
bsd68,test007,321,481,35,2159132838,BM3D_TAU,"bm3d.bm3d(noisy_float01, sigma_psd=sigma/255)",26.499525,0.74755431,1353.7,ok,,Reference classical upper baseline for AWGN.
bsd68,test007,321,481,40,144136032,Noisy,"clean + AWGN, clipped to [0,1]",16.570312,0.31291008,0.0,ok,,same noisy image reused for all methods
bsd68,test007,321,481,40,144136032,Gaussian_SciPy,"scipy.ndimage.gaussian_filter(sigma_filter=1.5, reflect)",23.841472,0.66014661,2.651,ok,,Optimized replacement for Python-loop Gaussian filter.
bsd68,test007,321,481,40,144136032,Median_SciPy,"scipy.ndimage.median_filter(size=3, reflect)",22.431469,0.54289427,15.845,ok,,Optimized replacement for Python-loop median filter.
bsd68,test007,321,481,40,144136032,NLM_Skimage_Fast,"skimage.denoise_nl_means(fast_mode=True, h=0.8*sigma, sigma=known_sigma)",23.561534,0.57824175,353.123,ok,,Fast engineering baseline; not the original patchwise NLM runtime.
bsd68,test007,321,481,40,144136032,NLM_IPOL_Like,skimage.denoise_nl_means(fast_mode=False) with IPOL grayscale parameter schedule,24.039452,0.62160948,18260.436,ok,,Closer to IPOL patchwise parameters; can be very slow.
bsd68,test007,321,481,40,144136032,BM3D_TAU,"bm3d.bm3d(noisy_float01, sigma_psd=sigma/255)",25.854641,0.72114494,1363.338,ok,,Reference classical upper baseline for AWGN.
bsd68,test007,321,481,50,670975529,Noisy,"clean + AWGN, clipped to [0,1]",14.907989,0.24403034,0.0,ok,,same noisy image reused for all methods
bsd68,test007,321,481,50,670975529,Gaussian_SciPy,"scipy.ndimage.gaussian_filter(sigma_filter=1.5, reflect)",23.245766,0.61587487,2.817,ok,,Optimized replacement for Python-loop Gaussian filter.
bsd68,test007,321,481,50,670975529,Median_SciPy,"scipy.ndimage.median_filter(size=3, reflect)",20.966321,0.46345748,17.576,ok,,Optimized replacement for Python-loop median filter.
bsd68,test007,321,481,50,670975529,NLM_Skimage_Fast,"skimage.denoise_nl_means(fast_mode=True, h=0.8*sigma, sigma=known_sigma)",22.271372,0.50010995,353.74,ok,,Fast engineering baseline; not the original patchwise NLM runtime.
bsd68,test007,321,481,50,670975529,NLM_IPOL_Like,skimage.denoise_nl_means(fast_mode=False) with IPOL grayscale parameter schedule,23.292874,0.57440182,29129.922,ok,,Closer to IPOL patchwise parameters; can be very slow.
bsd68,test007,321,481,50,670975529,BM3D_TAU,"bm3d.bm3d(noisy_float01, sigma_psd=sigma/255)",24.645105,0.66293049,1386.705,ok,,Reference classical upper baseline for AWGN.
bsd68,test007,321,481,75,3375660560,Noisy,"clean + AWGN, clipped to [0,1]",12.086167,0.15313643,0.0,ok,,same noisy image reused for all methods
bsd68,test007,321,481,75,3375660560,Gaussian_SciPy,"scipy.ndimage.gaussian_filter(sigma_filter=1.5, reflect)",21.568886,0.52382984,2.189,ok,,Optimized replacement for Python-loop Gaussian filter.
bsd68,test007,321,481,75,3375660560,Median_SciPy,"scipy.ndimage.median_filter(size=3, reflect)",18.116826,0.33351119,16.75,ok,,Optimized replacement for Python-loop median filter.
bsd68,test007,321,481,75,3375660560,NLM_Skimage_Fast,"skimage.denoise_nl_means(fast_mode=True, h=0.8*sigma, sigma=known_sigma)",20.026564,0.37779338,347.721,ok,,Fast engineering baseline; not the original patchwise NLM runtime.
bsd68,test007,321,481,75,3375660560,NLM_IPOL_Like,skimage.denoise_nl_means(fast_mode=False) with IPOL grayscale parameter schedule,20.542331,0.42321856,31624.942,ok,,Closer to IPOL patchwise parameters; can be very slow.
bsd68,test007,321,481,75,3375660560,BM3D_TAU,"bm3d.bm3d(noisy_float01, sigma_psd=sigma/255)",22.319953,0.55207818,1507.64,ok,,Reference classical upper baseline for AWGN.
bsd68,test008,321,481,5,820541036,Noisy,"clean + AWGN, clipped to [0,1]",34.128042,0.94052487,0.0,ok,,same noisy image reused for all methods
bsd68,test008,321,481,5,820541036,Gaussian_SciPy,"scipy.ndimage.gaussian_filter(sigma_filter=1.5, reflect)",22.123271,0.61961162,2.632,ok,,Optimized replacement for Python-loop Gaussian filter.
bsd68,test008,321,481,5,820541036,Median_SciPy,"scipy.ndimage.median_filter(size=3, reflect)",24.313107,0.79381869,18.217,ok,,Optimized replacement for Python-loop median filter.
bsd68,test008,321,481,5,820541036,NLM_Skimage_Fast,"skimage.denoise_nl_means(fast_mode=True, h=0.8*sigma, sigma=known_sigma)",34.982751,0.95547898,278.278,ok,,Fast engineering baseline; not the original patchwise NLM runtime.
bsd68,test008,321,481,5,820541036,NLM_IPOL_Like,skimage.denoise_nl_means(fast_mode=False) with IPOL grayscale parameter schedule,,,2450.208,ok,,Closer to IPOL patchwise parameters; can be very slow.
bsd68,test008,321,481,5,820541036,BM3D_TAU,"bm3d.bm3d(noisy_float01, sigma_psd=sigma/255)",35.697953,0.96699392,1572.764,ok,,Reference classical upper baseline for AWGN.
bsd68,test008,321,481,10,463186683,Noisy,"clean + AWGN, clipped to [0,1]",28.149247,0.8225121,0.0,ok,,same noisy image reused for all methods
bsd68,test008,321,481,10,463186683,Gaussian_SciPy,"scipy.ndimage.gaussian_filter(sigma_filter=1.5, reflect)",22.087595,0.61451232,2.503,ok,,Optimized replacement for Python-loop Gaussian filter.
bsd68,test008,321,481,10,463186683,Median_SciPy,"scipy.ndimage.median_filter(size=3, reflect)",24.00599,0.75817234,15.403,ok,,Optimized replacement for Python-loop median filter.
bsd68,test008,321,481,10,463186683,NLM_Skimage_Fast,"skimage.denoise_nl_means(fast_mode=True, h=0.8*sigma, sigma=known_sigma)",29.98791,0.87022217,390.121,ok,,Fast engineering baseline; not the original patchwise NLM runtime.
bsd68,test008,321,481,10,463186683,NLM_IPOL_Like,skimage.denoise_nl_means(fast_mode=False) with IPOL grayscale parameter schedule,29.525247,0.86780454,2627.93,ok,,Closer to IPOL patchwise parameters; can be very slow.
bsd68,test008,321,481,10,463186683,BM3D_TAU,"bm3d.bm3d(noisy_float01, sigma_psd=sigma/255)",31.081147,0.91353101,1384.905,ok,,Reference classical upper baseline for AWGN.
bsd68,test008,321,481,15,2530132175,Noisy,"clean + AWGN, clipped to [0,1]",24.66394,0.70604134,0.0,ok,,same noisy image reused for all methods
bsd68,test008,321,481,15,2530132175,Gaussian_SciPy,"scipy.ndimage.gaussian_filter(sigma_filter=1.5, reflect)",22.033506,0.60686851,2.451,ok,,Optimized replacement for Python-loop Gaussian filter.
bsd68,test008,321,481,15,2530132175,Median_SciPy,"scipy.ndimage.median_filter(size=3, reflect)",23.609782,0.71295658,16.083,ok,,Optimized replacement for Python-loop median filter.
bsd68,test008,321,481,15,2530132175,NLM_Skimage_Fast,"skimage.denoise_nl_means(fast_mode=True, h=0.8*sigma, sigma=known_sigma)",27.298411,0.78154194,349.205,ok,,Fast engineering baseline; not the original patchwise NLM runtime.
bsd68,test008,321,481,15,2530132175,NLM_IPOL_Like,skimage.denoise_nl_means(fast_mode=False) with IPOL grayscale parameter schedule,26.623743,0.77798132,2709.602,ok,,Closer to IPOL patchwise parameters; can be very slow.
bsd68,test008,321,481,15,2530132175,BM3D_TAU,"bm3d.bm3d(noisy_float01, sigma_psd=sigma/255)",28.573129,0.8537222,1323.304,ok,,Reference classical upper baseline for AWGN.
bsd68,test008,321,481,20,2655434342,Noisy,"clean + AWGN, clipped to [0,1]",22.231002,0.60789491,0.0,ok,,same noisy image reused for all methods
bsd68,test008,321,481,20,2655434342,Gaussian_SciPy,"scipy.ndimage.gaussian_filter(sigma_filter=1.5, reflect)",21.959076,0.59584841,2.969,ok,,Optimized replacement for Python-loop Gaussian filter.
bsd68,test008,321,481,20,2655434342,Median_SciPy,"scipy.ndimage.median_filter(size=3, reflect)",23.132496,0.66455498,15.292,ok,,Optimized replacement for Python-loop median filter.
bsd68,test008,321,481,20,2655434342,NLM_Skimage_Fast,"skimage.denoise_nl_means(fast_mode=True, h=0.8*sigma, sigma=known_sigma)",25.626889,0.70751146,354.222,ok,,Fast engineering baseline; not the original patchwise NLM runtime.
bsd68,test008,321,481,20,2655434342,NLM_IPOL_Like,skimage.denoise_nl_means(fast_mode=False) with IPOL grayscale parameter schedule,25.462127,0.75321271,3977.703,ok,,Closer to IPOL patchwise parameters; can be very slow.
bsd68,test008,321,481,20,2655434342,BM3D_TAU,"bm3d.bm3d(noisy_float01, sigma_psd=sigma/255)",26.959191,0.79681765,1359.193,ok,,Reference classical upper baseline for AWGN.
bsd68,test008,321,481,25,2791364279,Noisy,"clean + AWGN, clipped to [0,1]",20.380241,0.52557828,0.0,ok,,same noisy image reused for all methods
bsd68,test008,321,481,25,2791364279,Gaussian_SciPy,"scipy.ndimage.gaussian_filter(sigma_filter=1.5, reflect)",21.872681,0.58269041,3.142,ok,,Optimized replacement for Python-loop Gaussian filter.
bsd68,test008,321,481,25,2791364279,Median_SciPy,"scipy.ndimage.median_filter(size=3, reflect)",22.595408,0.61695782,16.411,ok,,Optimized replacement for Python-loop median filter.
bsd68,test008,321,481,25,2791364279,NLM_Skimage_Fast,"skimage.denoise_nl_means(fast_mode=True, h=0.8*sigma, sigma=known_sigma)",24.334323,0.63749723,496.534,ok,,Fast engineering baseline; not the original patchwise NLM runtime.
bsd68,test008,321,481,25,2791364279,NLM_IPOL_Like,skimage.denoise_nl_means(fast_mode=False) with IPOL grayscale parameter schedule,24.276427,0.69539258,4157.893,ok,,Closer to IPOL patchwise parameters; can be very slow.
bsd68,test008,321,481,25,2791364279,BM3D_TAU,"bm3d.bm3d(noisy_float01, sigma_psd=sigma/255)",25.725386,0.74016103,1367.183,ok,,Reference classical upper baseline for AWGN.
bsd68,test008,321,481,30,728470066,Noisy,"clean + AWGN, clipped to [0,1]",18.903652,0.45958354,0.0,ok,,same noisy image reused for all methods
bsd68,test008,321,481,30,728470066,Gaussian_SciPy,"scipy.ndimage.gaussian_filter(sigma_filter=1.5, reflect)",21.749241,0.56823129,1.84,ok,,Optimized replacement for Python-loop Gaussian filter.
bsd68,test008,321,481,30,728470066,Median_SciPy,"scipy.ndimage.median_filter(size=3, reflect)",22.018797,0.57382981,16.491,ok,,Optimized replacement for Python-loop median filter.
bsd68,test008,321,481,30,728470066,NLM_Skimage_Fast,"skimage.denoise_nl_means(fast_mode=True, h=0.8*sigma, sigma=known_sigma)",23.329845,0.5800075,365.268,ok,,Fast engineering baseline; not the original patchwise NLM runtime.
bsd68,test008,321,481,30,728470066,NLM_IPOL_Like,skimage.denoise_nl_means(fast_mode=False) with IPOL grayscale parameter schedule,23.394758,0.64756307,4351.328,ok,,Closer to IPOL patchwise parameters; can be very slow.
bsd68,test008,321,481,30,728470066,BM3D_TAU,"bm3d.bm3d(noisy_float01, sigma_psd=sigma/255)",24.732659,0.68742223,2010.155,ok,,Reference classical upper baseline for AWGN.
bsd68,test008,321,481,35,1314314633,Noisy,"clean + AWGN, clipped to [0,1]",17.734853,0.40850335,0.0,ok,,same noisy image reused for all methods
bsd68,test008,321,481,35,1314314633,Gaussian_SciPy,"scipy.ndimage.gaussian_filter(sigma_filter=1.5, reflect)",21.624205,0.5534079,2.035,ok,,Optimized replacement for Python-loop Gaussian filter.
bsd68,test008,321,481,35,1314314633,Median_SciPy,"scipy.ndimage.median_filter(size=3, reflect)",21.472309,0.53385278,17.903,ok,,Optimized replacement for Python-loop median filter.
bsd68,test008,321,481,35,1314314633,NLM_Skimage_Fast,"skimage.denoise_nl_means(fast_mode=True, h=0.8*sigma, sigma=known_sigma)",22.574863,0.53308788,366.789,ok,,Fast engineering baseline; not the original patchwise NLM runtime.
bsd68,test008,321,481,35,1314314633,NLM_IPOL_Like,skimage.denoise_nl_means(fast_mode=False) with IPOL grayscale parameter schedule,22.961627,0.63493819,17624.625,ok,,Closer to IPOL patchwise parameters; can be very slow.
bsd68,test008,321,481,35,1314314633,BM3D_TAU,"bm3d.bm3d(noisy_float01, sigma_psd=sigma/255)",23.938295,0.64032513,1390.25,ok,,Reference classical upper baseline for AWGN.
bsd68,test008,321,481,40,643461468,Noisy,"clean + AWGN, clipped to [0,1]",16.703584,0.36089963,0.0,ok,,same noisy image reused for all methods
bsd68,test008,321,481,40,643461468,Gaussian_SciPy,"scipy.ndimage.gaussian_filter(sigma_filter=1.5, reflect)",21.457005,0.53335622,2.357,ok,,Optimized replacement for Python-loop Gaussian filter.
bsd68,test008,321,481,40,643461468,Median_SciPy,"scipy.ndimage.median_filter(size=3, reflect)",20.89929,0.49142524,16.429,ok,,Optimized replacement for Python-loop median filter.
bsd68,test008,321,481,40,643461468,NLM_Skimage_Fast,"skimage.denoise_nl_means(fast_mode=True, h=0.8*sigma, sigma=known_sigma)",21.910193,0.48668373,362.781,ok,,Fast engineering baseline; not the original patchwise NLM runtime.
bsd68,test008,321,481,40,643461468,NLM_IPOL_Like,skimage.denoise_nl_means(fast_mode=False) with IPOL grayscale parameter schedule,22.520134,0.59275219,18355.122,ok,,Closer to IPOL patchwise parameters; can be very slow.
bsd68,test008,321,481,40,643461468,BM3D_TAU,"bm3d.bm3d(noisy_float01, sigma_psd=sigma/255)",23.230904,0.59052708,1402.058,ok,,Reference classical upper baseline for AWGN.
bsd68,test008,321,481,50,2596464074,Noisy,"clean + AWGN, clipped to [0,1]",15.074849,0.29157121,0.0,ok,,same noisy image reused for all methods
bsd68,test008,321,481,50,2596464074,Gaussian_SciPy,"scipy.ndimage.gaussian_filter(sigma_filter=1.5, reflect)",21.139355,0.50394308,2.628,ok,,Optimized replacement for Python-loop Gaussian filter.
bsd68,test008,321,481,50,2596464074,Median_SciPy,"scipy.ndimage.median_filter(size=3, reflect)",19.803731,0.42655108,16.754,ok,,Optimized replacement for Python-loop median filter.
bsd68,test008,321,481,50,2596464074,NLM_Skimage_Fast,"skimage.denoise_nl_means(fast_mode=True, h=0.8*sigma, sigma=known_sigma)",20.945003,0.42052749,353.803,ok,,Fast engineering baseline; not the original patchwise NLM runtime.
bsd68,test008,321,481,50,2596464074,NLM_IPOL_Like,skimage.denoise_nl_means(fast_mode=False) with IPOL grayscale parameter schedule,21.857743,0.51282129,28690.906,ok,,Closer to IPOL patchwise parameters; can be very slow.
bsd68,test008,321,481,50,2596464074,BM3D_TAU,"bm3d.bm3d(noisy_float01, sigma_psd=sigma/255)",22.180479,0.52256829,1416.437,ok,,Reference classical upper baseline for AWGN.
bsd68,test008,321,481,75,4174423317,Noisy,"clean + AWGN, clipped to [0,1]",12.248508,0.18722301,0.0,ok,,same noisy image reused for all methods
bsd68,test008,321,481,75,4174423317,Gaussian_SciPy,"scipy.ndimage.gaussian_filter(sigma_filter=1.5, reflect)",19.927679,0.42729307,3.253,ok,,Optimized replacement for Python-loop Gaussian filter.
bsd68,test008,321,481,75,4174423317,Median_SciPy,"scipy.ndimage.median_filter(size=3, reflect)",17.550692,0.31160905,16.183,ok,,Optimized replacement for Python-loop median filter.
bsd68,test008,321,481,75,4174423317,NLM_Skimage_Fast,"skimage.denoise_nl_means(fast_mode=True, h=0.8*sigma, sigma=known_sigma)",19.054704,0.30790244,348.143,ok,,Fast engineering baseline; not the original patchwise NLM runtime.
bsd68,test008,321,481,75,4174423317,NLM_IPOL_Like,skimage.denoise_nl_means(fast_mode=False) with IPOL grayscale parameter schedule,19.601473,0.35775736,31502.347,ok,,Closer to IPOL patchwise parameters; can be very slow.
bsd68,test008,321,481,75,4174423317,BM3D_TAU,"bm3d.bm3d(noisy_float01, sigma_psd=sigma/255)",20.256711,0.40008596,1358.84,ok,,Reference classical upper baseline for AWGN.
bsd68,test009,321,481,5,4224609326,Noisy,"clean + AWGN, clipped to [0,1]",34.189873,0.89199659,0.0,ok,,same noisy image reused for all methods
bsd68,test009,321,481,5,4224609326,Gaussian_SciPy,"scipy.ndimage.gaussian_filter(sigma_filter=1.5, reflect)",25.935329,0.78996896,2.553,ok,,Optimized replacement for Python-loop Gaussian filter.
bsd68,test009,321,481,5,4224609326,Median_SciPy,"scipy.ndimage.median_filter(size=3, reflect)",29.059443,0.87430841,15.515,ok,,Optimized replacement for Python-loop median filter.
bsd68,test009,321,481,5,4224609326,NLM_Skimage_Fast,"skimage.denoise_nl_means(fast_mode=True, h=0.8*sigma, sigma=known_sigma)",36.675448,0.96379788,290.047,ok,,Fast engineering baseline; not the original patchwise NLM runtime.
bsd68,test009,321,481,5,4224609326,NLM_IPOL_Like,skimage.denoise_nl_means(fast_mode=False) with IPOL grayscale parameter schedule,35.719695,0.93960394,2391.12,ok,,Closer to IPOL patchwise parameters; can be very slow.
bsd68,test009,321,481,5,4224609326,BM3D_TAU,"bm3d.bm3d(noisy_float01, sigma_psd=sigma/255)",37.640662,0.97311238,1364.528,ok,,Reference classical upper baseline for AWGN.
bsd68,test009,321,481,10,1020975539,Noisy,"clean + AWGN, clipped to [0,1]",28.168112,0.72264999,0.0,ok,,same noisy image reused for all methods
bsd68,test009,321,481,10,1020975539,Gaussian_SciPy,"scipy.ndimage.gaussian_filter(sigma_filter=1.5, reflect)",25.862084,0.78046939,2.475,ok,,Optimized replacement for Python-loop Gaussian filter.
bsd68,test009,321,481,10,1020975539,Median_SciPy,"scipy.ndimage.median_filter(size=3, reflect)",28.301164,0.81825816,14.817,ok,,Optimized replacement for Python-loop median filter.
bsd68,test009,321,481,10,1020975539,NLM_Skimage_Fast,"skimage.denoise_nl_means(fast_mode=True, h=0.8*sigma, sigma=known_sigma)",32.104702,0.90210806,334.04,ok,,Fast engineering baseline; not the original patchwise NLM runtime.
bsd68,test009,321,481,10,1020975539,NLM_IPOL_Like,skimage.denoise_nl_means(fast_mode=False) with IPOL grayscale parameter schedule,30.493948,0.82582824,2671.862,ok,,Closer to IPOL patchwise parameters; can be very slow.
bsd68,test009,321,481,10,1020975539,BM3D_TAU,"bm3d.bm3d(noisy_float01, sigma_psd=sigma/255)",33.398595,0.93389515,1349.165,ok,,Reference classical upper baseline for AWGN.
bsd68,test009,321,481,15,2554300441,Noisy,"clean + AWGN, clipped to [0,1]",24.762478,0.59117292,0.0,ok,,same noisy image reused for all methods
bsd68,test009,321,481,15,2554300441,Gaussian_SciPy,"scipy.ndimage.gaussian_filter(sigma_filter=1.5, reflect)",25.726121,0.76566351,2.546,ok,,Optimized replacement for Python-loop Gaussian filter.
bsd68,test009,321,481,15,2554300441,Median_SciPy,"scipy.ndimage.median_filter(size=3, reflect)",27.328958,0.75053349,15.894,ok,,Optimized replacement for Python-loop median filter.
bsd68,test009,321,481,15,2554300441,NLM_Skimage_Fast,"skimage.denoise_nl_means(fast_mode=True, h=0.8*sigma, sigma=known_sigma)",29.698405,0.84503383,352.221,ok,,Fast engineering baseline; not the original patchwise NLM runtime.
bsd68,test009,321,481,15,2554300441,NLM_IPOL_Like,skimage.denoise_nl_means(fast_mode=False) with IPOL grayscale parameter schedule,27.607585,0.71925496,2730.055,ok,,Closer to IPOL patchwise parameters; can be very slow.
bsd68,test009,321,481,15,2554300441,BM3D_TAU,"bm3d.bm3d(noisy_float01, sigma_psd=sigma/255)",31.16329,0.89451164,1353.546,ok,,Reference classical upper baseline for AWGN.
bsd68,test009,321,481,20,2336185053,Noisy,"clean + AWGN, clipped to [0,1]",22.38095,0.49042816,0.0,ok,,same noisy image reused for all methods
bsd68,test009,321,481,20,2336185053,Gaussian_SciPy,"scipy.ndimage.gaussian_filter(sigma_filter=1.5, reflect)",25.560804,0.74681873,2.092,ok,,Optimized replacement for Python-loop Gaussian filter.
bsd68,test009,321,481,20,2336185053,Median_SciPy,"scipy.ndimage.median_filter(size=3, reflect)",26.259061,0.67997855,16.458,ok,,Optimized replacement for Python-loop median filter.
bsd68,test009,321,481,20,2336185053,NLM_Skimage_Fast,"skimage.denoise_nl_means(fast_mode=True, h=0.8*sigma, sigma=known_sigma)",28.082739,0.79336381,357.961,ok,,Fast engineering baseline; not the original patchwise NLM runtime.
bsd68,test009,321,481,20,2336185053,NLM_IPOL_Like,skimage.denoise_nl_means(fast_mode=False) with IPOL grayscale parameter schedule,27.350171,0.75380977,4178.249,ok,,Closer to IPOL patchwise parameters; can be very slow.
bsd68,test009,321,481,20,2336185053,BM3D_TAU,"bm3d.bm3d(noisy_float01, sigma_psd=sigma/255)",29.634109,0.85551163,1382.479,ok,,Reference classical upper baseline for AWGN.
bsd68,test009,321,481,25,4043007906,Noisy,"clean + AWGN, clipped to [0,1]",20.625778,0.41420421,0.0,ok,,same noisy image reused for all methods
bsd68,test009,321,481,25,4043007906,Gaussian_SciPy,"scipy.ndimage.gaussian_filter(sigma_filter=1.5, reflect)",25.360553,0.72773948,3.773,ok,,Optimized replacement for Python-loop Gaussian filter.
bsd68,test009,321,481,25,4043007906,Median_SciPy,"scipy.ndimage.median_filter(size=3, reflect)",25.301191,0.62074478,17.054,ok,,Optimized replacement for Python-loop median filter.
bsd68,test009,321,481,25,4043007906,NLM_Skimage_Fast,"skimage.denoise_nl_means(fast_mode=True, h=0.8*sigma, sigma=known_sigma)",26.88804,0.74734056,355.451,ok,,Fast engineering baseline; not the original patchwise NLM runtime.
bsd68,test009,321,481,25,4043007906,NLM_IPOL_Like,skimage.denoise_nl_means(fast_mode=False) with IPOL grayscale parameter schedule,26.303608,0.71350124,4333.219,ok,,Closer to IPOL patchwise parameters; can be very slow.
bsd68,test009,321,481,25,4043007906,BM3D_TAU,"bm3d.bm3d(noisy_float01, sigma_psd=sigma/255)",28.588705,0.82253117,1409.688,ok,,Reference classical upper baseline for AWGN.
bsd68,test009,321,481,30,2817181131,Noisy,"clean + AWGN, clipped to [0,1]",19.238808,0.35535945,0.0,ok,,same noisy image reused for all methods
bsd68,test009,321,481,30,2817181131,Gaussian_SciPy,"scipy.ndimage.gaussian_filter(sigma_filter=1.5, reflect)",25.11164,0.70665152,2.007,ok,,Optimized replacement for Python-loop Gaussian filter.
bsd68,test009,321,481,30,2817181131,Median_SciPy,"scipy.ndimage.median_filter(size=3, reflect)",24.341221,0.56527658,17.583,ok,,Optimized replacement for Python-loop median filter.
bsd68,test009,321,481,30,2817181131,NLM_Skimage_Fast,"skimage.denoise_nl_means(fast_mode=True, h=0.8*sigma, sigma=known_sigma)",25.856808,0.70410883,353.256,ok,,Fast engineering baseline; not the original patchwise NLM runtime.
bsd68,test009,321,481,30,2817181131,NLM_IPOL_Like,skimage.denoise_nl_means(fast_mode=False) with IPOL grayscale parameter schedule,25.456051,0.6793909,4417.374,ok,,Closer to IPOL patchwise parameters; can be very slow.
bsd68,test009,321,481,30,2817181131,BM3D_TAU,"bm3d.bm3d(noisy_float01, sigma_psd=sigma/255)",27.679365,0.78952579,1346.556,ok,,Reference classical upper baseline for AWGN.
bsd68,test009,321,481,35,3162352926,Noisy,"clean + AWGN, clipped to [0,1]",18.031313,0.30717577,0.0,ok,,same noisy image reused for all methods
bsd68,test009,321,481,35,3162352926,Gaussian_SciPy,"scipy.ndimage.gaussian_filter(sigma_filter=1.5, reflect)",24.795995,0.68428348,2.866,ok,,Optimized replacement for Python-loop Gaussian filter.
bsd68,test009,321,481,35,3162352926,Median_SciPy,"scipy.ndimage.median_filter(size=3, reflect)",23.474523,0.5170211,17.608,ok,,Optimized replacement for Python-loop median filter.
bsd68,test009,321,481,35,3162352926,NLM_Skimage_Fast,"skimage.denoise_nl_means(fast_mode=True, h=0.8*sigma, sigma=known_sigma)",25.003791,0.66764279,351.099,ok,,Fast engineering baseline; not the original patchwise NLM runtime.
bsd68,test009,321,481,35,3162352926,NLM_IPOL_Like,skimage.denoise_nl_means(fast_mode=False) with IPOL grayscale parameter schedule,25.271158,0.71038408,18310.992,ok,,Closer to IPOL patchwise parameters; can be very slow.
bsd68,test009,321,481,35,3162352926,BM3D_TAU,"bm3d.bm3d(noisy_float01, sigma_psd=sigma/255)",26.938653,0.76436486,1351.052,ok,,Reference classical upper baseline for AWGN.
bsd68,test009,321,481,40,1296009734,Noisy,"clean + AWGN, clipped to [0,1]",17.051468,0.26948898,0.0,ok,,same noisy image reused for all methods
bsd68,test009,321,481,40,1296009734,Gaussian_SciPy,"scipy.ndimage.gaussian_filter(sigma_filter=1.5, reflect)",24.439296,0.65840978,2.623,ok,,Optimized replacement for Python-loop Gaussian filter.
bsd68,test009,321,481,40,1296009734,Median_SciPy,"scipy.ndimage.median_filter(size=3, reflect)",22.647474,0.47214749,16.468,ok,,Optimized replacement for Python-loop median filter.
bsd68,test009,321,481,40,1296009734,NLM_Skimage_Fast,"skimage.denoise_nl_means(fast_mode=True, h=0.8*sigma, sigma=known_sigma)",24.240545,0.63227586,353.803,ok,,Fast engineering baseline; not the original patchwise NLM runtime.
bsd68,test009,321,481,40,1296009734,NLM_IPOL_Like,skimage.denoise_nl_means(fast_mode=False) with IPOL grayscale parameter schedule,24.693685,0.68121075,18805.573,ok,,Closer to IPOL patchwise parameters; can be very slow.
bsd68,test009,321,481,40,1296009734,BM3D_TAU,"bm3d.bm3d(noisy_float01, sigma_psd=sigma/255)",26.200413,0.73490991,1375.002,ok,,Reference classical upper baseline for AWGN.
bsd68,test009,321,481,50,1543814162,Noisy,"clean + AWGN, clipped to [0,1]",15.419948,0.21357737,0.0,ok,,same noisy image reused for all methods
bsd68,test009,321,481,50,1543814162,Gaussian_SciPy,"scipy.ndimage.gaussian_filter(sigma_filter=1.5, reflect)",23.644016,0.61672852,2.102,ok,,Optimized replacement for Python-loop Gaussian filter.
bsd68,test009,321,481,50,1543814162,Median_SciPy,"scipy.ndimage.median_filter(size=3, reflect)",21.297069,0.4068721,16.524,ok,,Optimized replacement for Python-loop median filter.
bsd68,test009,321,481,50,1543814162,NLM_Skimage_Fast,"skimage.denoise_nl_means(fast_mode=True, h=0.8*sigma, sigma=known_sigma)",22.895458,0.5728529,349.036,ok,,Fast engineering baseline; not the original patchwise NLM runtime.
bsd68,test009,321,481,50,1543814162,NLM_IPOL_Like,skimage.denoise_nl_means(fast_mode=False) with IPOL grayscale parameter schedule,23.554702,0.62110369,29529.177,ok,,Closer to IPOL patchwise parameters; can be very slow.
bsd68,test009,321,481,50,1543814162,BM3D_TAU,"bm3d.bm3d(noisy_float01, sigma_psd=sigma/255)",24.950238,0.69146282,1577.438,ok,,Reference classical upper baseline for AWGN.
bsd68,test009,321,481,75,3455362707,Noisy,"clean + AWGN, clipped to [0,1]",12.500648,0.12933678,0.0,ok,,same noisy image reused for all methods
bsd68,test009,321,481,75,3455362707,Gaussian_SciPy,"scipy.ndimage.gaussian_filter(sigma_filter=1.5, reflect)",21.272885,0.50668306,2.885,ok,,Optimized replacement for Python-loop Gaussian filter.
bsd68,test009,321,481,75,3455362707,Median_SciPy,"scipy.ndimage.median_filter(size=3, reflect)",18.518937,0.28547655,16.849,ok,,Optimized replacement for Python-loop median filter.
bsd68,test009,321,481,75,3455362707,NLM_Skimage_Fast,"skimage.denoise_nl_means(fast_mode=True, h=0.8*sigma, sigma=known_sigma)",20.066308,0.46198542,350.032,ok,,Fast engineering baseline; not the original patchwise NLM runtime.
bsd68,test009,321,481,75,3455362707,NLM_IPOL_Like,skimage.denoise_nl_means(fast_mode=False) with IPOL grayscale parameter schedule,20.406543,0.48427709,31472.28,ok,,Closer to IPOL patchwise parameters; can be very slow.
bsd68,test009,321,481,75,3455362707,BM3D_TAU,"bm3d.bm3d(noisy_float01, sigma_psd=sigma/255)",22.111688,0.58980042,1400.86,ok,,Reference classical upper baseline for AWGN.
bsd68,test010,321,481,5,3597930691,Noisy,"clean + AWGN, clipped to [0,1]",34.153386,0.87997812,0.0,ok,,same noisy image reused for all methods
bsd68,test010,321,481,5,3597930691,Gaussian_SciPy,"scipy.ndimage.gaussian_filter(sigma_filter=1.5, reflect)",28.047734,0.80523336,2.571,ok,,Optimized replacement for Python-loop Gaussian filter.
bsd68,test010,321,481,5,3597930691,Median_SciPy,"scipy.ndimage.median_filter(size=3, reflect)",30.666333,0.88106548,15.249,ok,,Optimized replacement for Python-loop median filter.
bsd68,test010,321,481,5,3597930691,NLM_Skimage_Fast,"skimage.denoise_nl_means(fast_mode=True, h=0.8*sigma, sigma=known_sigma)",36.818755,0.95258434,306.475,ok,,Fast engineering baseline; not the original patchwise NLM runtime.
bsd68,test010,321,481,5,3597930691,NLM_IPOL_Like,skimage.denoise_nl_means(fast_mode=False) with IPOL grayscale parameter schedule,,,2506.055,ok,,Closer to IPOL patchwise parameters; can be very slow.
bsd68,test010,321,481,5,3597930691,BM3D_TAU,"bm3d.bm3d(noisy_float01, sigma_psd=sigma/255)",38.014811,0.96668525,1422.148,ok,,Reference classical upper baseline for AWGN.
bsd68,test010,321,481,10,2461433167,Noisy,"clean + AWGN, clipped to [0,1]",28.143143,0.68507393,0.0,ok,,same noisy image reused for all methods
bsd68,test010,321,481,10,2461433167,Gaussian_SciPy,"scipy.ndimage.gaussian_filter(sigma_filter=1.5, reflect)",27.935358,0.7940115,2.836,ok,,Optimized replacement for Python-loop Gaussian filter.
bsd68,test010,321,481,10,2461433167,Median_SciPy,"scipy.ndimage.median_filter(size=3, reflect)",29.641039,0.81899211,16.354,ok,,Optimized replacement for Python-loop median filter.
bsd68,test010,321,481,10,2461433167,NLM_Skimage_Fast,"skimage.denoise_nl_means(fast_mode=True, h=0.8*sigma, sigma=known_sigma)",32.433091,0.87976192,453.691,ok,,Fast engineering baseline; not the original patchwise NLM runtime.
bsd68,test010,321,481,10,2461433167,NLM_IPOL_Like,skimage.denoise_nl_means(fast_mode=False) with IPOL grayscale parameter schedule,30.58074,0.79072886,2716.365,ok,,Closer to IPOL patchwise parameters; can be very slow.
bsd68,test010,321,481,10,2461433167,BM3D_TAU,"bm3d.bm3d(noisy_float01, sigma_psd=sigma/255)",33.899523,0.91864804,1429.511,ok,,Reference classical upper baseline for AWGN.
bsd68,test010,321,481,15,3318823268,Noisy,"clean + AWGN, clipped to [0,1]",24.646678,0.53324307,0.0,ok,,same noisy image reused for all methods
bsd68,test010,321,481,15,3318823268,Gaussian_SciPy,"scipy.ndimage.gaussian_filter(sigma_filter=1.5, reflect)",27.759239,0.77896489,2.765,ok,,Optimized replacement for Python-loop Gaussian filter.
bsd68,test010,321,481,15,3318823268,Median_SciPy,"scipy.ndimage.median_filter(size=3, reflect)",28.415958,0.74405201,16.532,ok,,Optimized replacement for Python-loop median filter.
bsd68,test010,321,481,15,3318823268,NLM_Skimage_Fast,"skimage.denoise_nl_means(fast_mode=True, h=0.8*sigma, sigma=known_sigma)",30.192375,0.82125844,371.847,ok,,Fast engineering baseline; not the original patchwise NLM runtime.
bsd68,test010,321,481,15,3318823268,NLM_IPOL_Like,skimage.denoise_nl_means(fast_mode=False) with IPOL grayscale parameter schedule,27.677929,0.66788237,2790.779,ok,,Closer to IPOL patchwise parameters; can be very slow.
bsd68,test010,321,481,15,3318823268,BM3D_TAU,"bm3d.bm3d(noisy_float01, sigma_psd=sigma/255)",31.818323,0.87664671,1356.743,ok,,Reference classical upper baseline for AWGN.
bsd68,test010,321,481,20,3816623228,Noisy,"clean + AWGN, clipped to [0,1]",22.12711,0.42042485,0.0,ok,,same noisy image reused for all methods
bsd68,test010,321,481,20,3816623228,Gaussian_SciPy,"scipy.ndimage.gaussian_filter(sigma_filter=1.5, reflect)",27.495883,0.75603285,3.275,ok,,Optimized replacement for Python-loop Gaussian filter.
bsd68,test010,321,481,20,3816623228,Median_SciPy,"scipy.ndimage.median_filter(size=3, reflect)",27.179488,0.66682329,15.474,ok,,Optimized replacement for Python-loop median filter.
bsd68,test010,321,481,20,3816623228,NLM_Skimage_Fast,"skimage.denoise_nl_means(fast_mode=True, h=0.8*sigma, sigma=known_sigma)",28.645013,0.76850841,362.732,ok,,Fast engineering baseline; not the original patchwise NLM runtime.
bsd68,test010,321,481,20,3816623228,NLM_IPOL_Like,skimage.denoise_nl_means(fast_mode=False) with IPOL grayscale parameter schedule,27.614572,0.68285484,4311.361,ok,,Closer to IPOL patchwise parameters; can be very slow.
bsd68,test010,321,481,20,3816623228,BM3D_TAU,"bm3d.bm3d(noisy_float01, sigma_psd=sigma/255)",30.28992,0.83659071,1404.642,ok,,Reference classical upper baseline for AWGN.
bsd68,test010,321,481,25,338406962,Noisy,"clean + AWGN, clipped to [0,1]",20.188851,0.33762361,0.0,ok,,same noisy image reused for all methods
bsd68,test010,321,481,25,338406962,Gaussian_SciPy,"scipy.ndimage.gaussian_filter(sigma_filter=1.5, reflect)",27.195479,0.73006505,2.378,ok,,Optimized replacement for Python-loop Gaussian filter.
bsd68,test010,321,481,25,338406962,Median_SciPy,"scipy.ndimage.median_filter(size=3, reflect)",25.998601,0.59537137,16.61,ok,,Optimized replacement for Python-loop median filter.
bsd68,test010,321,481,25,338406962,NLM_Skimage_Fast,"skimage.denoise_nl_means(fast_mode=True, h=0.8*sigma, sigma=known_sigma)",27.425547,0.72225166,363.468,ok,,Fast engineering baseline; not the original patchwise NLM runtime.
bsd68,test010,321,481,25,338406962,NLM_IPOL_Like,skimage.denoise_nl_means(fast_mode=False) with IPOL grayscale parameter schedule,26.255537,0.60654476,4434.997,ok,,Closer to IPOL patchwise parameters; can be very slow.
bsd68,test010,321,481,25,338406962,BM3D_TAU,"bm3d.bm3d(noisy_float01, sigma_psd=sigma/255)",29.219714,0.80189072,1362.031,ok,,Reference classical upper baseline for AWGN.
bsd68,test010,321,481,30,547817005,Noisy,"clean + AWGN, clipped to [0,1]",18.666901,0.27848719,0.0,ok,,same noisy image reused for all methods
bsd68,test010,321,481,30,547817005,Gaussian_SciPy,"scipy.ndimage.gaussian_filter(sigma_filter=1.5, reflect)",26.831395,0.70239878,3.413,ok,,Optimized replacement for Python-loop Gaussian filter.
bsd68,test010,321,481,30,547817005,Median_SciPy,"scipy.ndimage.median_filter(size=3, reflect)",24.895626,0.53224584,16.745,ok,,Optimized replacement for Python-loop median filter.
bsd68,test010,321,481,30,547817005,NLM_Skimage_Fast,"skimage.denoise_nl_means(fast_mode=True, h=0.8*sigma, sigma=known_sigma)",26.602398,0.68494337,352.138,ok,,Fast engineering baseline; not the original patchwise NLM runtime.
bsd68,test010,321,481,30,547817005,NLM_IPOL_Like,skimage.denoise_nl_means(fast_mode=False) with IPOL grayscale parameter schedule,25.286346,0.54706697,4518.529,ok,,Closer to IPOL patchwise parameters; can be very slow.
bsd68,test010,321,481,30,547817005,BM3D_TAU,"bm3d.bm3d(noisy_float01, sigma_psd=sigma/255)",28.364356,0.77116276,1499.685,ok,,Reference classical upper baseline for AWGN.
bsd68,test010,321,481,35,2619049762,Noisy,"clean + AWGN, clipped to [0,1]",17.384029,0.23440766,0.0,ok,,same noisy image reused for all methods
bsd68,test010,321,481,35,2619049762,Gaussian_SciPy,"scipy.ndimage.gaussian_filter(sigma_filter=1.5, reflect)",26.551929,0.67755239,2.104,ok,,Optimized replacement for Python-loop Gaussian filter.
bsd68,test010,321,481,35,2619049762,Median_SciPy,"scipy.ndimage.median_filter(size=3, reflect)",23.929509,0.47876229,16.521,ok,,Optimized replacement for Python-loop median filter.
bsd68,test010,321,481,35,2619049762,NLM_Skimage_Fast,"skimage.denoise_nl_means(fast_mode=True, h=0.8*sigma, sigma=known_sigma)",25.975551,0.65507339,354.676,ok,,Fast engineering baseline; not the original patchwise NLM runtime.
bsd68,test010,321,481,35,2619049762,NLM_IPOL_Like,skimage.denoise_nl_means(fast_mode=False) with IPOL grayscale parameter schedule,25.583049,0.58016317,18618.881,ok,,Closer to IPOL patchwise parameters; can be very slow.
bsd68,test010,321,481,35,2619049762,BM3D_TAU,"bm3d.bm3d(noisy_float01, sigma_psd=sigma/255)",27.732983,0.74652441,1389.655,ok,,Reference classical upper baseline for AWGN.
bsd68,test010,321,481,40,2715274339,Noisy,"clean + AWGN, clipped to [0,1]",16.299344,0.19867696,0.0,ok,,same noisy image reused for all methods
bsd68,test010,321,481,40,2715274339,Gaussian_SciPy,"scipy.ndimage.gaussian_filter(sigma_filter=1.5, reflect)",26.130249,0.64694773,3.375,ok,,Optimized replacement for Python-loop Gaussian filter.
bsd68,test010,321,481,40,2715274339,Median_SciPy,"scipy.ndimage.median_filter(size=3, reflect)",22.998208,0.42892432,17.045,ok,,Optimized replacement for Python-loop median filter.
bsd68,test010,321,481,40,2715274339,NLM_Skimage_Fast,"skimage.denoise_nl_means(fast_mode=True, h=0.8*sigma, sigma=known_sigma)",25.404596,0.62692342,349.91,ok,,Fast engineering baseline; not the original patchwise NLM runtime.
bsd68,test010,321,481,40,2715274339,NLM_IPOL_Like,skimage.denoise_nl_means(fast_mode=False) with IPOL grayscale parameter schedule,24.98636,0.5452243,19014.555,ok,,Closer to IPOL patchwise parameters; can be very slow.
bsd68,test010,321,481,40,2715274339,BM3D_TAU,"bm3d.bm3d(noisy_float01, sigma_psd=sigma/255)",27.159966,0.72103168,1391.742,ok,,Reference classical upper baseline for AWGN.
bsd68,test010,321,481,50,239811355,Noisy,"clean + AWGN, clipped to [0,1]",14.544895,0.1476981,0.0,ok,,same noisy image reused for all methods
bsd68,test010,321,481,50,239811355,Gaussian_SciPy,"scipy.ndimage.gaussian_filter(sigma_filter=1.5, reflect)",25.304729,0.59197194,2.439,ok,,Optimized replacement for Python-loop Gaussian filter.
bsd68,test010,321,481,50,239811355,Median_SciPy,"scipy.ndimage.median_filter(size=3, reflect)",21.303902,0.34880485,16.692,ok,,Optimized replacement for Python-loop median filter.
bsd68,test010,321,481,50,239811355,NLM_Skimage_Fast,"skimage.denoise_nl_means(fast_mode=True, h=0.8*sigma, sigma=known_sigma)",24.560491,0.58533412,348.366,ok,,Fast engineering baseline; not the original patchwise NLM runtime.
bsd68,test010,321,481,50,239811355,NLM_IPOL_Like,skimage.denoise_nl_means(fast_mode=False) with IPOL grayscale parameter schedule,24.768399,0.5678077,29827.949,ok,,Closer to IPOL patchwise parameters; can be very slow.
bsd68,test010,321,481,50,239811355,BM3D_TAU,"bm3d.bm3d(noisy_float01, sigma_psd=sigma/255)",26.205887,0.6785244,1349.739,ok,,Reference classical upper baseline for AWGN.
bsd68,test010,321,481,75,2352692128,Noisy,"clean + AWGN, clipped to [0,1]",11.751405,0.08621223,0.0,ok,,same noisy image reused for all methods
bsd68,test010,321,481,75,2352692128,Gaussian_SciPy,"scipy.ndimage.gaussian_filter(sigma_filter=1.5, reflect)",23.413809,0.48220092,2.377,ok,,Optimized replacement for Python-loop Gaussian filter.
bsd68,test010,321,481,75,2352692128,Median_SciPy,"scipy.ndimage.median_filter(size=3, reflect)",18.157272,0.22422199,15.986,ok,,Optimized replacement for Python-loop median filter.
bsd68,test010,321,481,75,2352692128,NLM_Skimage_Fast,"skimage.denoise_nl_means(fast_mode=True, h=0.8*sigma, sigma=known_sigma)",22.888221,0.51855203,346.558,ok,,Fast engineering baseline; not the original patchwise NLM runtime.
bsd68,test010,321,481,75,2352692128,NLM_IPOL_Like,skimage.denoise_nl_means(fast_mode=False) with IPOL grayscale parameter schedule,22.894909,0.52408411,32202.194,ok,,Closer to IPOL patchwise parameters; can be very slow.
bsd68,test010,321,481,75,2352692128,BM3D_TAU,"bm3d.bm3d(noisy_float01, sigma_psd=sigma/255)",24.540529,0.60624448,1373.176,ok,,Reference classical upper baseline for AWGN.
bsd68,test011,321,481,5,2698489613,Noisy,"clean + AWGN, clipped to [0,1]",34.19807,0.92224514,0.0,ok,,same noisy image reused for all methods
bsd68,test011,321,481,5,2698489613,Gaussian_SciPy,"scipy.ndimage.gaussian_filter(sigma_filter=1.5, reflect)",22.327141,0.69737099,2.148,ok,,Optimized replacement for Python-loop Gaussian filter.
bsd68,test011,321,481,5,2698489613,Median_SciPy,"scipy.ndimage.median_filter(size=3, reflect)",26.630266,0.85696931,13.962,ok,,Optimized replacement for Python-loop median filter.
bsd68,test011,321,481,5,2698489613,NLM_Skimage_Fast,"skimage.denoise_nl_means(fast_mode=True, h=0.8*sigma, sigma=known_sigma)",36.901743,0.96612975,308.625,ok,,Fast engineering baseline; not the original patchwise NLM runtime.
bsd68,test011,321,481,5,2698489613,NLM_IPOL_Like,skimage.denoise_nl_means(fast_mode=False) with IPOL grayscale parameter schedule,,,2282.312,ok,,Closer to IPOL patchwise parameters; can be very slow.
bsd68,test011,321,481,5,2698489613,BM3D_TAU,"bm3d.bm3d(noisy_float01, sigma_psd=sigma/255)",37.90443,0.97634877,1321.502,ok,,Reference classical upper baseline for AWGN.
bsd68,test011,321,481,10,3979406459,Noisy,"clean + AWGN, clipped to [0,1]",28.327464,0.79818354,0.0,ok,,same noisy image reused for all methods
bsd68,test011,321,481,10,3979406459,Gaussian_SciPy,"scipy.ndimage.gaussian_filter(sigma_filter=1.5, reflect)",22.282364,0.69078498,3.452,ok,,Optimized replacement for Python-loop Gaussian filter.
bsd68,test011,321,481,10,3979406459,Median_SciPy,"scipy.ndimage.median_filter(size=3, reflect)",26.071857,0.81243822,15.22,ok,,Optimized replacement for Python-loop median filter.
bsd68,test011,321,481,10,3979406459,NLM_Skimage_Fast,"skimage.denoise_nl_means(fast_mode=True, h=0.8*sigma, sigma=known_sigma)",32.364522,0.92096224,303.129,ok,,Fast engineering baseline; not the original patchwise NLM runtime.
bsd68,test011,321,481,10,3979406459,NLM_IPOL_Like,skimage.denoise_nl_means(fast_mode=False) with IPOL grayscale parameter schedule,30.72468,0.87493216,2482.61,ok,,Closer to IPOL patchwise parameters; can be very slow.
bsd68,test011,321,481,10,3979406459,BM3D_TAU,"bm3d.bm3d(noisy_float01, sigma_psd=sigma/255)",33.737016,0.94814792,1339.354,ok,,Reference classical upper baseline for AWGN.
bsd68,test011,321,481,15,596412696,Noisy,"clean + AWGN, clipped to [0,1]",24.925653,0.69224772,0.0,ok,,same noisy image reused for all methods
bsd68,test011,321,481,15,596412696,Gaussian_SciPy,"scipy.ndimage.gaussian_filter(sigma_filter=1.5, reflect)",22.203017,0.68006265,2.663,ok,,Optimized replacement for Python-loop Gaussian filter.
bsd68,test011,321,481,15,596412696,Median_SciPy,"scipy.ndimage.median_filter(size=3, reflect)",25.359004,0.7582838,15.625,ok,,Optimized replacement for Python-loop median filter.
bsd68,test011,321,481,15,596412696,NLM_Skimage_Fast,"skimage.denoise_nl_means(fast_mode=True, h=0.8*sigma, sigma=known_sigma)",29.413647,0.86755039,335.701,ok,,Fast engineering baseline; not the original patchwise NLM runtime.
bsd68,test011,321,481,15,596412696,NLM_IPOL_Like,skimage.denoise_nl_means(fast_mode=False) with IPOL grayscale parameter schedule,27.691137,0.79506627,2599.519,ok,,Closer to IPOL patchwise parameters; can be very slow.
bsd68,test011,321,481,15,596412696,BM3D_TAU,"bm3d.bm3d(noisy_float01, sigma_psd=sigma/255)",31.321794,0.91827038,1353.381,ok,,Reference classical upper baseline for AWGN.
bsd68,test011,321,481,20,3550911533,Noisy,"clean + AWGN, clipped to [0,1]",22.534974,0.60569366,0.0,ok,,same noisy image reused for all methods
bsd68,test011,321,481,20,3550911533,Gaussian_SciPy,"scipy.ndimage.gaussian_filter(sigma_filter=1.5, reflect)",22.089501,0.66604658,2.058,ok,,Optimized replacement for Python-loop Gaussian filter.
bsd68,test011,321,481,20,3550911533,Median_SciPy,"scipy.ndimage.median_filter(size=3, reflect)",24.587008,0.70565877,16.644,ok,,Optimized replacement for Python-loop median filter.
bsd68,test011,321,481,20,3550911533,NLM_Skimage_Fast,"skimage.denoise_nl_means(fast_mode=True, h=0.8*sigma, sigma=known_sigma)",27.227019,0.80582014,345.821,ok,,Fast engineering baseline; not the original patchwise NLM runtime.
bsd68,test011,321,481,20,3550911533,NLM_IPOL_Like,skimage.denoise_nl_means(fast_mode=False) with IPOL grayscale parameter schedule,27.218561,0.80603508,3837.217,ok,,Closer to IPOL patchwise parameters; can be very slow.
bsd68,test011,321,481,20,3550911533,BM3D_TAU,"bm3d.bm3d(noisy_float01, sigma_psd=sigma/255)",29.614712,0.8863069,1374.53,ok,,Reference classical upper baseline for AWGN.
bsd68,test011,321,481,25,678092020,Noisy,"clean + AWGN, clipped to [0,1]",20.681059,0.53471404,0.0,ok,,same noisy image reused for all methods
bsd68,test011,321,481,25,678092020,Gaussian_SciPy,"scipy.ndimage.gaussian_filter(sigma_filter=1.5, reflect)",21.941138,0.64937464,2.633,ok,,Optimized replacement for Python-loop Gaussian filter.
bsd68,test011,321,481,25,678092020,Median_SciPy,"scipy.ndimage.median_filter(size=3, reflect)",23.779202,0.65467177,16.02,ok,,Optimized replacement for Python-loop median filter.
bsd68,test011,321,481,25,678092020,NLM_Skimage_Fast,"skimage.denoise_nl_means(fast_mode=True, h=0.8*sigma, sigma=known_sigma)",25.516501,0.74134144,352.892,ok,,Fast engineering baseline; not the original patchwise NLM runtime.
bsd68,test011,321,481,25,678092020,NLM_IPOL_Like,skimage.denoise_nl_means(fast_mode=False) with IPOL grayscale parameter schedule,25.824805,0.7536346,4009.505,ok,,Closer to IPOL patchwise parameters; can be very slow.
bsd68,test011,321,481,25,678092020,BM3D_TAU,"bm3d.bm3d(noisy_float01, sigma_psd=sigma/255)",28.238296,0.85538086,1351.272,ok,,Reference classical upper baseline for AWGN.
bsd68,test011,321,481,30,2415956110,Noisy,"clean + AWGN, clipped to [0,1]",19.218937,0.47694351,0.0,ok,,same noisy image reused for all methods
bsd68,test011,321,481,30,2415956110,Gaussian_SciPy,"scipy.ndimage.gaussian_filter(sigma_filter=1.5, reflect)",21.788543,0.6325319,3.205,ok,,Optimized replacement for Python-loop Gaussian filter.
bsd68,test011,321,481,30,2415956110,Median_SciPy,"scipy.ndimage.median_filter(size=3, reflect)",23.049703,0.61234,16.17,ok,,Optimized replacement for Python-loop median filter.
bsd68,test011,321,481,30,2415956110,NLM_Skimage_Fast,"skimage.denoise_nl_means(fast_mode=True, h=0.8*sigma, sigma=known_sigma)",24.292299,0.68447477,353.413,ok,,Fast engineering baseline; not the original patchwise NLM runtime.
bsd68,test011,321,481,30,2415956110,NLM_IPOL_Like,skimage.denoise_nl_means(fast_mode=False) with IPOL grayscale parameter schedule,24.681238,0.7055349,4124.229,ok,,Closer to IPOL patchwise parameters; can be very slow.
bsd68,test011,321,481,30,2415956110,BM3D_TAU,"bm3d.bm3d(noisy_float01, sigma_psd=sigma/255)",27.211362,0.82631456,1339.072,ok,,Reference classical upper baseline for AWGN.
bsd68,test011,321,481,35,1517933160,Noisy,"clean + AWGN, clipped to [0,1]",17.997215,0.42713769,0.0,ok,,same noisy image reused for all methods
bsd68,test011,321,481,35,1517933160,Gaussian_SciPy,"scipy.ndimage.gaussian_filter(sigma_filter=1.5, reflect)",21.576513,0.6135074,2.496,ok,,Optimized replacement for Python-loop Gaussian filter.
bsd68,test011,321,481,35,1517933160,Median_SciPy,"scipy.ndimage.median_filter(size=3, reflect)",22.346817,0.57310006,17.894,ok,,Optimized replacement for Python-loop median filter.
bsd68,test011,321,481,35,1517933160,NLM_Skimage_Fast,"skimage.denoise_nl_means(fast_mode=True, h=0.8*sigma, sigma=known_sigma)",23.254389,0.6304027,345.46,ok,,Fast engineering baseline; not the original patchwise NLM runtime.
bsd68,test011,321,481,35,1517933160,NLM_IPOL_Like,skimage.denoise_nl_means(fast_mode=False) with IPOL grayscale parameter schedule,24.403735,0.69865706,16002.486,ok,,Closer to IPOL patchwise parameters; can be very slow.
bsd68,test011,321,481,35,1517933160,BM3D_TAU,"bm3d.bm3d(noisy_float01, sigma_psd=sigma/255)",26.217669,0.79300019,1370.436,ok,,Reference classical upper baseline for AWGN.
bsd68,test011,321,481,40,1322543004,Noisy,"clean + AWGN, clipped to [0,1]",16.970433,0.38615584,0.0,ok,,same noisy image reused for all methods
bsd68,test011,321,481,40,1322543004,Gaussian_SciPy,"scipy.ndimage.gaussian_filter(sigma_filter=1.5, reflect)",21.361221,0.59458486,2.06,ok,,Optimized replacement for Python-loop Gaussian filter.
bsd68,test011,321,481,40,1322543004,Median_SciPy,"scipy.ndimage.median_filter(size=3, reflect)",21.658606,0.53779113,15.229,ok,,Optimized replacement for Python-loop median filter.
bsd68,test011,321,481,40,1322543004,NLM_Skimage_Fast,"skimage.denoise_nl_means(fast_mode=True, h=0.8*sigma, sigma=known_sigma)",22.389508,0.58415206,348.996,ok,,Fast engineering baseline; not the original patchwise NLM runtime.
bsd68,test011,321,481,40,1322543004,NLM_IPOL_Like,skimage.denoise_nl_means(fast_mode=False) with IPOL grayscale parameter schedule,23.670831,0.65736609,16709.038,ok,,Closer to IPOL patchwise parameters; can be very slow.
bsd68,test011,321,481,40,1322543004,BM3D_TAU,"bm3d.bm3d(noisy_float01, sigma_psd=sigma/255)",25.420284,0.7646208,1354.436,ok,,Reference classical upper baseline for AWGN.
bsd68,test011,321,481,50,947867604,Noisy,"clean + AWGN, clipped to [0,1]",15.232064,0.31913018,0.0,ok,,same noisy image reused for all methods
bsd68,test011,321,481,50,947867604,Gaussian_SciPy,"scipy.ndimage.gaussian_filter(sigma_filter=1.5, reflect)",20.836021,0.55673017,2.362,ok,,Optimized replacement for Python-loop Gaussian filter.
bsd68,test011,321,481,50,947867604,Median_SciPy,"scipy.ndimage.median_filter(size=3, reflect)",20.39405,0.47593218,15.492,ok,,Optimized replacement for Python-loop median filter.
bsd68,test011,321,481,50,947867604,NLM_Skimage_Fast,"skimage.denoise_nl_means(fast_mode=True, h=0.8*sigma, sigma=known_sigma)",20.995591,0.51470333,353.264,ok,,Fast engineering baseline; not the original patchwise NLM runtime.
bsd68,test011,321,481,50,947867604,NLM_IPOL_Like,skimage.denoise_nl_means(fast_mode=False) with IPOL grayscale parameter schedule,22.261978,0.59019528,26241.562,ok,,Closer to IPOL patchwise parameters; can be very slow.
bsd68,test011,321,481,50,947867604,BM3D_TAU,"bm3d.bm3d(noisy_float01, sigma_psd=sigma/255)",23.981382,0.70694341,1519.1,ok,,Reference classical upper baseline for AWGN.
bsd68,test011,321,481,75,4070793,Noisy,"clean + AWGN, clipped to [0,1]",12.342956,0.21335483,0.0,ok,,same noisy image reused for all methods
bsd68,test011,321,481,75,4070793,Gaussian_SciPy,"scipy.ndimage.gaussian_filter(sigma_filter=1.5, reflect)",19.379851,0.47353976,4.416,ok,,Optimized replacement for Python-loop Gaussian filter.
bsd68,test011,321,481,75,4070793,Median_SciPy,"scipy.ndimage.median_filter(size=3, reflect)",17.894483,0.36297656,19.044,ok,,Optimized replacement for Python-loop median filter.
bsd68,test011,321,481,75,4070793,NLM_Skimage_Fast,"skimage.denoise_nl_means(fast_mode=True, h=0.8*sigma, sigma=known_sigma)",18.122644,0.39146215,522.114,ok,,Fast engineering baseline; not the original patchwise NLM runtime.
bsd68,test011,321,481,75,4070793,NLM_IPOL_Like,skimage.denoise_nl_means(fast_mode=False) with IPOL grayscale parameter schedule,19.183537,0.44538207,29712.944,ok,,Closer to IPOL patchwise parameters; can be very slow.
bsd68,test011,321,481,75,4070793,BM3D_TAU,"bm3d.bm3d(noisy_float01, sigma_psd=sigma/255)",21.104936,0.57464769,1375.781,ok,,Reference classical upper baseline for AWGN.
bsd68,test012,321,481,5,3691475610,Noisy,"clean + AWGN, clipped to [0,1]",34.165942,0.92526974,0.0,ok,,same noisy image reused for all methods
bsd68,test012,321,481,5,3691475610,Gaussian_SciPy,"scipy.ndimage.gaussian_filter(sigma_filter=1.5, reflect)",26.24938,0.73526053,2.514,ok,,Optimized replacement for Python-loop Gaussian filter.
bsd68,test012,321,481,5,3691475610,Median_SciPy,"scipy.ndimage.median_filter(size=3, reflect)",29.920353,0.870964,15.382,ok,,Optimized replacement for Python-loop median filter.
bsd68,test012,321,481,5,3691475610,NLM_Skimage_Fast,"skimage.denoise_nl_means(fast_mode=True, h=0.8*sigma, sigma=known_sigma)",35.54562,0.94495615,297.99,ok,,Fast engineering baseline; not the original patchwise NLM runtime.
bsd68,test012,321,481,5,3691475610,NLM_IPOL_Like,skimage.denoise_nl_means(fast_mode=False) with IPOL grayscale parameter schedule,35.158503,0.94339645,2413.357,ok,,Closer to IPOL patchwise parameters; can be very slow.
bsd68,test012,321,481,5,3691475610,BM3D_TAU,"bm3d.bm3d(noisy_float01, sigma_psd=sigma/255)",36.610257,0.95888267,1318.24,ok,,Reference classical upper baseline for AWGN.
bsd68,test012,321,481,10,1104743924,Noisy,"clean + AWGN, clipped to [0,1]",28.123945,0.78056507,0.0,ok,,same noisy image reused for all methods
bsd68,test012,321,481,10,1104743924,Gaussian_SciPy,"scipy.ndimage.gaussian_filter(sigma_filter=1.5, reflect)",26.169772,0.72901224,2.588,ok,,Optimized replacement for Python-loop Gaussian filter.
bsd68,test012,321,481,10,1104743924,Median_SciPy,"scipy.ndimage.median_filter(size=3, reflect)",28.92556,0.82772718,17.275,ok,,Optimized replacement for Python-loop median filter.
bsd68,test012,321,481,10,1104743924,NLM_Skimage_Fast,"skimage.denoise_nl_means(fast_mode=True, h=0.8*sigma, sigma=known_sigma)",31.28359,0.86862271,348.981,ok,,Fast engineering baseline; not the original patchwise NLM runtime.
bsd68,test012,321,481,10,1104743924,NLM_IPOL_Like,skimage.denoise_nl_means(fast_mode=False) with IPOL grayscale parameter schedule,30.129499,0.84537625,2659.135,ok,,Closer to IPOL patchwise parameters; can be very slow.
bsd68,test012,321,481,10,1104743924,BM3D_TAU,"bm3d.bm3d(noisy_float01, sigma_psd=sigma/255)",32.682247,0.90922769,1347.417,ok,,Reference classical upper baseline for AWGN.
bsd68,test012,321,481,15,603434745,Noisy,"clean + AWGN, clipped to [0,1]",24.614899,0.64476985,0.0,ok,,same noisy image reused for all methods
bsd68,test012,321,481,15,603434745,Gaussian_SciPy,"scipy.ndimage.gaussian_filter(sigma_filter=1.5, reflect)",26.058025,0.71869535,2.435,ok,,Optimized replacement for Python-loop Gaussian filter.
bsd68,test012,321,481,15,603434745,Median_SciPy,"scipy.ndimage.median_filter(size=3, reflect)",27.817484,0.77495277,16.843,ok,,Optimized replacement for Python-loop median filter.
bsd68,test012,321,481,15,603434745,NLM_Skimage_Fast,"skimage.denoise_nl_means(fast_mode=True, h=0.8*sigma, sigma=known_sigma)",28.91375,0.79492552,364.427,ok,,Fast engineering baseline; not the original patchwise NLM runtime.
bsd68,test012,321,481,15,603434745,NLM_IPOL_Like,skimage.denoise_nl_means(fast_mode=False) with IPOL grayscale parameter schedule,27.228788,0.74260351,2763.3,ok,,Closer to IPOL patchwise parameters; can be very slow.
bsd68,test012,321,481,15,603434745,BM3D_TAU,"bm3d.bm3d(noisy_float01, sigma_psd=sigma/255)",30.54413,0.85936108,1570.863,ok,,Reference classical upper baseline for AWGN.
bsd68,test012,321,481,20,1383498630,Noisy,"clean + AWGN, clipped to [0,1]",22.116294,0.53333868,0.0,ok,,same noisy image reused for all methods
bsd68,test012,321,481,20,1383498630,Gaussian_SciPy,"scipy.ndimage.gaussian_filter(sigma_filter=1.5, reflect)",25.872188,0.70426145,3.303,ok,,Optimized replacement for Python-loop Gaussian filter.
bsd68,test012,321,481,20,1383498630,Median_SciPy,"scipy.ndimage.median_filter(size=3, reflect)",26.658399,0.71635132,16.703,ok,,Optimized replacement for Python-loop median filter.
bsd68,test012,321,481,20,1383498630,NLM_Skimage_Fast,"skimage.denoise_nl_means(fast_mode=True, h=0.8*sigma, sigma=known_sigma)",27.3404,0.73106894,364.313,ok,,Fast engineering baseline; not the original patchwise NLM runtime.
bsd68,test012,321,481,20,1383498630,NLM_IPOL_Like,skimage.denoise_nl_means(fast_mode=False) with IPOL grayscale parameter schedule,26.714275,0.72771003,4167.247,ok,,Closer to IPOL patchwise parameters; can be very slow.
bsd68,test012,321,481,20,1383498630,BM3D_TAU,"bm3d.bm3d(noisy_float01, sigma_psd=sigma/255)",29.098936,0.81379022,1601.329,ok,,Reference classical upper baseline for AWGN.
bsd68,test012,321,481,25,1369349797,Noisy,"clean + AWGN, clipped to [0,1]",20.233889,0.4477035,0.0,ok,,same noisy image reused for all methods
bsd68,test012,321,481,25,1369349797,Gaussian_SciPy,"scipy.ndimage.gaussian_filter(sigma_filter=1.5, reflect)",25.672258,0.68851719,2.935,ok,,Optimized replacement for Python-loop Gaussian filter.
bsd68,test012,321,481,25,1369349797,Median_SciPy,"scipy.ndimage.median_filter(size=3, reflect)",25.609089,0.66275105,16.157,ok,,Optimized replacement for Python-loop median filter.
bsd68,test012,321,481,25,1369349797,NLM_Skimage_Fast,"skimage.denoise_nl_means(fast_mode=True, h=0.8*sigma, sigma=known_sigma)",26.195041,0.67879166,370.133,ok,,Fast engineering baseline; not the original patchwise NLM runtime.
bsd68,test012,321,481,25,1369349797,NLM_IPOL_Like,skimage.denoise_nl_means(fast_mode=False) with IPOL grayscale parameter schedule,25.597465,0.66866851,4324.612,ok,,Closer to IPOL patchwise parameters; can be very slow.
bsd68,test012,321,481,25,1369349797,BM3D_TAU,"bm3d.bm3d(noisy_float01, sigma_psd=sigma/255)",28.055862,0.77391458,1365.367,ok,,Reference classical upper baseline for AWGN.
bsd68,test012,321,481,30,3655552574,Noisy,"clean + AWGN, clipped to [0,1]",18.661186,0.37853028,0.0,ok,,same noisy image reused for all methods
bsd68,test012,321,481,30,3655552574,Gaussian_SciPy,"scipy.ndimage.gaussian_filter(sigma_filter=1.5, reflect)",25.432587,0.67334644,1.886,ok,,Optimized replacement for Python-loop Gaussian filter.
bsd68,test012,321,481,30,3655552574,Median_SciPy,"scipy.ndimage.median_filter(size=3, reflect)",24.552396,0.60935047,17.03,ok,,Optimized replacement for Python-loop median filter.
bsd68,test012,321,481,30,3655552574,NLM_Skimage_Fast,"skimage.denoise_nl_means(fast_mode=True, h=0.8*sigma, sigma=known_sigma)",25.28739,0.63306106,360.85,ok,,Fast engineering baseline; not the original patchwise NLM runtime.
bsd68,test012,321,481,30,3655552574,NLM_IPOL_Like,skimage.denoise_nl_means(fast_mode=False) with IPOL grayscale parameter schedule,24.534647,0.61194135,4449.251,ok,,Closer to IPOL patchwise parameters; can be very slow.
bsd68,test012,321,481,30,3655552574,BM3D_TAU,"bm3d.bm3d(noisy_float01, sigma_psd=sigma/255)",27.180347,0.74049922,1365.112,ok,,Reference classical upper baseline for AWGN.
bsd68,test012,321,481,35,1395059949,Noisy,"clean + AWGN, clipped to [0,1]",17.401556,0.32413748,0.0,ok,,same noisy image reused for all methods
bsd68,test012,321,481,35,1395059949,Gaussian_SciPy,"scipy.ndimage.gaussian_filter(sigma_filter=1.5, reflect)",25.171727,0.65368356,2.551,ok,,Optimized replacement for Python-loop Gaussian filter.
bsd68,test012,321,481,35,1395059949,Median_SciPy,"scipy.ndimage.median_filter(size=3, reflect)",23.619679,0.5618042,15.696,ok,,Optimized replacement for Python-loop median filter.
bsd68,test012,321,481,35,1395059949,NLM_Skimage_Fast,"skimage.denoise_nl_means(fast_mode=True, h=0.8*sigma, sigma=known_sigma)",24.584453,0.59118608,357.258,ok,,Fast engineering baseline; not the original patchwise NLM runtime.
bsd68,test012,321,481,35,1395059949,NLM_IPOL_Like,skimage.denoise_nl_means(fast_mode=False) with IPOL grayscale parameter schedule,24.686649,0.61701236,18058.566,ok,,Closer to IPOL patchwise parameters; can be very slow.
bsd68,test012,321,481,35,1395059949,BM3D_TAU,"bm3d.bm3d(noisy_float01, sigma_psd=sigma/255)",26.520275,0.7072602,1386.523,ok,,Reference classical upper baseline for AWGN.
bsd68,test012,321,481,40,2140526246,Noisy,"clean + AWGN, clipped to [0,1]",16.331126,0.28090862,0.0,ok,,same noisy image reused for all methods
bsd68,test012,321,481,40,2140526246,Gaussian_SciPy,"scipy.ndimage.gaussian_filter(sigma_filter=1.5, reflect)",24.873398,0.63439619,2.368,ok,,Optimized replacement for Python-loop Gaussian filter.
bsd68,test012,321,481,40,2140526246,Median_SciPy,"scipy.ndimage.median_filter(size=3, reflect)",22.723218,0.51567388,16.882,ok,,Optimized replacement for Python-loop median filter.
bsd68,test012,321,481,40,2140526246,NLM_Skimage_Fast,"skimage.denoise_nl_means(fast_mode=True, h=0.8*sigma, sigma=known_sigma)",23.932115,0.55100227,358.989,ok,,Fast engineering baseline; not the original patchwise NLM runtime.
bsd68,test012,321,481,40,2140526246,NLM_IPOL_Like,skimage.denoise_nl_means(fast_mode=False) with IPOL grayscale parameter schedule,24.167661,0.58168217,18675.774,ok,,Closer to IPOL patchwise parameters; can be very slow.
bsd68,test012,321,481,40,2140526246,BM3D_TAU,"bm3d.bm3d(noisy_float01, sigma_psd=sigma/255)",25.892098,0.674614,1548.726,ok,,Reference classical upper baseline for AWGN.
bsd68,test012,321,481,50,23202060,Noisy,"clean + AWGN, clipped to [0,1]",14.604034,0.21484691,0.0,ok,,same noisy image reused for all methods
bsd68,test012,321,481,50,23202060,Gaussian_SciPy,"scipy.ndimage.gaussian_filter(sigma_filter=1.5, reflect)",24.267899,0.59291473,2.593,ok,,Optimized replacement for Python-loop Gaussian filter.
bsd68,test012,321,481,50,23202060,Median_SciPy,"scipy.ndimage.median_filter(size=3, reflect)",21.180927,0.44147072,16.296,ok,,Optimized replacement for Python-loop median filter.
bsd68,test012,321,481,50,23202060,NLM_Skimage_Fast,"skimage.denoise_nl_means(fast_mode=True, h=0.8*sigma, sigma=known_sigma)",22.961563,0.48487488,351.627,ok,,Fast engineering baseline; not the original patchwise NLM runtime.
bsd68,test012,321,481,50,23202060,NLM_IPOL_Like,skimage.denoise_nl_means(fast_mode=False) with IPOL grayscale parameter schedule,23.666026,0.54473014,30382.874,ok,,Closer to IPOL patchwise parameters; can be very slow.
bsd68,test012,321,481,50,23202060,BM3D_TAU,"bm3d.bm3d(noisy_float01, sigma_psd=sigma/255)",24.955289,0.61789868,1440.153,ok,,Reference classical upper baseline for AWGN.
bsd68,test012,321,481,75,4049783723,Noisy,"clean + AWGN, clipped to [0,1]",11.77301,0.12872145,0.0,ok,,same noisy image reused for all methods
bsd68,test012,321,481,75,4049783723,Gaussian_SciPy,"scipy.ndimage.gaussian_filter(sigma_filter=1.5, reflect)",22.550569,0.50104724,3.612,ok,,Optimized replacement for Python-loop Gaussian filter.
bsd68,test012,321,481,75,4049783723,Median_SciPy,"scipy.ndimage.median_filter(size=3, reflect)",18.07574,0.30506089,16.247,ok,,Optimized replacement for Python-loop median filter.
bsd68,test012,321,481,75,4049783723,NLM_Skimage_Fast,"skimage.denoise_nl_means(fast_mode=True, h=0.8*sigma, sigma=known_sigma)",21.258822,0.36919134,549.804,ok,,Fast engineering baseline; not the original patchwise NLM runtime.
bsd68,test012,321,481,75,4049783723,NLM_IPOL_Like,skimage.denoise_nl_means(fast_mode=False) with IPOL grayscale parameter schedule,21.584798,0.41444975,32235.103,ok,,Closer to IPOL patchwise parameters; can be very slow.
bsd68,test012,321,481,75,4049783723,BM3D_TAU,"bm3d.bm3d(noisy_float01, sigma_psd=sigma/255)",23.118811,0.50845286,1436.171,ok,,Reference classical upper baseline for AWGN.
bsd68,test013,321,481,5,2542695466,Noisy,"clean + AWGN, clipped to [0,1]",34.152681,0.90343797,0.0,ok,,same noisy image reused for all methods
bsd68,test013,321,481,5,2542695466,Gaussian_SciPy,"scipy.ndimage.gaussian_filter(sigma_filter=1.5, reflect)",28.830281,0.82190444,2.645,ok,,Optimized replacement for Python-loop Gaussian filter.
bsd68,test013,321,481,5,2542695466,Median_SciPy,"scipy.ndimage.median_filter(size=3, reflect)",32.039765,0.9093651,14.978,ok,,Optimized replacement for Python-loop median filter.
bsd68,test013,321,481,5,2542695466,NLM_Skimage_Fast,"skimage.denoise_nl_means(fast_mode=True, h=0.8*sigma, sigma=known_sigma)",36.656043,0.9573159,290.675,ok,,Fast engineering baseline; not the original patchwise NLM runtime.
bsd68,test013,321,481,5,2542695466,NLM_IPOL_Like,skimage.denoise_nl_means(fast_mode=False) with IPOL grayscale parameter schedule,35.455027,0.93301959,2401.889,ok,,Closer to IPOL patchwise parameters; can be very slow.
bsd68,test013,321,481,5,2542695466,BM3D_TAU,"bm3d.bm3d(noisy_float01, sigma_psd=sigma/255)",37.858825,0.96906981,1311.71,ok,,Reference classical upper baseline for AWGN.
bsd68,test013,321,481,10,351574921,Noisy,"clean + AWGN, clipped to [0,1]",28.123281,0.73178299,0.0,ok,,same noisy image reused for all methods
bsd68,test013,321,481,10,351574921,Gaussian_SciPy,"scipy.ndimage.gaussian_filter(sigma_filter=1.5, reflect)",28.69958,0.81354738,2.866,ok,,Optimized replacement for Python-loop Gaussian filter.
bsd68,test013,321,481,10,351574921,Median_SciPy,"scipy.ndimage.median_filter(size=3, reflect)",30.647013,0.85816327,16.12,ok,,Optimized replacement for Python-loop median filter.
bsd68,test013,321,481,10,351574921,NLM_Skimage_Fast,"skimage.denoise_nl_means(fast_mode=True, h=0.8*sigma, sigma=known_sigma)",32.432178,0.89309209,344.878,ok,,Fast engineering baseline; not the original patchwise NLM runtime.
bsd68,test013,321,481,10,351574921,NLM_IPOL_Like,skimage.denoise_nl_means(fast_mode=False) with IPOL grayscale parameter schedule,30.361223,0.81654797,2664.515,ok,,Closer to IPOL patchwise parameters; can be very slow.
bsd68,test013,321,481,10,351574921,BM3D_TAU,"bm3d.bm3d(noisy_float01, sigma_psd=sigma/255)",33.965168,0.93069118,1418.201,ok,,Reference classical upper baseline for AWGN.
bsd68,test013,321,481,15,1685794155,Noisy,"clean + AWGN, clipped to [0,1]",24.572899,0.57892645,0.0,ok,,same noisy image reused for all methods
bsd68,test013,321,481,15,1685794155,Gaussian_SciPy,"scipy.ndimage.gaussian_filter(sigma_filter=1.5, reflect)",28.469638,0.79940282,2.209,ok,,Optimized replacement for Python-loop Gaussian filter.
bsd68,test013,321,481,15,1685794155,Median_SciPy,"scipy.ndimage.median_filter(size=3, reflect)",29.145791,0.79302841,17.941,ok,,Optimized replacement for Python-loop median filter.
bsd68,test013,321,481,15,1685794155,NLM_Skimage_Fast,"skimage.denoise_nl_means(fast_mode=True, h=0.8*sigma, sigma=known_sigma)",30.007435,0.8259682,366.855,ok,,Fast engineering baseline; not the original patchwise NLM runtime.
bsd68,test013,321,481,15,1685794155,NLM_IPOL_Like,skimage.denoise_nl_means(fast_mode=False) with IPOL grayscale parameter schedule,27.340823,0.69613592,2794.044,ok,,Closer to IPOL patchwise parameters; can be very slow.
bsd68,test013,321,481,15,1685794155,BM3D_TAU,"bm3d.bm3d(noisy_float01, sigma_psd=sigma/255)",31.794517,0.89048214,1337.365,ok,,Reference classical upper baseline for AWGN.
bsd68,test013,321,481,20,4274910898,Noisy,"clean + AWGN, clipped to [0,1]",22.127159,0.4642901,0.0,ok,,same noisy image reused for all methods
bsd68,test013,321,481,20,4274910898,Gaussian_SciPy,"scipy.ndimage.gaussian_filter(sigma_filter=1.5, reflect)",28.202669,0.78284033,2.775,ok,,Optimized replacement for Python-loop Gaussian filter.
bsd68,test013,321,481,20,4274910898,Median_SciPy,"scipy.ndimage.median_filter(size=3, reflect)",27.727208,0.72404617,16.532,ok,,Optimized replacement for Python-loop median filter.
bsd68,test013,321,481,20,4274910898,NLM_Skimage_Fast,"skimage.denoise_nl_means(fast_mode=True, h=0.8*sigma, sigma=known_sigma)",28.485775,0.76718785,360.545,ok,,Fast engineering baseline; not the original patchwise NLM runtime.
bsd68,test013,321,481,20,4274910898,NLM_IPOL_Like,skimage.denoise_nl_means(fast_mode=False) with IPOL grayscale parameter schedule,27.409816,0.70760047,4245.241,ok,,Closer to IPOL patchwise parameters; can be very slow.
bsd68,test013,321,481,20,4274910898,BM3D_TAU,"bm3d.bm3d(noisy_float01, sigma_psd=sigma/255)",30.383264,0.85199779,1440.98,ok,,Reference classical upper baseline for AWGN.
bsd68,test013,321,481,25,3796219618,Noisy,"clean + AWGN, clipped to [0,1]",20.222802,0.37759603,0.0,ok,,same noisy image reused for all methods
bsd68,test013,321,481,25,3796219618,Gaussian_SciPy,"scipy.ndimage.gaussian_filter(sigma_filter=1.5, reflect)",27.825215,0.76029456,3.632,ok,,Optimized replacement for Python-loop Gaussian filter.
bsd68,test013,321,481,25,3796219618,Median_SciPy,"scipy.ndimage.median_filter(size=3, reflect)",26.425319,0.65928035,17.241,ok,,Optimized replacement for Python-loop median filter.
bsd68,test013,321,481,25,3796219618,NLM_Skimage_Fast,"skimage.denoise_nl_means(fast_mode=True, h=0.8*sigma, sigma=known_sigma)",27.343743,0.71535715,365.436,ok,,Fast engineering baseline; not the original patchwise NLM runtime.
bsd68,test013,321,481,25,3796219618,NLM_IPOL_Like,skimage.denoise_nl_means(fast_mode=False) with IPOL grayscale parameter schedule,26.167627,0.63916236,4375.702,ok,,Closer to IPOL patchwise parameters; can be very slow.
bsd68,test013,321,481,25,3796219618,BM3D_TAU,"bm3d.bm3d(noisy_float01, sigma_psd=sigma/255)",29.330629,0.81501449,1429.713,ok,,Reference classical upper baseline for AWGN.
bsd68,test013,321,481,30,2659376503,Noisy,"clean + AWGN, clipped to [0,1]",18.698616,0.31195907,0.0,ok,,same noisy image reused for all methods
bsd68,test013,321,481,30,2659376503,Gaussian_SciPy,"scipy.ndimage.gaussian_filter(sigma_filter=1.5, reflect)",27.459394,0.73994206,2.215,ok,,Optimized replacement for Python-loop Gaussian filter.
bsd68,test013,321,481,30,2659376503,Median_SciPy,"scipy.ndimage.median_filter(size=3, reflect)",25.241341,0.59854177,16.699,ok,,Optimized replacement for Python-loop median filter.
bsd68,test013,321,481,30,2659376503,NLM_Skimage_Fast,"skimage.denoise_nl_means(fast_mode=True, h=0.8*sigma, sigma=known_sigma)",26.513218,0.67386669,358.839,ok,,Fast engineering baseline; not the original patchwise NLM runtime.
bsd68,test013,321,481,30,2659376503,NLM_IPOL_Like,skimage.denoise_nl_means(fast_mode=False) with IPOL grayscale parameter schedule,25.144668,0.5808377,4491.066,ok,,Closer to IPOL patchwise parameters; can be very slow.
bsd68,test013,321,481,30,2659376503,BM3D_TAU,"bm3d.bm3d(noisy_float01, sigma_psd=sigma/255)",28.506157,0.7856371,1401.929,ok,,Reference classical upper baseline for AWGN.
bsd68,test013,321,481,35,2239498904,Noisy,"clean + AWGN, clipped to [0,1]",17.400078,0.25953358,0.0,ok,,same noisy image reused for all methods
bsd68,test013,321,481,35,2239498904,Gaussian_SciPy,"scipy.ndimage.gaussian_filter(sigma_filter=1.5, reflect)",27.040857,0.71134305,3.078,ok,,Optimized replacement for Python-loop Gaussian filter.
bsd68,test013,321,481,35,2239498904,Median_SciPy,"scipy.ndimage.median_filter(size=3, reflect)",24.188464,0.54085592,15.771,ok,,Optimized replacement for Python-loop median filter.
bsd68,test013,321,481,35,2239498904,NLM_Skimage_Fast,"skimage.denoise_nl_means(fast_mode=True, h=0.8*sigma, sigma=known_sigma)",25.819197,0.63166395,354.237,ok,,Fast engineering baseline; not the original patchwise NLM runtime.
bsd68,test013,321,481,35,2239498904,NLM_IPOL_Like,skimage.denoise_nl_means(fast_mode=False) with IPOL grayscale parameter schedule,25.48066,0.59658353,18328.391,ok,,Closer to IPOL patchwise parameters; can be very slow.
bsd68,test013,321,481,35,2239498904,BM3D_TAU,"bm3d.bm3d(noisy_float01, sigma_psd=sigma/255)",27.850762,0.7487831,1394.401,ok,,Reference classical upper baseline for AWGN.
bsd68,test013,321,481,40,3457279526,Noisy,"clean + AWGN, clipped to [0,1]",16.277086,0.22040893,0.0,ok,,same noisy image reused for all methods
bsd68,test013,321,481,40,3457279526,Gaussian_SciPy,"scipy.ndimage.gaussian_filter(sigma_filter=1.5, reflect)",26.628806,0.68741882,3.195,ok,,Optimized replacement for Python-loop Gaussian filter.
bsd68,test013,321,481,40,3457279526,Median_SciPy,"scipy.ndimage.median_filter(size=3, reflect)",23.170313,0.48982795,16.053,ok,,Optimized replacement for Python-loop median filter.
bsd68,test013,321,481,40,3457279526,NLM_Skimage_Fast,"skimage.denoise_nl_means(fast_mode=True, h=0.8*sigma, sigma=known_sigma)",25.266353,0.60080284,352.028,ok,,Fast engineering baseline; not the original patchwise NLM runtime.
bsd68,test013,321,481,40,3457279526,NLM_IPOL_Like,skimage.denoise_nl_means(fast_mode=False) with IPOL grayscale parameter schedule,24.755417,0.55350128,18807.652,ok,,Closer to IPOL patchwise parameters; can be very slow.
bsd68,test013,321,481,40,3457279526,BM3D_TAU,"bm3d.bm3d(noisy_float01, sigma_psd=sigma/255)",27.352638,0.72729903,1380.889,ok,,Reference classical upper baseline for AWGN.
bsd68,test013,321,481,50,3308573606,Noisy,"clean + AWGN, clipped to [0,1]",14.551371,0.16253003,0.0,ok,,same noisy image reused for all methods
bsd68,test013,321,481,50,3308573606,Gaussian_SciPy,"scipy.ndimage.gaussian_filter(sigma_filter=1.5, reflect)",25.729596,0.63767212,4.354,ok,,Optimized replacement for Python-loop Gaussian filter.
bsd68,test013,321,481,50,3308573606,Median_SciPy,"scipy.ndimage.median_filter(size=3, reflect)",21.515794,0.40537411,16.748,ok,,Optimized replacement for Python-loop median filter.
bsd68,test013,321,481,50,3308573606,NLM_Skimage_Fast,"skimage.denoise_nl_means(fast_mode=True, h=0.8*sigma, sigma=known_sigma)",24.290301,0.54387608,346.282,ok,,Fast engineering baseline; not the original patchwise NLM runtime.
bsd68,test013,321,481,50,3308573606,NLM_IPOL_Like,skimage.denoise_nl_means(fast_mode=False) with IPOL grayscale parameter schedule,24.492828,0.54441311,29570.769,ok,,Closer to IPOL patchwise parameters; can be very slow.
bsd68,test013,321,481,50,3308573606,BM3D_TAU,"bm3d.bm3d(noisy_float01, sigma_psd=sigma/255)",26.313309,0.67153939,1369.107,ok,,Reference classical upper baseline for AWGN.
bsd68,test013,321,481,75,762826724,Noisy,"clean + AWGN, clipped to [0,1]",11.724319,0.0929265,0.0,ok,,same noisy image reused for all methods
bsd68,test013,321,481,75,762826724,Gaussian_SciPy,"scipy.ndimage.gaussian_filter(sigma_filter=1.5, reflect)",23.585674,0.52545259,2.375,ok,,Optimized replacement for Python-loop Gaussian filter.
bsd68,test013,321,481,75,762826724,Median_SciPy,"scipy.ndimage.median_filter(size=3, reflect)",18.245643,0.26240589,16.168,ok,,Optimized replacement for Python-loop median filter.
bsd68,test013,321,481,75,762826724,NLM_Skimage_Fast,"skimage.denoise_nl_means(fast_mode=True, h=0.8*sigma, sigma=known_sigma)",22.460945,0.45456234,351.816,ok,,Fast engineering baseline; not the original patchwise NLM runtime.
bsd68,test013,321,481,75,762826724,NLM_IPOL_Like,skimage.denoise_nl_means(fast_mode=False) with IPOL grayscale parameter schedule,22.325846,0.46226783,31677.049,ok,,Closer to IPOL patchwise parameters; can be very slow.
bsd68,test013,321,481,75,762826724,BM3D_TAU,"bm3d.bm3d(noisy_float01, sigma_psd=sigma/255)",24.578402,0.58833852,1389.362,ok,,Reference classical upper baseline for AWGN.
bsd68,test014,321,481,5,2237005023,Noisy,"clean + AWGN, clipped to [0,1]",34.168242,0.83573065,0.0,ok,,same noisy image reused for all methods
bsd68,test014,321,481,5,2237005023,Gaussian_SciPy,"scipy.ndimage.gaussian_filter(sigma_filter=1.5, reflect)",27.282521,0.80638101,1.644,ok,,Optimized replacement for Python-loop Gaussian filter.
bsd68,test014,321,481,5,2237005023,Median_SciPy,"scipy.ndimage.median_filter(size=3, reflect)",30.554173,0.86724326,16.32,ok,,Optimized replacement for Python-loop median filter.
bsd68,test014,321,481,5,2237005023,NLM_Skimage_Fast,"skimage.denoise_nl_means(fast_mode=True, h=0.8*sigma, sigma=known_sigma)",37.782105,0.94910135,321.483,ok,,Fast engineering baseline; not the original patchwise NLM runtime.
bsd68,test014,321,481,5,2237005023,NLM_IPOL_Like,skimage.denoise_nl_means(fast_mode=False) with IPOL grayscale parameter schedule,,,2585.936,ok,,Closer to IPOL patchwise parameters; can be very slow.
bsd68,test014,321,481,5,2237005023,BM3D_TAU,"bm3d.bm3d(noisy_float01, sigma_psd=sigma/255)",38.575891,0.95858443,1388.873,ok,,Reference classical upper baseline for AWGN.
bsd68,test014,321,481,10,1434589862,Noisy,"clean + AWGN, clipped to [0,1]",28.178246,0.61276167,0.0,ok,,same noisy image reused for all methods
bsd68,test014,321,481,10,1434589862,Gaussian_SciPy,"scipy.ndimage.gaussian_filter(sigma_filter=1.5, reflect)",27.165703,0.79144138,2.783,ok,,Optimized replacement for Python-loop Gaussian filter.
bsd68,test014,321,481,10,1434589862,Median_SciPy,"scipy.ndimage.median_filter(size=3, reflect)",29.543737,0.7865463,15.444,ok,,Optimized replacement for Python-loop median filter.
bsd68,test014,321,481,10,1434589862,NLM_Skimage_Fast,"skimage.denoise_nl_means(fast_mode=True, h=0.8*sigma, sigma=known_sigma)",33.626974,0.89858072,346.754,ok,,Fast engineering baseline; not the original patchwise NLM runtime.
bsd68,test014,321,481,10,1434589862,NLM_IPOL_Like,skimage.denoise_nl_means(fast_mode=False) with IPOL grayscale parameter schedule,31.402206,0.77253129,2698.86,ok,,Closer to IPOL patchwise parameters; can be very slow.
bsd68,test014,321,481,10,1434589862,BM3D_TAU,"bm3d.bm3d(noisy_float01, sigma_psd=sigma/255)",34.745985,0.92006883,1396.467,ok,,Reference classical upper baseline for AWGN.
bsd68,test014,321,481,15,4260423825,Noisy,"clean + AWGN, clipped to [0,1]",24.6773,0.46244263,0.0,ok,,same noisy image reused for all methods
bsd68,test014,321,481,15,4260423825,Gaussian_SciPy,"scipy.ndimage.gaussian_filter(sigma_filter=1.5, reflect)",26.977046,0.76741751,2.594,ok,,Optimized replacement for Python-loop Gaussian filter.
bsd68,test014,321,481,15,4260423825,Median_SciPy,"scipy.ndimage.median_filter(size=3, reflect)",28.318569,0.69063291,15.819,ok,,Optimized replacement for Python-loop median filter.
bsd68,test014,321,481,15,4260423825,NLM_Skimage_Fast,"skimage.denoise_nl_means(fast_mode=True, h=0.8*sigma, sigma=known_sigma)",31.181772,0.85095554,352.781,ok,,Fast engineering baseline; not the original patchwise NLM runtime.
bsd68,test014,321,481,15,4260423825,NLM_IPOL_Like,skimage.denoise_nl_means(fast_mode=False) with IPOL grayscale parameter schedule,28.379687,0.63548641,2767.938,ok,,Closer to IPOL patchwise parameters; can be very slow.
bsd68,test014,321,481,15,4260423825,BM3D_TAU,"bm3d.bm3d(noisy_float01, sigma_psd=sigma/255)",32.656508,0.88929293,1413.527,ok,,Reference classical upper baseline for AWGN.
bsd68,test014,321,481,20,1459362973,Noisy,"clean + AWGN, clipped to [0,1]",22.197143,0.36480532,0.0,ok,,same noisy image reused for all methods
bsd68,test014,321,481,20,1459362973,Gaussian_SciPy,"scipy.ndimage.gaussian_filter(sigma_filter=1.5, reflect)",26.757651,0.73950128,2.639,ok,,Optimized replacement for Python-loop Gaussian filter.
bsd68,test014,321,481,20,1459362973,Median_SciPy,"scipy.ndimage.median_filter(size=3, reflect)",27.122114,0.60608918,15.073,ok,,Optimized replacement for Python-loop median filter.
bsd68,test014,321,481,20,1459362973,NLM_Skimage_Fast,"skimage.denoise_nl_means(fast_mode=True, h=0.8*sigma, sigma=known_sigma)",29.625169,0.81206878,357.437,ok,,Fast engineering baseline; not the original patchwise NLM runtime.
bsd68,test014,321,481,20,1459362973,NLM_IPOL_Like,skimage.denoise_nl_means(fast_mode=False) with IPOL grayscale parameter schedule,28.404302,0.67571883,4398.777,ok,,Closer to IPOL patchwise parameters; can be very slow.
bsd68,test014,321,481,20,1459362973,BM3D_TAU,"bm3d.bm3d(noisy_float01, sigma_psd=sigma/255)",31.181799,0.86079443,1378.99,ok,,Reference classical upper baseline for AWGN.
bsd68,test014,321,481,25,1812100709,Noisy,"clean + AWGN, clipped to [0,1]",20.308056,0.29673276,0.0,ok,,same noisy image reused for all methods
bsd68,test014,321,481,25,1812100709,Gaussian_SciPy,"scipy.ndimage.gaussian_filter(sigma_filter=1.5, reflect)",26.45964,0.70788236,3.943,ok,,Optimized replacement for Python-loop Gaussian filter.
bsd68,test014,321,481,25,1812100709,Median_SciPy,"scipy.ndimage.median_filter(size=3, reflect)",25.921524,0.52913951,17.264,ok,,Optimized replacement for Python-loop median filter.
bsd68,test014,321,481,25,1812100709,NLM_Skimage_Fast,"skimage.denoise_nl_means(fast_mode=True, h=0.8*sigma, sigma=known_sigma)",28.454404,0.77712428,352.9,ok,,Fast engineering baseline; not the original patchwise NLM runtime.
bsd68,test014,321,481,25,1812100709,NLM_IPOL_Like,skimage.denoise_nl_means(fast_mode=False) with IPOL grayscale parameter schedule,27.090496,0.60190278,4430.631,ok,,Closer to IPOL patchwise parameters; can be very slow.
bsd68,test014,321,481,25,1812100709,BM3D_TAU,"bm3d.bm3d(noisy_float01, sigma_psd=sigma/255)",30.012012,0.83373444,1396.705,ok,,Reference classical upper baseline for AWGN.
bsd68,test014,321,481,30,3622665233,Noisy,"clean + AWGN, clipped to [0,1]",18.768632,0.24841126,0.0,ok,,same noisy image reused for all methods
bsd68,test014,321,481,30,3622665233,Gaussian_SciPy,"scipy.ndimage.gaussian_filter(sigma_filter=1.5, reflect)",26.151457,0.67415697,2.319,ok,,Optimized replacement for Python-loop Gaussian filter.
bsd68,test014,321,481,30,3622665233,Median_SciPy,"scipy.ndimage.median_filter(size=3, reflect)",24.828268,0.46591043,16.135,ok,,Optimized replacement for Python-loop median filter.
bsd68,test014,321,481,30,3622665233,NLM_Skimage_Fast,"skimage.denoise_nl_means(fast_mode=True, h=0.8*sigma, sigma=known_sigma)",27.581282,0.74715842,350.863,ok,,Fast engineering baseline; not the original patchwise NLM runtime.
bsd68,test014,321,481,30,3622665233,NLM_IPOL_Like,skimage.denoise_nl_means(fast_mode=False) with IPOL grayscale parameter schedule,26.004653,0.53928743,4519.683,ok,,Closer to IPOL patchwise parameters; can be very slow.
bsd68,test014,321,481,30,3622665233,BM3D_TAU,"bm3d.bm3d(noisy_float01, sigma_psd=sigma/255)",29.24789,0.81308134,1415.389,ok,,Reference classical upper baseline for AWGN.
bsd68,test014,321,481,35,3482898315,Noisy,"clean + AWGN, clipped to [0,1]",17.52327,0.21266423,0.0,ok,,same noisy image reused for all methods
bsd68,test014,321,481,35,3482898315,Gaussian_SciPy,"scipy.ndimage.gaussian_filter(sigma_filter=1.5, reflect)",25.822517,0.64186728,3.247,ok,,Optimized replacement for Python-loop Gaussian filter.
bsd68,test014,321,481,35,3482898315,Median_SciPy,"scipy.ndimage.median_filter(size=3, reflect)",23.831493,0.41325753,16.605,ok,,Optimized replacement for Python-loop median filter.
bsd68,test014,321,481,35,3482898315,NLM_Skimage_Fast,"skimage.denoise_nl_means(fast_mode=True, h=0.8*sigma, sigma=known_sigma)",26.840624,0.72154953,355.436,ok,,Fast engineering baseline; not the original patchwise NLM runtime.
bsd68,test014,321,481,35,3482898315,NLM_IPOL_Like,skimage.denoise_nl_means(fast_mode=False) with IPOL grayscale parameter schedule,26.446432,0.5970936,18853.803,ok,,Closer to IPOL patchwise parameters; can be very slow.
bsd68,test014,321,481,35,3482898315,BM3D_TAU,"bm3d.bm3d(noisy_float01, sigma_psd=sigma/255)",28.526176,0.79161914,1408.728,ok,,Reference classical upper baseline for AWGN.
bsd68,test014,321,481,40,3802581124,Noisy,"clean + AWGN, clipped to [0,1]",16.466944,0.18444704,0.0,ok,,same noisy image reused for all methods
bsd68,test014,321,481,40,3802581124,Gaussian_SciPy,"scipy.ndimage.gaussian_filter(sigma_filter=1.5, reflect)",25.465581,0.61314006,3.378,ok,,Optimized replacement for Python-loop Gaussian filter.
bsd68,test014,321,481,40,3802581124,Median_SciPy,"scipy.ndimage.median_filter(size=3, reflect)",22.919996,0.36849076,16.22,ok,,Optimized replacement for Python-loop median filter.
bsd68,test014,321,481,40,3802581124,NLM_Skimage_Fast,"skimage.denoise_nl_means(fast_mode=True, h=0.8*sigma, sigma=known_sigma)",26.063409,0.69506968,364.585,ok,,Fast engineering baseline; not the original patchwise NLM runtime.
bsd68,test014,321,481,40,3802581124,NLM_IPOL_Like,skimage.denoise_nl_means(fast_mode=False) with IPOL grayscale parameter schedule,25.864302,0.56627019,19145.215,ok,,Closer to IPOL patchwise parameters; can be very slow.
bsd68,test014,321,481,40,3802581124,BM3D_TAU,"bm3d.bm3d(noisy_float01, sigma_psd=sigma/255)",27.892126,0.77477749,1410.108,ok,,Reference classical upper baseline for AWGN.
bsd68,test014,321,481,50,1971756279,Noisy,"clean + AWGN, clipped to [0,1]",14.74349,0.14287185,0.0,ok,,same noisy image reused for all methods
bsd68,test014,321,481,50,1971756279,Gaussian_SciPy,"scipy.ndimage.gaussian_filter(sigma_filter=1.5, reflect)",24.703091,0.55426071,2.559,ok,,Optimized replacement for Python-loop Gaussian filter.
bsd68,test014,321,481,50,1971756279,Median_SciPy,"scipy.ndimage.median_filter(size=3, reflect)",21.326477,0.30152217,15.843,ok,,Optimized replacement for Python-loop median filter.
bsd68,test014,321,481,50,1971756279,NLM_Skimage_Fast,"skimage.denoise_nl_means(fast_mode=True, h=0.8*sigma, sigma=known_sigma)",24.924591,0.65417864,349.168,ok,,Fast engineering baseline; not the original patchwise NLM runtime.
bsd68,test014,321,481,50,1971756279,NLM_IPOL_Like,skimage.denoise_nl_means(fast_mode=False) with IPOL grayscale parameter schedule,25.424006,0.59655453,31058.482,ok,,Closer to IPOL patchwise parameters; can be very slow.
bsd68,test014,321,481,50,1971756279,BM3D_TAU,"bm3d.bm3d(noisy_float01, sigma_psd=sigma/255)",26.800114,0.73781816,1855.908,ok,,Reference classical upper baseline for AWGN.
bsd68,test014,321,481,75,1453766214,Noisy,"clean + AWGN, clipped to [0,1]",11.889831,0.08739725,0.0,ok,,same noisy image reused for all methods
bsd68,test014,321,481,75,1453766214,Gaussian_SciPy,"scipy.ndimage.gaussian_filter(sigma_filter=1.5, reflect)",22.616242,0.43749499,2.573,ok,,Optimized replacement for Python-loop Gaussian filter.
bsd68,test014,321,481,75,1453766214,Median_SciPy,"scipy.ndimage.median_filter(size=3, reflect)",18.228453,0.19710742,15.508,ok,,Optimized replacement for Python-loop median filter.
bsd68,test014,321,481,75,1453766214,NLM_Skimage_Fast,"skimage.denoise_nl_means(fast_mode=True, h=0.8*sigma, sigma=known_sigma)",22.39412,0.60550659,348.733,ok,,Fast engineering baseline; not the original patchwise NLM runtime.
bsd68,test014,321,481,75,1453766214,NLM_IPOL_Like,skimage.denoise_nl_means(fast_mode=False) with IPOL grayscale parameter schedule,22.842576,0.59555269,31463.579,ok,,Closer to IPOL patchwise parameters; can be very slow.
bsd68,test014,321,481,75,1453766214,BM3D_TAU,"bm3d.bm3d(noisy_float01, sigma_psd=sigma/255)",24.444426,0.68017149,1376.341,ok,,Reference classical upper baseline for AWGN.
bsd68,test015,321,481,5,64767451,Noisy,"clean + AWGN, clipped to [0,1]",34.190156,0.91647605,0.0,ok,,same noisy image reused for all methods
bsd68,test015,321,481,5,64767451,Gaussian_SciPy,"scipy.ndimage.gaussian_filter(sigma_filter=1.5, reflect)",23.923377,0.69304071,1.852,ok,,Optimized replacement for Python-loop Gaussian filter.
bsd68,test015,321,481,5,64767451,Median_SciPy,"scipy.ndimage.median_filter(size=3, reflect)",26.394245,0.82140975,14.615,ok,,Optimized replacement for Python-loop median filter.
bsd68,test015,321,481,5,64767451,NLM_Skimage_Fast,"skimage.denoise_nl_means(fast_mode=True, h=0.8*sigma, sigma=known_sigma)",35.454451,0.94467923,284.281,ok,,Fast engineering baseline; not the original patchwise NLM runtime.
bsd68,test015,321,481,5,64767451,NLM_IPOL_Like,skimage.denoise_nl_means(fast_mode=False) with IPOL grayscale parameter schedule,,,2358.504,ok,,Closer to IPOL patchwise parameters; can be very slow.
bsd68,test015,321,481,5,64767451,BM3D_TAU,"bm3d.bm3d(noisy_float01, sigma_psd=sigma/255)",36.290589,0.95900683,1382.069,ok,,Reference classical upper baseline for AWGN.
bsd68,test015,321,481,10,2393375719,Noisy,"clean + AWGN, clipped to [0,1]",28.160839,0.77013755,0.0,ok,,same noisy image reused for all methods
bsd68,test015,321,481,10,2393375719,Gaussian_SciPy,"scipy.ndimage.gaussian_filter(sigma_filter=1.5, reflect)",23.86813,0.68512798,1.988,ok,,Optimized replacement for Python-loop Gaussian filter.
bsd68,test015,321,481,10,2393375719,Median_SciPy,"scipy.ndimage.median_filter(size=3, reflect)",25.951158,0.77680989,17.119,ok,,Optimized replacement for Python-loop median filter.
bsd68,test015,321,481,10,2393375719,NLM_Skimage_Fast,"skimage.denoise_nl_means(fast_mode=True, h=0.8*sigma, sigma=known_sigma)",30.829142,0.87227796,326.569,ok,,Fast engineering baseline; not the original patchwise NLM runtime.
bsd68,test015,321,481,10,2393375719,NLM_IPOL_Like,skimage.denoise_nl_means(fast_mode=False) with IPOL grayscale parameter schedule,29.945334,0.8410219,2581.092,ok,,Closer to IPOL patchwise parameters; can be very slow.
bsd68,test015,321,481,10,2393375719,BM3D_TAU,"bm3d.bm3d(noisy_float01, sigma_psd=sigma/255)",31.823749,0.9030104,1381.122,ok,,Reference classical upper baseline for AWGN.
bsd68,test015,321,481,15,2469212719,Noisy,"clean + AWGN, clipped to [0,1]",24.700786,0.64455622,0.0,ok,,same noisy image reused for all methods
bsd68,test015,321,481,15,2469212719,Gaussian_SciPy,"scipy.ndimage.gaussian_filter(sigma_filter=1.5, reflect)",23.785664,0.67382079,3.888,ok,,Optimized replacement for Python-loop Gaussian filter.
bsd68,test015,321,481,15,2469212719,Median_SciPy,"scipy.ndimage.median_filter(size=3, reflect)",25.318769,0.71946855,18.202,ok,,Optimized replacement for Python-loop median filter.
bsd68,test015,321,481,15,2469212719,NLM_Skimage_Fast,"skimage.denoise_nl_means(fast_mode=True, h=0.8*sigma, sigma=known_sigma)",28.255471,0.8042816,343.46,ok,,Fast engineering baseline; not the original patchwise NLM runtime.
bsd68,test015,321,481,15,2469212719,NLM_IPOL_Like,skimage.denoise_nl_means(fast_mode=False) with IPOL grayscale parameter schedule,27.069973,0.7430909,2688.746,ok,,Closer to IPOL patchwise parameters; can be very slow.
bsd68,test015,321,481,15,2469212719,BM3D_TAU,"bm3d.bm3d(noisy_float01, sigma_psd=sigma/255)",29.484302,0.85190457,1374.192,ok,,Reference classical upper baseline for AWGN.
bsd68,test015,321,481,20,1835097644,Noisy,"clean + AWGN, clipped to [0,1]",22.251669,0.54367944,0.0,ok,,same noisy image reused for all methods
bsd68,test015,321,481,20,1835097644,Gaussian_SciPy,"scipy.ndimage.gaussian_filter(sigma_filter=1.5, reflect)",23.668475,0.65896583,3.373,ok,,Optimized replacement for Python-loop Gaussian filter.
bsd68,test015,321,481,20,1835097644,Median_SciPy,"scipy.ndimage.median_filter(size=3, reflect)",24.645395,0.66396112,14.987,ok,,Optimized replacement for Python-loop median filter.
bsd68,test015,321,481,20,1835097644,NLM_Skimage_Fast,"skimage.denoise_nl_means(fast_mode=True, h=0.8*sigma, sigma=known_sigma)",26.518258,0.74460842,358.068,ok,,Fast engineering baseline; not the original patchwise NLM runtime.
bsd68,test015,321,481,20,1835097644,NLM_IPOL_Like,skimage.denoise_nl_means(fast_mode=False) with IPOL grayscale parameter schedule,26.09164,0.73732818,4024.491,ok,,Closer to IPOL patchwise parameters; can be very slow.
bsd68,test015,321,481,20,1835097644,BM3D_TAU,"bm3d.bm3d(noisy_float01, sigma_psd=sigma/255)",27.850724,0.80514675,1444.071,ok,,Reference classical upper baseline for AWGN.
bsd68,test015,321,481,25,1183948584,Noisy,"clean + AWGN, clipped to [0,1]",20.445522,0.46806372,0.0,ok,,same noisy image reused for all methods
bsd68,test015,321,481,25,1183948584,Gaussian_SciPy,"scipy.ndimage.gaussian_filter(sigma_filter=1.5, reflect)",23.528898,0.64305664,2.2,ok,,Optimized replacement for Python-loop Gaussian filter.
bsd68,test015,321,481,25,1183948584,Median_SciPy,"scipy.ndimage.median_filter(size=3, reflect)",23.937115,0.6101893,16.89,ok,,Optimized replacement for Python-loop median filter.
bsd68,test015,321,481,25,1183948584,NLM_Skimage_Fast,"skimage.denoise_nl_means(fast_mode=True, h=0.8*sigma, sigma=known_sigma)",25.377537,0.69869315,359.851,ok,,Fast engineering baseline; not the original patchwise NLM runtime.
bsd68,test015,321,481,25,1183948584,NLM_IPOL_Like,skimage.denoise_nl_means(fast_mode=False) with IPOL grayscale parameter schedule,25.057902,0.69254824,4196.271,ok,,Closer to IPOL patchwise parameters; can be very slow.
bsd68,test015,321,481,25,1183948584,BM3D_TAU,"bm3d.bm3d(noisy_float01, sigma_psd=sigma/255)",26.713746,0.76421192,1445.331,ok,,Reference classical upper baseline for AWGN.
bsd68,test015,321,481,30,4146668160,Noisy,"clean + AWGN, clipped to [0,1]",18.992048,0.40651067,0.0,ok,,same noisy image reused for all methods
bsd68,test015,321,481,30,4146668160,Gaussian_SciPy,"scipy.ndimage.gaussian_filter(sigma_filter=1.5, reflect)",23.369994,0.6256205,3.5,ok,,Optimized replacement for Python-loop Gaussian filter.
bsd68,test015,321,481,30,4146668160,Median_SciPy,"scipy.ndimage.median_filter(size=3, reflect)",23.200168,0.55907983,16.758,ok,,Optimized replacement for Python-loop median filter.
bsd68,test015,321,481,30,4146668160,NLM_Skimage_Fast,"skimage.denoise_nl_means(fast_mode=True, h=0.8*sigma, sigma=known_sigma)",24.417653,0.65408387,361.023,ok,,Fast engineering baseline; not the original patchwise NLM runtime.
bsd68,test015,321,481,30,4146668160,NLM_IPOL_Like,skimage.denoise_nl_means(fast_mode=False) with IPOL grayscale parameter schedule,24.266469,0.65213468,4339.125,ok,,Closer to IPOL patchwise parameters; can be very slow.
bsd68,test015,321,481,30,4146668160,BM3D_TAU,"bm3d.bm3d(noisy_float01, sigma_psd=sigma/255)",25.724318,0.72320613,1363.085,ok,,Reference classical upper baseline for AWGN.
bsd68,test015,321,481,35,3788326041,Noisy,"clean + AWGN, clipped to [0,1]",17.759944,0.3547727,0.0,ok,,same noisy image reused for all methods
bsd68,test015,321,481,35,3788326041,Gaussian_SciPy,"scipy.ndimage.gaussian_filter(sigma_filter=1.5, reflect)",23.158382,0.60800961,2.099,ok,,Optimized replacement for Python-loop Gaussian filter.
bsd68,test015,321,481,35,3788326041,Median_SciPy,"scipy.ndimage.median_filter(size=3, reflect)",22.473083,0.51702069,15.97,ok,,Optimized replacement for Python-loop median filter.
bsd68,test015,321,481,35,3788326041,NLM_Skimage_Fast,"skimage.denoise_nl_means(fast_mode=True, h=0.8*sigma, sigma=known_sigma)",23.655674,0.61684174,356.396,ok,,Fast engineering baseline; not the original patchwise NLM runtime.
bsd68,test015,321,481,35,3788326041,NLM_IPOL_Like,skimage.denoise_nl_means(fast_mode=False) with IPOL grayscale parameter schedule,23.955433,0.66651972,17455.065,ok,,Closer to IPOL patchwise parameters; can be very slow.
bsd68,test015,321,481,35,3788326041,BM3D_TAU,"bm3d.bm3d(noisy_float01, sigma_psd=sigma/255)",24.953024,0.68987072,1368.972,ok,,Reference classical upper baseline for AWGN.
bsd68,test015,321,481,40,2757326179,Noisy,"clean + AWGN, clipped to [0,1]",16.76907,0.31777181,0.0,ok,,same noisy image reused for all methods
bsd68,test015,321,481,40,2757326179,Gaussian_SciPy,"scipy.ndimage.gaussian_filter(sigma_filter=1.5, reflect)",22.970068,0.59413896,2.144,ok,,Optimized replacement for Python-loop Gaussian filter.
bsd68,test015,321,481,40,2757326179,Median_SciPy,"scipy.ndimage.median_filter(size=3, reflect)",21.842868,0.48176853,16.655,ok,,Optimized replacement for Python-loop median filter.
bsd68,test015,321,481,40,2757326179,NLM_Skimage_Fast,"skimage.denoise_nl_means(fast_mode=True, h=0.8*sigma, sigma=known_sigma)",23.107273,0.58868109,352.687,ok,,Fast engineering baseline; not the original patchwise NLM runtime.
bsd68,test015,321,481,40,2757326179,NLM_IPOL_Like,skimage.denoise_nl_means(fast_mode=False) with IPOL grayscale parameter schedule,23.581872,0.6451705,18102.429,ok,,Closer to IPOL patchwise parameters; can be very slow.
bsd68,test015,321,481,40,2757326179,BM3D_TAU,"bm3d.bm3d(noisy_float01, sigma_psd=sigma/255)",24.395734,0.66541637,1384.566,ok,,Reference classical upper baseline for AWGN.
bsd68,test015,321,481,50,1356184003,Noisy,"clean + AWGN, clipped to [0,1]",15.070569,0.25186288,0.0,ok,,same noisy image reused for all methods
bsd68,test015,321,481,50,1356184003,Gaussian_SciPy,"scipy.ndimage.gaussian_filter(sigma_filter=1.5, reflect)",22.436599,0.55582605,3.493,ok,,Optimized replacement for Python-loop Gaussian filter.
bsd68,test015,321,481,50,1356184003,Median_SciPy,"scipy.ndimage.median_filter(size=3, reflect)",20.621817,0.41616181,18.506,ok,,Optimized replacement for Python-loop median filter.
bsd68,test015,321,481,50,1356184003,NLM_Skimage_Fast,"skimage.denoise_nl_means(fast_mode=True, h=0.8*sigma, sigma=known_sigma)",22.049585,0.53063932,358.305,ok,,Fast engineering baseline; not the original patchwise NLM runtime.
bsd68,test015,321,481,50,1356184003,NLM_IPOL_Like,skimage.denoise_nl_means(fast_mode=False) with IPOL grayscale parameter schedule,22.855005,0.59702752,28386.208,ok,,Closer to IPOL patchwise parameters; can be very slow.
bsd68,test015,321,481,50,1356184003,BM3D_TAU,"bm3d.bm3d(noisy_float01, sigma_psd=sigma/255)",23.321447,0.60844507,1381.14,ok,,Reference classical upper baseline for AWGN.
bsd68,test015,321,481,75,30496851,Noisy,"clean + AWGN, clipped to [0,1]",12.159674,0.1563067,0.0,ok,,same noisy image reused for all methods
bsd68,test015,321,481,75,30496851,Gaussian_SciPy,"scipy.ndimage.gaussian_filter(sigma_filter=1.5, reflect)",20.764374,0.46332328,2.68,ok,,Optimized replacement for Python-loop Gaussian filter.
bsd68,test015,321,481,75,30496851,Median_SciPy,"scipy.ndimage.median_filter(size=3, reflect)",17.92566,0.29504017,16.61,ok,,Optimized replacement for Python-loop median filter.
bsd68,test015,321,481,75,30496851,NLM_Skimage_Fast,"skimage.denoise_nl_means(fast_mode=True, h=0.8*sigma, sigma=known_sigma)",19.775322,0.41615892,349.051,ok,,Fast engineering baseline; not the original patchwise NLM runtime.
bsd68,test015,321,481,75,30496851,NLM_IPOL_Like,skimage.denoise_nl_means(fast_mode=False) with IPOL grayscale parameter schedule,20.237594,0.46374327,31455.78,ok,,Closer to IPOL patchwise parameters; can be very slow.
bsd68,test015,321,481,75,30496851,BM3D_TAU,"bm3d.bm3d(noisy_float01, sigma_psd=sigma/255)",21.293022,0.50835905,1380.27,ok,,Reference classical upper baseline for AWGN.
bsd68,test016,321,481,5,628935818,Noisy,"clean + AWGN, clipped to [0,1]",34.137812,0.94179709,0.0,ok,,same noisy image reused for all methods
bsd68,test016,321,481,5,628935818,Gaussian_SciPy,"scipy.ndimage.gaussian_filter(sigma_filter=1.5, reflect)",22.716578,0.73581103,2.084,ok,,Optimized replacement for Python-loop Gaussian filter.
bsd68,test016,321,481,5,628935818,Median_SciPy,"scipy.ndimage.median_filter(size=3, reflect)",27.833252,0.89664301,14.425,ok,,Optimized replacement for Python-loop median filter.
bsd68,test016,321,481,5,628935818,NLM_Skimage_Fast,"skimage.denoise_nl_means(fast_mode=True, h=0.8*sigma, sigma=known_sigma)",35.563229,0.96411262,279.582,ok,,Fast engineering baseline; not the original patchwise NLM runtime.
bsd68,test016,321,481,5,628935818,NLM_IPOL_Like,skimage.denoise_nl_means(fast_mode=False) with IPOL grayscale parameter schedule,,,2267.242,ok,,Closer to IPOL patchwise parameters; can be very slow.
bsd68,test016,321,481,5,628935818,BM3D_TAU,"bm3d.bm3d(noisy_float01, sigma_psd=sigma/255)",36.606879,0.97425531,1340.251,ok,,Reference classical upper baseline for AWGN.
bsd68,test016,321,481,10,305001892,Noisy,"clean + AWGN, clipped to [0,1]",28.137705,0.83402056,0.0,ok,,same noisy image reused for all methods
bsd68,test016,321,481,10,305001892,Gaussian_SciPy,"scipy.ndimage.gaussian_filter(sigma_filter=1.5, reflect)",22.675858,0.73102564,2.975,ok,,Optimized replacement for Python-loop Gaussian filter.
bsd68,test016,321,481,10,305001892,Median_SciPy,"scipy.ndimage.median_filter(size=3, reflect)",27.091491,0.86244182,15.585,ok,,Optimized replacement for Python-loop median filter.
bsd68,test016,321,481,10,305001892,NLM_Skimage_Fast,"skimage.denoise_nl_means(fast_mode=True, h=0.8*sigma, sigma=known_sigma)",31.183813,0.91121704,309.447,ok,,Fast engineering baseline; not the original patchwise NLM runtime.
bsd68,test016,321,481,10,305001892,NLM_IPOL_Like,skimage.denoise_nl_means(fast_mode=False) with IPOL grayscale parameter schedule,29.932286,0.88500239,2489.233,ok,,Closer to IPOL patchwise parameters; can be very slow.
bsd68,test016,321,481,10,305001892,BM3D_TAU,"bm3d.bm3d(noisy_float01, sigma_psd=sigma/255)",32.363222,0.93854053,1298.25,ok,,Reference classical upper baseline for AWGN.
bsd68,test016,321,481,15,4017470886,Noisy,"clean + AWGN, clipped to [0,1]",24.615804,0.73113777,0.0,ok,,same noisy image reused for all methods
bsd68,test016,321,481,15,4017470886,Gaussian_SciPy,"scipy.ndimage.gaussian_filter(sigma_filter=1.5, reflect)",22.620192,0.72400928,2.527,ok,,Optimized replacement for Python-loop Gaussian filter.
bsd68,test016,321,481,15,4017470886,Median_SciPy,"scipy.ndimage.median_filter(size=3, reflect)",26.211669,0.82059508,16.983,ok,,Optimized replacement for Python-loop median filter.
bsd68,test016,321,481,15,4017470886,NLM_Skimage_Fast,"skimage.denoise_nl_means(fast_mode=True, h=0.8*sigma, sigma=known_sigma)",29.029112,0.86436099,323.538,ok,,Fast engineering baseline; not the original patchwise NLM runtime.
bsd68,test016,321,481,15,4017470886,NLM_IPOL_Like,skimage.denoise_nl_means(fast_mode=False) with IPOL grayscale parameter schedule,27.007822,0.80777891,2585.306,ok,,Closer to IPOL patchwise parameters; can be very slow.
bsd68,test016,321,481,15,4017470886,BM3D_TAU,"bm3d.bm3d(noisy_float01, sigma_psd=sigma/255)",30.099201,0.90306218,1606.418,ok,,Reference classical upper baseline for AWGN.
bsd68,test016,321,481,20,4127531427,Noisy,"clean + AWGN, clipped to [0,1]",22.155741,0.64545299,0.0,ok,,same noisy image reused for all methods
bsd68,test016,321,481,20,4127531427,Gaussian_SciPy,"scipy.ndimage.gaussian_filter(sigma_filter=1.5, reflect)",22.552482,0.714366,3.013,ok,,Optimized replacement for Python-loop Gaussian filter.
bsd68,test016,321,481,20,4127531427,Median_SciPy,"scipy.ndimage.median_filter(size=3, reflect)",25.270893,0.77454038,19.507,ok,,Optimized replacement for Python-loop median filter.
bsd68,test016,321,481,20,4127531427,NLM_Skimage_Fast,"skimage.denoise_nl_means(fast_mode=True, h=0.8*sigma, sigma=known_sigma)",27.475108,0.82335165,351.658,ok,,Fast engineering baseline; not the original patchwise NLM runtime.
bsd68,test016,321,481,20,4127531427,NLM_IPOL_Like,skimage.denoise_nl_means(fast_mode=False) with IPOL grayscale parameter schedule,25.869518,0.7972059,3713.235,ok,,Closer to IPOL patchwise parameters; can be very slow.
bsd68,test016,321,481,20,4127531427,BM3D_TAU,"bm3d.bm3d(noisy_float01, sigma_psd=sigma/255)",28.573307,0.87040535,1318.463,ok,,Reference classical upper baseline for AWGN.
bsd68,test016,321,481,25,2165276438,Noisy,"clean + AWGN, clipped to [0,1]",20.288234,0.57605851,0.0,ok,,same noisy image reused for all methods
bsd68,test016,321,481,25,2165276438,Gaussian_SciPy,"scipy.ndimage.gaussian_filter(sigma_filter=1.5, reflect)",22.445511,0.70306159,2.808,ok,,Optimized replacement for Python-loop Gaussian filter.
bsd68,test016,321,481,25,2165276438,Median_SciPy,"scipy.ndimage.median_filter(size=3, reflect)",24.343307,0.72994669,16.016,ok,,Optimized replacement for Python-loop median filter.
bsd68,test016,321,481,25,2165276438,NLM_Skimage_Fast,"skimage.denoise_nl_means(fast_mode=True, h=0.8*sigma, sigma=known_sigma)",26.150101,0.78532056,358.858,ok,,Fast engineering baseline; not the original patchwise NLM runtime.
bsd68,test016,321,481,25,2165276438,NLM_IPOL_Like,skimage.denoise_nl_means(fast_mode=False) with IPOL grayscale parameter schedule,24.781069,0.75338995,3919.975,ok,,Closer to IPOL patchwise parameters; can be very slow.
bsd68,test016,321,481,25,2165276438,BM3D_TAU,"bm3d.bm3d(noisy_float01, sigma_psd=sigma/255)",27.41919,0.84236365,1389.939,ok,,Reference classical upper baseline for AWGN.
bsd68,test016,321,481,30,1164130095,Noisy,"clean + AWGN, clipped to [0,1]",18.799062,0.51673969,0.0,ok,,same noisy image reused for all methods
bsd68,test016,321,481,30,1164130095,Gaussian_SciPy,"scipy.ndimage.gaussian_filter(sigma_filter=1.5, reflect)",22.305746,0.68881239,2.432,ok,,Optimized replacement for Python-loop Gaussian filter.
bsd68,test016,321,481,30,1164130095,Median_SciPy,"scipy.ndimage.median_filter(size=3, reflect)",23.523983,0.68965029,15.196,ok,,Optimized replacement for Python-loop median filter.
bsd68,test016,321,481,30,1164130095,NLM_Skimage_Fast,"skimage.denoise_nl_means(fast_mode=True, h=0.8*sigma, sigma=known_sigma)",24.968352,0.74570933,366.092,ok,,Fast engineering baseline; not the original patchwise NLM runtime.
bsd68,test016,321,481,30,1164130095,NLM_IPOL_Like,skimage.denoise_nl_means(fast_mode=False) with IPOL grayscale parameter schedule,23.963376,0.71387754,4086.339,ok,,Closer to IPOL patchwise parameters; can be very slow.
bsd68,test016,321,481,30,1164130095,BM3D_TAU,"bm3d.bm3d(noisy_float01, sigma_psd=sigma/255)",26.443255,0.81341954,1329.247,ok,,Reference classical upper baseline for AWGN.
bsd68,test016,321,481,35,2925616888,Noisy,"clean + AWGN, clipped to [0,1]",17.574781,0.46780364,0.0,ok,,same noisy image reused for all methods
bsd68,test016,321,481,35,2925616888,Gaussian_SciPy,"scipy.ndimage.gaussian_filter(sigma_filter=1.5, reflect)",22.132456,0.67463568,2.87,ok,,Optimized replacement for Python-loop Gaussian filter.
bsd68,test016,321,481,35,2925616888,Median_SciPy,"scipy.ndimage.median_filter(size=3, reflect)",22.732889,0.6516044,15.607,ok,,Optimized replacement for Python-loop median filter.
bsd68,test016,321,481,35,2925616888,NLM_Skimage_Fast,"skimage.denoise_nl_means(fast_mode=True, h=0.8*sigma, sigma=known_sigma)",23.898695,0.7075476,498.261,ok,,Fast engineering baseline; not the original patchwise NLM runtime.
bsd68,test016,321,481,35,2925616888,NLM_IPOL_Like,skimage.denoise_nl_means(fast_mode=False) with IPOL grayscale parameter schedule,23.735003,0.71851112,15594.53,ok,,Closer to IPOL patchwise parameters; can be very slow.
bsd68,test016,321,481,35,2925616888,BM3D_TAU,"bm3d.bm3d(noisy_float01, sigma_psd=sigma/255)",25.673495,0.7893909,1336.884,ok,,Reference classical upper baseline for AWGN.
bsd68,test016,321,481,40,188324510,Noisy,"clean + AWGN, clipped to [0,1]",16.525272,0.42387165,0.0,ok,,same noisy image reused for all methods
bsd68,test016,321,481,40,188324510,Gaussian_SciPy,"scipy.ndimage.gaussian_filter(sigma_filter=1.5, reflect)",21.927693,0.65755571,2.518,ok,,Optimized replacement for Python-loop Gaussian filter.
bsd68,test016,321,481,40,188324510,Median_SciPy,"scipy.ndimage.median_filter(size=3, reflect)",21.970316,0.61646738,16.196,ok,,Optimized replacement for Python-loop median filter.
bsd68,test016,321,481,40,188324510,NLM_Skimage_Fast,"skimage.denoise_nl_means(fast_mode=True, h=0.8*sigma, sigma=known_sigma)",23.030325,0.67194305,361.592,ok,,Fast engineering baseline; not the original patchwise NLM runtime.
bsd68,test016,321,481,40,188324510,NLM_IPOL_Like,skimage.denoise_nl_means(fast_mode=False) with IPOL grayscale parameter schedule,23.27049,0.69603143,16417.306,ok,,Closer to IPOL patchwise parameters; can be very slow.
bsd68,test016,321,481,40,188324510,BM3D_TAU,"bm3d.bm3d(noisy_float01, sigma_psd=sigma/255)",24.85139,0.76179311,1374.292,ok,,Reference classical upper baseline for AWGN.
bsd68,test016,321,481,50,221651213,Noisy,"clean + AWGN, clipped to [0,1]",14.850702,0.35434433,0.0,ok,,same noisy image reused for all methods
bsd68,test016,321,481,50,221651213,Gaussian_SciPy,"scipy.ndimage.gaussian_filter(sigma_filter=1.5, reflect)",21.544346,0.62597649,3.229,ok,,Optimized replacement for Python-loop Gaussian filter.
bsd68,test016,321,481,50,221651213,Median_SciPy,"scipy.ndimage.median_filter(size=3, reflect)",20.586923,0.55246903,17.434,ok,,Optimized replacement for Python-loop median filter.
bsd68,test016,321,481,50,221651213,NLM_Skimage_Fast,"skimage.denoise_nl_means(fast_mode=True, h=0.8*sigma, sigma=known_sigma)",21.48857,0.59905502,360.508,ok,,Fast engineering baseline; not the original patchwise NLM runtime.
bsd68,test016,321,481,50,221651213,NLM_IPOL_Like,skimage.denoise_nl_means(fast_mode=False) with IPOL grayscale parameter schedule,22.744872,0.66838978,25767.449,ok,,Closer to IPOL patchwise parameters; can be very slow.
bsd68,test016,321,481,50,221651213,BM3D_TAU,"bm3d.bm3d(noisy_float01, sigma_psd=sigma/255)",23.64968,0.7143427,1402.353,ok,,Reference classical upper baseline for AWGN.
bsd68,test016,321,481,75,985682990,Noisy,"clean + AWGN, clipped to [0,1]",12.062496,0.2416758,0.0,ok,,same noisy image reused for all methods
bsd68,test016,321,481,75,985682990,Gaussian_SciPy,"scipy.ndimage.gaussian_filter(sigma_filter=1.5, reflect)",20.330368,0.55341705,1.9,ok,,Optimized replacement for Python-loop Gaussian filter.
bsd68,test016,321,481,75,985682990,Median_SciPy,"scipy.ndimage.median_filter(size=3, reflect)",17.9468,0.43845731,15.695,ok,,Optimized replacement for Python-loop median filter.
bsd68,test016,321,481,75,985682990,NLM_Skimage_Fast,"skimage.denoise_nl_means(fast_mode=True, h=0.8*sigma, sigma=known_sigma)",18.204953,0.40240041,357.743,ok,,Fast engineering baseline; not the original patchwise NLM runtime.
bsd68,test016,321,481,75,985682990,NLM_IPOL_Like,skimage.denoise_nl_means(fast_mode=False) with IPOL grayscale parameter schedule,19.738352,0.51455807,30783.265,ok,,Closer to IPOL patchwise parameters; can be very slow.
bsd68,test016,321,481,75,985682990,BM3D_TAU,"bm3d.bm3d(noisy_float01, sigma_psd=sigma/255)",21.104939,0.59291543,1381.317,ok,,Reference classical upper baseline for AWGN.
bsd68,test017,321,481,5,1890270485,Noisy,"clean + AWGN, clipped to [0,1]",34.187323,0.81215321,0.0,ok,,same noisy image reused for all methods
bsd68,test017,321,481,5,1890270485,Gaussian_SciPy,"scipy.ndimage.gaussian_filter(sigma_filter=1.5, reflect)",32.071943,0.8734907,2.473,ok,,Optimized replacement for Python-loop Gaussian filter.
bsd68,test017,321,481,5,1890270485,Median_SciPy,"scipy.ndimage.median_filter(size=3, reflect)",35.056063,0.90069854,15.816,ok,,Optimized replacement for Python-loop median filter.
bsd68,test017,321,481,5,1890270485,NLM_Skimage_Fast,"skimage.denoise_nl_means(fast_mode=True, h=0.8*sigma, sigma=known_sigma)",38.841769,0.95439281,333.556,ok,,Fast engineering baseline; not the original patchwise NLM runtime.
bsd68,test017,321,481,5,1890270485,NLM_IPOL_Like,skimage.denoise_nl_means(fast_mode=False) with IPOL grayscale parameter schedule,36.8015,0.90184196,2635.367,ok,,Closer to IPOL patchwise parameters; can be very slow.
bsd68,test017,321,481,5,1890270485,BM3D_TAU,"bm3d.bm3d(noisy_float01, sigma_psd=sigma/255)",40.009918,0.96726996,1351.475,ok,,Reference classical upper baseline for AWGN.
bsd68,test017,321,481,10,2434852259,Noisy,"clean + AWGN, clipped to [0,1]",28.398318,0.56899306,0.0,ok,,same noisy image reused for all methods
bsd68,test017,321,481,10,2434852259,Gaussian_SciPy,"scipy.ndimage.gaussian_filter(sigma_filter=1.5, reflect)",31.794213,0.85686743,2.469,ok,,Optimized replacement for Python-loop Gaussian filter.
bsd68,test017,321,481,10,2434852259,Median_SciPy,"scipy.ndimage.median_filter(size=3, reflect)",32.732937,0.80618646,15.619,ok,,Optimized replacement for Python-loop median filter.
bsd68,test017,321,481,10,2434852259,NLM_Skimage_Fast,"skimage.denoise_nl_means(fast_mode=True, h=0.8*sigma, sigma=known_sigma)",34.946424,0.90173485,354.29,ok,,Fast engineering baseline; not the original patchwise NLM runtime.
bsd68,test017,321,481,10,2434852259,NLM_IPOL_Like,skimage.denoise_nl_means(fast_mode=False) with IPOL grayscale parameter schedule,31.976486,0.75740433,2760.223,ok,,Closer to IPOL patchwise parameters; can be very slow.
bsd68,test017,321,481,10,2434852259,BM3D_TAU,"bm3d.bm3d(noisy_float01, sigma_psd=sigma/255)",36.362201,0.93020167,1417.415,ok,,Reference classical upper baseline for AWGN.
bsd68,test017,321,481,15,672509830,Noisy,"clean + AWGN, clipped to [0,1]",25.045635,0.40765045,0.0,ok,,same noisy image reused for all methods
bsd68,test017,321,481,15,672509830,Gaussian_SciPy,"scipy.ndimage.gaussian_filter(sigma_filter=1.5, reflect)",31.303878,0.83058482,3.101,ok,,Optimized replacement for Python-loop Gaussian filter.
bsd68,test017,321,481,15,672509830,Median_SciPy,"scipy.ndimage.median_filter(size=3, reflect)",30.619624,0.70002398,18.703,ok,,Optimized replacement for Python-loop median filter.
bsd68,test017,321,481,15,672509830,NLM_Skimage_Fast,"skimage.denoise_nl_means(fast_mode=True, h=0.8*sigma, sigma=known_sigma)",32.809015,0.85504489,353.028,ok,,Fast engineering baseline; not the original patchwise NLM runtime.
bsd68,test017,321,481,15,672509830,NLM_IPOL_Like,skimage.denoise_nl_means(fast_mode=False) with IPOL grayscale parameter schedule,29.142024,0.63105741,2817.959,ok,,Closer to IPOL patchwise parameters; can be very slow.
bsd68,test017,321,481,15,672509830,BM3D_TAU,"bm3d.bm3d(noisy_float01, sigma_psd=sigma/255)",34.33607,0.89393684,1367.077,ok,,Reference classical upper baseline for AWGN.
bsd68,test017,321,481,20,95110754,Noisy,"clean + AWGN, clipped to [0,1]",22.645917,0.30312728,0.0,ok,,same noisy image reused for all methods
bsd68,test017,321,481,20,95110754,Gaussian_SciPy,"scipy.ndimage.gaussian_filter(sigma_filter=1.5, reflect)",30.629497,0.79649019,3.191,ok,,Optimized replacement for Python-loop Gaussian filter.
bsd68,test017,321,481,20,95110754,Median_SciPy,"scipy.ndimage.median_filter(size=3, reflect)",28.806149,0.60245076,16.547,ok,,Optimized replacement for Python-loop median filter.
bsd68,test017,321,481,20,95110754,NLM_Skimage_Fast,"skimage.denoise_nl_means(fast_mode=True, h=0.8*sigma, sigma=known_sigma)",31.319278,0.8159025,353.388,ok,,Fast engineering baseline; not the original patchwise NLM runtime.
bsd68,test017,321,481,20,95110754,NLM_IPOL_Like,skimage.denoise_nl_means(fast_mode=False) with IPOL grayscale parameter schedule,29.859059,0.70741691,4535.716,ok,,Closer to IPOL patchwise parameters; can be very slow.
bsd68,test017,321,481,20,95110754,BM3D_TAU,"bm3d.bm3d(noisy_float01, sigma_psd=sigma/255)",32.958162,0.86477509,1558.456,ok,,Reference classical upper baseline for AWGN.
bsd68,test017,321,481,25,1203608642,Noisy,"clean + AWGN, clipped to [0,1]",20.817454,0.23422754,0.0,ok,,same noisy image reused for all methods
bsd68,test017,321,481,25,1203608642,Gaussian_SciPy,"scipy.ndimage.gaussian_filter(sigma_filter=1.5, reflect)",29.841575,0.75691652,2.497,ok,,Optimized replacement for Python-loop Gaussian filter.
bsd68,test017,321,481,25,1203608642,Median_SciPy,"scipy.ndimage.median_filter(size=3, reflect)",27.308359,0.51675651,16.948,ok,,Optimized replacement for Python-loop median filter.
bsd68,test017,321,481,25,1203608642,NLM_Skimage_Fast,"skimage.denoise_nl_means(fast_mode=True, h=0.8*sigma, sigma=known_sigma)",30.013457,0.77704626,351.252,ok,,Fast engineering baseline; not the original patchwise NLM runtime.
bsd68,test017,321,481,25,1203608642,NLM_IPOL_Like,skimage.denoise_nl_means(fast_mode=False) with IPOL grayscale parameter schedule,28.450089,0.63863084,4588.485,ok,,Closer to IPOL patchwise parameters; can be very slow.
bsd68,test017,321,481,25,1203608642,BM3D_TAU,"bm3d.bm3d(noisy_float01, sigma_psd=sigma/255)",31.847398,0.83733689,1394.767,ok,,Reference classical upper baseline for AWGN.
bsd68,test017,321,481,30,1737104984,Noisy,"clean + AWGN, clipped to [0,1]",19.323821,0.18731049,0.0,ok,,same noisy image reused for all methods
bsd68,test017,321,481,30,1737104984,Gaussian_SciPy,"scipy.ndimage.gaussian_filter(sigma_filter=1.5, reflect)",28.904468,0.71590346,2.239,ok,,Optimized replacement for Python-loop Gaussian filter.
bsd68,test017,321,481,30,1737104984,Median_SciPy,"scipy.ndimage.median_filter(size=3, reflect)",26.001871,0.44861077,17.211,ok,,Optimized replacement for Python-loop median filter.
bsd68,test017,321,481,30,1737104984,NLM_Skimage_Fast,"skimage.denoise_nl_means(fast_mode=True, h=0.8*sigma, sigma=known_sigma)",28.825212,0.74135112,350.542,ok,,Fast engineering baseline; not the original patchwise NLM runtime.
bsd68,test017,321,481,30,1737104984,NLM_IPOL_Like,skimage.denoise_nl_means(fast_mode=False) with IPOL grayscale parameter schedule,27.237206,0.58050961,4663.06,ok,,Closer to IPOL patchwise parameters; can be very slow.
bsd68,test017,321,481,30,1737104984,BM3D_TAU,"bm3d.bm3d(noisy_float01, sigma_psd=sigma/255)",30.649268,0.80969331,1377.197,ok,,Reference classical upper baseline for AWGN.
bsd68,test017,321,481,35,2903760012,Noisy,"clean + AWGN, clipped to [0,1]",18.067541,0.15307778,0.0,ok,,same noisy image reused for all methods
bsd68,test017,321,481,35,2903760012,Gaussian_SciPy,"scipy.ndimage.gaussian_filter(sigma_filter=1.5, reflect)",28.148111,0.67685056,1.479,ok,,Optimized replacement for Python-loop Gaussian filter.
bsd68,test017,321,481,35,2903760012,Median_SciPy,"scipy.ndimage.median_filter(size=3, reflect)",24.897716,0.39321074,17.23,ok,,Optimized replacement for Python-loop median filter.
bsd68,test017,321,481,35,2903760012,NLM_Skimage_Fast,"skimage.denoise_nl_means(fast_mode=True, h=0.8*sigma, sigma=known_sigma)",27.95413,0.71110259,352.308,ok,,Fast engineering baseline; not the original patchwise NLM runtime.
bsd68,test017,321,481,35,2903760012,NLM_IPOL_Like,skimage.denoise_nl_means(fast_mode=False) with IPOL grayscale parameter schedule,27.17215,0.59730611,19758.862,ok,,Closer to IPOL patchwise parameters; can be very slow.
bsd68,test017,321,481,35,2903760012,BM3D_TAU,"bm3d.bm3d(noisy_float01, sigma_psd=sigma/255)",29.825119,0.78565178,1406.483,ok,,Reference classical upper baseline for AWGN.
bsd68,test017,321,481,40,4116917342,Noisy,"clean + AWGN, clipped to [0,1]",17.001902,0.12696594,0.0,ok,,same noisy image reused for all methods
bsd68,test017,321,481,40,4116917342,Gaussian_SciPy,"scipy.ndimage.gaussian_filter(sigma_filter=1.5, reflect)",27.26669,0.63512632,3.111,ok,,Optimized replacement for Python-loop Gaussian filter.
bsd68,test017,321,481,40,4116917342,Median_SciPy,"scipy.ndimage.median_filter(size=3, reflect)",23.895735,0.34407592,16.989,ok,,Optimized replacement for Python-loop median filter.
bsd68,test017,321,481,40,4116917342,NLM_Skimage_Fast,"skimage.denoise_nl_means(fast_mode=True, h=0.8*sigma, sigma=known_sigma)",27.095928,0.68530633,357.476,ok,,Fast engineering baseline; not the original patchwise NLM runtime.
bsd68,test017,321,481,40,4116917342,NLM_IPOL_Like,skimage.denoise_nl_means(fast_mode=False) with IPOL grayscale parameter schedule,26.257718,0.55785139,20111.313,ok,,Closer to IPOL patchwise parameters; can be very slow.
bsd68,test017,321,481,40,4116917342,BM3D_TAU,"bm3d.bm3d(noisy_float01, sigma_psd=sigma/255)",28.878548,0.76014914,1397.79,ok,,Reference classical upper baseline for AWGN.
bsd68,test017,321,481,50,1362307030,Noisy,"clean + AWGN, clipped to [0,1]",15.256064,0.09069657,0.0,ok,,same noisy image reused for all methods
bsd68,test017,321,481,50,1362307030,Gaussian_SciPy,"scipy.ndimage.gaussian_filter(sigma_filter=1.5, reflect)",25.593622,0.55634206,2.818,ok,,Optimized replacement for Python-loop Gaussian filter.
bsd68,test017,321,481,50,1362307030,Median_SciPy,"scipy.ndimage.median_filter(size=3, reflect)",22.208813,0.27074875,16.601,ok,,Optimized replacement for Python-loop median filter.
bsd68,test017,321,481,50,1362307030,NLM_Skimage_Fast,"skimage.denoise_nl_means(fast_mode=True, h=0.8*sigma, sigma=known_sigma)",25.528657,0.64016865,346.265,ok,,Fast engineering baseline; not the original patchwise NLM runtime.
bsd68,test017,321,481,50,1362307030,NLM_IPOL_Like,skimage.denoise_nl_means(fast_mode=False) with IPOL grayscale parameter schedule,25.189214,0.55741858,31109.673,ok,,Closer to IPOL patchwise parameters; can be very slow.
bsd68,test017,321,481,50,1362307030,BM3D_TAU,"bm3d.bm3d(noisy_float01, sigma_psd=sigma/255)",27.158839,0.71747246,1408.956,ok,,Reference classical upper baseline for AWGN.
bsd68,test017,321,481,75,1555438377,Noisy,"clean + AWGN, clipped to [0,1]",12.279408,0.04886694,0.0,ok,,same noisy image reused for all methods
bsd68,test017,321,481,75,1555438377,Gaussian_SciPy,"scipy.ndimage.gaussian_filter(sigma_filter=1.5, reflect)",22.176617,0.41509159,2.438,ok,,Optimized replacement for Python-loop Gaussian filter.
bsd68,test017,321,481,75,1555438377,Median_SciPy,"scipy.ndimage.median_filter(size=3, reflect)",18.977899,0.16527665,16.277,ok,,Optimized replacement for Python-loop median filter.
bsd68,test017,321,481,75,1555438377,NLM_Skimage_Fast,"skimage.denoise_nl_means(fast_mode=True, h=0.8*sigma, sigma=known_sigma)",22.461641,0.5849469,349.611,ok,,Fast engineering baseline; not the original patchwise NLM runtime.
bsd68,test017,321,481,75,1555438377,NLM_IPOL_Like,skimage.denoise_nl_means(fast_mode=False) with IPOL grayscale parameter schedule,22.203077,0.55472105,32150.318,ok,,Closer to IPOL patchwise parameters; can be very slow.
bsd68,test017,321,481,75,1555438377,BM3D_TAU,"bm3d.bm3d(noisy_float01, sigma_psd=sigma/255)",23.678025,0.64183374,1371.788,ok,,Reference classical upper baseline for AWGN.
bsd68,test018,321,481,5,3287911385,Noisy,"clean + AWGN, clipped to [0,1]",34.165792,0.80669796,0.0,ok,,same noisy image reused for all methods
bsd68,test018,321,481,5,3287911385,Gaussian_SciPy,"scipy.ndimage.gaussian_filter(sigma_filter=1.5, reflect)",31.109989,0.8838551,2.001,ok,,Optimized replacement for Python-loop Gaussian filter.
bsd68,test018,321,481,5,3287911385,Median_SciPy,"scipy.ndimage.median_filter(size=3, reflect)",33.790285,0.90608127,16.036,ok,,Optimized replacement for Python-loop median filter.
bsd68,test018,321,481,5,3287911385,NLM_Skimage_Fast,"skimage.denoise_nl_means(fast_mode=True, h=0.8*sigma, sigma=known_sigma)",39.303631,0.95826846,325.975,ok,,Fast engineering baseline; not the original patchwise NLM runtime.
bsd68,test018,321,481,5,3287911385,NLM_IPOL_Like,skimage.denoise_nl_means(fast_mode=False) with IPOL grayscale parameter schedule,36.750058,0.89395767,2636.601,ok,,Closer to IPOL patchwise parameters; can be very slow.
bsd68,test018,321,481,5,3287911385,BM3D_TAU,"bm3d.bm3d(noisy_float01, sigma_psd=sigma/255)",40.883103,0.97304519,1343.217,ok,,Reference classical upper baseline for AWGN.
bsd68,test018,321,481,10,3749952398,Noisy,"clean + AWGN, clipped to [0,1]",28.197042,0.54936086,0.0,ok,,same noisy image reused for all methods
bsd68,test018,321,481,10,3749952398,Gaussian_SciPy,"scipy.ndimage.gaussian_filter(sigma_filter=1.5, reflect)",30.867873,0.86583674,2.442,ok,,Optimized replacement for Python-loop Gaussian filter.
bsd68,test018,321,481,10,3749952398,Median_SciPy,"scipy.ndimage.median_filter(size=3, reflect)",31.944083,0.811451,15.848,ok,,Optimized replacement for Python-loop median filter.
bsd68,test018,321,481,10,3749952398,NLM_Skimage_Fast,"skimage.denoise_nl_means(fast_mode=True, h=0.8*sigma, sigma=known_sigma)",35.152563,0.91323869,358.291,ok,,Fast engineering baseline; not the original patchwise NLM runtime.
bsd68,test018,321,481,10,3749952398,NLM_IPOL_Like,skimage.denoise_nl_means(fast_mode=False) with IPOL grayscale parameter schedule,31.724758,0.73160057,2744.081,ok,,Closer to IPOL patchwise parameters; can be very slow.
bsd68,test018,321,481,10,3749952398,BM3D_TAU,"bm3d.bm3d(noisy_float01, sigma_psd=sigma/255)",37.050969,0.94583738,1452.238,ok,,Reference classical upper baseline for AWGN.
bsd68,test018,321,481,15,1167448900,Noisy,"clean + AWGN, clipped to [0,1]",24.719849,0.38693189,0.0,ok,,same noisy image reused for all methods
bsd68,test018,321,481,15,1167448900,Gaussian_SciPy,"scipy.ndimage.gaussian_filter(sigma_filter=1.5, reflect)",30.503456,0.83782415,2.69,ok,,Optimized replacement for Python-loop Gaussian filter.
bsd68,test018,321,481,15,1167448900,Median_SciPy,"scipy.ndimage.median_filter(size=3, reflect)",30.0813,0.70206728,16.607,ok,,Optimized replacement for Python-loop median filter.
bsd68,test018,321,481,15,1167448900,NLM_Skimage_Fast,"skimage.denoise_nl_means(fast_mode=True, h=0.8*sigma, sigma=known_sigma)",32.961162,0.87611701,347.827,ok,,Fast engineering baseline; not the original patchwise NLM runtime.
bsd68,test018,321,481,15,1167448900,NLM_IPOL_Like,skimage.denoise_nl_means(fast_mode=False) with IPOL grayscale parameter schedule,28.749634,0.58613086,2792.422,ok,,Closer to IPOL patchwise parameters; can be very slow.
bsd68,test018,321,481,15,1167448900,BM3D_TAU,"bm3d.bm3d(noisy_float01, sigma_psd=sigma/255)",34.826603,0.91852164,1367.861,ok,,Reference classical upper baseline for AWGN.
bsd68,test018,321,481,20,448989113,Noisy,"clean + AWGN, clipped to [0,1]",22.22655,0.28685185,0.0,ok,,same noisy image reused for all methods
bsd68,test018,321,481,20,448989113,Gaussian_SciPy,"scipy.ndimage.gaussian_filter(sigma_filter=1.5, reflect)",30.038663,0.80362007,3.495,ok,,Optimized replacement for Python-loop Gaussian filter.
bsd68,test018,321,481,20,448989113,Median_SciPy,"scipy.ndimage.median_filter(size=3, reflect)",28.405304,0.59883872,16.495,ok,,Optimized replacement for Python-loop median filter.
bsd68,test018,321,481,20,448989113,NLM_Skimage_Fast,"skimage.denoise_nl_means(fast_mode=True, h=0.8*sigma, sigma=known_sigma)",31.470804,0.84375326,365.597,ok,,Fast engineering baseline; not the original patchwise NLM runtime.
bsd68,test018,321,481,20,448989113,NLM_IPOL_Like,skimage.denoise_nl_means(fast_mode=False) with IPOL grayscale parameter schedule,29.39691,0.64419205,4487.458,ok,,Closer to IPOL patchwise parameters; can be very slow.
bsd68,test018,321,481,20,448989113,BM3D_TAU,"bm3d.bm3d(noisy_float01, sigma_psd=sigma/255)",33.443496,0.89474545,1411.166,ok,,Reference classical upper baseline for AWGN.
bsd68,test018,321,481,25,54285950,Noisy,"clean + AWGN, clipped to [0,1]",20.354337,0.22326561,0.0,ok,,same noisy image reused for all methods
bsd68,test018,321,481,25,54285950,Gaussian_SciPy,"scipy.ndimage.gaussian_filter(sigma_filter=1.5, reflect)",29.471282,0.76493434,2.642,ok,,Optimized replacement for Python-loop Gaussian filter.
bsd68,test018,321,481,25,54285950,Median_SciPy,"scipy.ndimage.median_filter(size=3, reflect)",26.924024,0.50966392,15.743,ok,,Optimized replacement for Python-loop median filter.
bsd68,test018,321,481,25,54285950,NLM_Skimage_Fast,"skimage.denoise_nl_means(fast_mode=True, h=0.8*sigma, sigma=known_sigma)",30.304329,0.81430562,348.891,ok,,Fast engineering baseline; not the original patchwise NLM runtime.
bsd68,test018,321,481,25,54285950,NLM_IPOL_Like,skimage.denoise_nl_means(fast_mode=False) with IPOL grayscale parameter schedule,28.040096,0.56823555,4533.446,ok,,Closer to IPOL patchwise parameters; can be very slow.
bsd68,test018,321,481,25,54285950,BM3D_TAU,"bm3d.bm3d(noisy_float01, sigma_psd=sigma/255)",32.355806,0.87382731,1406.585,ok,,Reference classical upper baseline for AWGN.
bsd68,test018,321,481,30,2607559008,Noisy,"clean + AWGN, clipped to [0,1]",18.823784,0.18009984,0.0,ok,,same noisy image reused for all methods
bsd68,test018,321,481,30,2607559008,Gaussian_SciPy,"scipy.ndimage.gaussian_filter(sigma_filter=1.5, reflect)",28.806737,0.7213876,2.595,ok,,Optimized replacement for Python-loop Gaussian filter.
bsd68,test018,321,481,30,2607559008,Median_SciPy,"scipy.ndimage.median_filter(size=3, reflect)",25.597315,0.43711621,17.988,ok,,Optimized replacement for Python-loop median filter.
bsd68,test018,321,481,30,2607559008,NLM_Skimage_Fast,"skimage.denoise_nl_means(fast_mode=True, h=0.8*sigma, sigma=known_sigma)",29.227578,0.78780139,351.886,ok,,Fast engineering baseline; not the original patchwise NLM runtime.
bsd68,test018,321,481,30,2607559008,NLM_IPOL_Like,skimage.denoise_nl_means(fast_mode=False) with IPOL grayscale parameter schedule,26.843935,0.50235003,4607.669,ok,,Closer to IPOL patchwise parameters; can be very slow.
bsd68,test018,321,481,30,2607559008,BM3D_TAU,"bm3d.bm3d(noisy_float01, sigma_psd=sigma/255)",31.461493,0.85511512,1384.035,ok,,Reference classical upper baseline for AWGN.
bsd68,test018,321,481,35,3543628012,Noisy,"clean + AWGN, clipped to [0,1]",17.540879,0.14707652,0.0,ok,,same noisy image reused for all methods
bsd68,test018,321,481,35,3543628012,Gaussian_SciPy,"scipy.ndimage.gaussian_filter(sigma_filter=1.5, reflect)",28.20582,0.68005046,2.958,ok,,Optimized replacement for Python-loop Gaussian filter.
bsd68,test018,321,481,35,3543628012,Median_SciPy,"scipy.ndimage.median_filter(size=3, reflect)",24.446137,0.37604352,17.308,ok,,Optimized replacement for Python-loop median filter.
bsd68,test018,321,481,35,3543628012,NLM_Skimage_Fast,"skimage.denoise_nl_means(fast_mode=True, h=0.8*sigma, sigma=known_sigma)",28.38808,0.76260398,350.642,ok,,Fast engineering baseline; not the original patchwise NLM runtime.
bsd68,test018,321,481,35,3543628012,NLM_IPOL_Like,skimage.denoise_nl_means(fast_mode=False) with IPOL grayscale parameter schedule,27.353128,0.56159198,19397.8,ok,,Closer to IPOL patchwise parameters; can be very slow.
bsd68,test018,321,481,35,3543628012,BM3D_TAU,"bm3d.bm3d(noisy_float01, sigma_psd=sigma/255)",30.688772,0.83527524,2157.996,ok,,Reference classical upper baseline for AWGN.
bsd68,test018,321,481,40,3645073900,Noisy,"clean + AWGN, clipped to [0,1]",16.491714,0.12417338,0.0,ok,,same noisy image reused for all methods
bsd68,test018,321,481,40,3645073900,Gaussian_SciPy,"scipy.ndimage.gaussian_filter(sigma_filter=1.5, reflect)",27.61654,0.63917889,2.612,ok,,Optimized replacement for Python-loop Gaussian filter.
bsd68,test018,321,481,40,3645073900,Median_SciPy,"scipy.ndimage.median_filter(size=3, reflect)",23.443686,0.32674004,17.699,ok,,Optimized replacement for Python-loop median filter.
bsd68,test018,321,481,40,3645073900,NLM_Skimage_Fast,"skimage.denoise_nl_means(fast_mode=True, h=0.8*sigma, sigma=known_sigma)",27.698655,0.74306641,392.279,ok,,Fast engineering baseline; not the original patchwise NLM runtime.
bsd68,test018,321,481,40,3645073900,NLM_IPOL_Like,skimage.denoise_nl_means(fast_mode=False) with IPOL grayscale parameter schedule,26.67071,0.5284107,20325.919,ok,,Closer to IPOL patchwise parameters; can be very slow.
bsd68,test018,321,481,40,3645073900,BM3D_TAU,"bm3d.bm3d(noisy_float01, sigma_psd=sigma/255)",30.108851,0.82003313,1431.139,ok,,Reference classical upper baseline for AWGN.
bsd68,test018,321,481,50,4250189156,Noisy,"clean + AWGN, clipped to [0,1]",14.741304,0.09270137,0.0,ok,,same noisy image reused for all methods
bsd68,test018,321,481,50,4250189156,Gaussian_SciPy,"scipy.ndimage.gaussian_filter(sigma_filter=1.5, reflect)",26.391748,0.57105322,3.908,ok,,Optimized replacement for Python-loop Gaussian filter.
bsd68,test018,321,481,50,4250189156,Median_SciPy,"scipy.ndimage.median_filter(size=3, reflect)",21.671155,0.25735137,16.176,ok,,Optimized replacement for Python-loop median filter.
bsd68,test018,321,481,50,4250189156,NLM_Skimage_Fast,"skimage.denoise_nl_means(fast_mode=True, h=0.8*sigma, sigma=known_sigma)",26.374761,0.71080579,344.717,ok,,Fast engineering baseline; not the original patchwise NLM runtime.
bsd68,test018,321,481,50,4250189156,NLM_IPOL_Like,skimage.denoise_nl_means(fast_mode=False) with IPOL grayscale parameter schedule,26.218132,0.58974201,30841.292,ok,,Closer to IPOL patchwise parameters; can be very slow.
bsd68,test018,321,481,50,4250189156,BM3D_TAU,"bm3d.bm3d(noisy_float01, sigma_psd=sigma/255)",28.865844,0.79671957,1456.383,ok,,Reference classical upper baseline for AWGN.
bsd68,test018,321,481,75,3244068012,Noisy,"clean + AWGN, clipped to [0,1]",11.933838,0.05232835,0.0,ok,,same noisy image reused for all methods
bsd68,test018,321,481,75,3244068012,Gaussian_SciPy,"scipy.ndimage.gaussian_filter(sigma_filter=1.5, reflect)",23.639229,0.44033727,2.338,ok,,Optimized replacement for Python-loop Gaussian filter.
bsd68,test018,321,481,75,3244068012,Median_SciPy,"scipy.ndimage.median_filter(size=3, reflect)",18.491787,0.15747169,16.113,ok,,Optimized replacement for Python-loop median filter.
bsd68,test018,321,481,75,3244068012,NLM_Skimage_Fast,"skimage.denoise_nl_means(fast_mode=True, h=0.8*sigma, sigma=known_sigma)",23.968219,0.68474357,357.973,ok,,Fast engineering baseline; not the original patchwise NLM runtime.
bsd68,test018,321,481,75,3244068012,NLM_IPOL_Like,skimage.denoise_nl_means(fast_mode=False) with IPOL grayscale parameter schedule,23.536666,0.64844384,32007.2,ok,,Closer to IPOL patchwise parameters; can be very slow.
bsd68,test018,321,481,75,3244068012,BM3D_TAU,"bm3d.bm3d(noisy_float01, sigma_psd=sigma/255)",25.919335,0.74475616,1392.848,ok,,Reference classical upper baseline for AWGN.
bsd68,test019,321,481,5,3214054138,Noisy,"clean + AWGN, clipped to [0,1]",34.1797,0.88645762,0.0,ok,,same noisy image reused for all methods
bsd68,test019,321,481,5,3214054138,Gaussian_SciPy,"scipy.ndimage.gaussian_filter(sigma_filter=1.5, reflect)",23.796866,0.7057126,2.832,ok,,Optimized replacement for Python-loop Gaussian filter.
bsd68,test019,321,481,5,3214054138,Median_SciPy,"scipy.ndimage.median_filter(size=3, reflect)",26.21204,0.78741885,15.485,ok,,Optimized replacement for Python-loop median filter.
bsd68,test019,321,481,5,3214054138,NLM_Skimage_Fast,"skimage.denoise_nl_means(fast_mode=True, h=0.8*sigma, sigma=known_sigma)",36.461648,0.95297006,296.338,ok,,Fast engineering baseline; not the original patchwise NLM runtime.
bsd68,test019,321,481,5,3214054138,NLM_IPOL_Like,skimage.denoise_nl_means(fast_mode=False) with IPOL grayscale parameter schedule,,,2425.883,ok,,Closer to IPOL patchwise parameters; can be very slow.
bsd68,test019,321,481,5,3214054138,BM3D_TAU,"bm3d.bm3d(noisy_float01, sigma_psd=sigma/255)",37.28336,0.96553768,1377.998,ok,,Reference classical upper baseline for AWGN.
bsd68,test019,321,481,10,3311771907,Noisy,"clean + AWGN, clipped to [0,1]",28.221928,0.71144727,0.0,ok,,same noisy image reused for all methods
bsd68,test019,321,481,10,3311771907,Gaussian_SciPy,"scipy.ndimage.gaussian_filter(sigma_filter=1.5, reflect)",23.756921,0.69619034,2.513,ok,,Optimized replacement for Python-loop Gaussian filter.
bsd68,test019,321,481,10,3311771907,Median_SciPy,"scipy.ndimage.median_filter(size=3, reflect)",25.807516,0.73168045,16.64,ok,,Optimized replacement for Python-loop median filter.
bsd68,test019,321,481,10,3311771907,NLM_Skimage_Fast,"skimage.denoise_nl_means(fast_mode=True, h=0.8*sigma, sigma=known_sigma)",31.65531,0.8827511,330.923,ok,,Fast engineering baseline; not the original patchwise NLM runtime.
bsd68,test019,321,481,10,3311771907,NLM_IPOL_Like,skimage.denoise_nl_means(fast_mode=False) with IPOL grayscale parameter schedule,30.436531,0.81300656,2635.621,ok,,Closer to IPOL patchwise parameters; can be very slow.
bsd68,test019,321,481,10,3311771907,BM3D_TAU,"bm3d.bm3d(noisy_float01, sigma_psd=sigma/255)",32.769606,0.91767855,1346.745,ok,,Reference classical upper baseline for AWGN.
bsd68,test019,321,481,15,2609291248,Noisy,"clean + AWGN, clipped to [0,1]",24.773921,0.57789607,0.0,ok,,same noisy image reused for all methods
bsd68,test019,321,481,15,2609291248,Gaussian_SciPy,"scipy.ndimage.gaussian_filter(sigma_filter=1.5, reflect)",23.665404,0.68151314,3.592,ok,,Optimized replacement for Python-loop Gaussian filter.
bsd68,test019,321,481,15,2609291248,Median_SciPy,"scipy.ndimage.median_filter(size=3, reflect)",25.223447,0.66335063,17.485,ok,,Optimized replacement for Python-loop median filter.
bsd68,test019,321,481,15,2609291248,NLM_Skimage_Fast,"skimage.denoise_nl_means(fast_mode=True, h=0.8*sigma, sigma=known_sigma)",28.947608,0.81013085,453.687,ok,,Fast engineering baseline; not the original patchwise NLM runtime.
bsd68,test019,321,481,15,2609291248,NLM_IPOL_Like,skimage.denoise_nl_means(fast_mode=False) with IPOL grayscale parameter schedule,27.566089,0.70643926,2757.295,ok,,Closer to IPOL patchwise parameters; can be very slow.
bsd68,test019,321,481,15,2609291248,BM3D_TAU,"bm3d.bm3d(noisy_float01, sigma_psd=sigma/255)",30.302152,0.86625958,1385.028,ok,,Reference classical upper baseline for AWGN.
bsd68,test019,321,481,20,3490104101,Noisy,"clean + AWGN, clipped to [0,1]",22.366423,0.48171272,0.0,ok,,same noisy image reused for all methods
bsd68,test019,321,481,20,3490104101,Gaussian_SciPy,"scipy.ndimage.gaussian_filter(sigma_filter=1.5, reflect)",23.526925,0.66012077,2.926,ok,,Optimized replacement for Python-loop Gaussian filter.
bsd68,test019,321,481,20,3490104101,Median_SciPy,"scipy.ndimage.median_filter(size=3, reflect)",24.534263,0.59752861,16.548,ok,,Optimized replacement for Python-loop median filter.
bsd68,test019,321,481,20,3490104101,NLM_Skimage_Fast,"skimage.denoise_nl_means(fast_mode=True, h=0.8*sigma, sigma=known_sigma)",27.412663,0.75566987,351.983,ok,,Fast engineering baseline; not the original patchwise NLM runtime.
bsd68,test019,321,481,20,3490104101,NLM_IPOL_Like,skimage.denoise_nl_means(fast_mode=False) with IPOL grayscale parameter schedule,26.961088,0.72574445,4147.53,ok,,Closer to IPOL patchwise parameters; can be very slow.
bsd68,test019,321,481,20,3490104101,BM3D_TAU,"bm3d.bm3d(noisy_float01, sigma_psd=sigma/255)",28.618014,0.81527379,1371.812,ok,,Reference classical upper baseline for AWGN.
bsd68,test019,321,481,25,610993903,Noisy,"clean + AWGN, clipped to [0,1]",20.493283,0.40866376,0.0,ok,,same noisy image reused for all methods
bsd68,test019,321,481,25,610993903,Gaussian_SciPy,"scipy.ndimage.gaussian_filter(sigma_filter=1.5, reflect)",23.38915,0.64031152,2.455,ok,,Optimized replacement for Python-loop Gaussian filter.
bsd68,test019,321,481,25,610993903,Median_SciPy,"scipy.ndimage.median_filter(size=3, reflect)",23.836215,0.53716832,17.074,ok,,Optimized replacement for Python-loop median filter.
bsd68,test019,321,481,25,610993903,NLM_Skimage_Fast,"skimage.denoise_nl_means(fast_mode=True, h=0.8*sigma, sigma=known_sigma)",26.397909,0.71430553,356.423,ok,,Fast engineering baseline; not the original patchwise NLM runtime.
bsd68,test019,321,481,25,610993903,NLM_IPOL_Like,skimage.denoise_nl_means(fast_mode=False) with IPOL grayscale parameter schedule,25.788975,0.66435358,4292.406,ok,,Closer to IPOL patchwise parameters; can be very slow.
bsd68,test019,321,481,25,610993903,BM3D_TAU,"bm3d.bm3d(noisy_float01, sigma_psd=sigma/255)",27.460575,0.7733988,1394.056,ok,,Reference classical upper baseline for AWGN.
bsd68,test019,321,481,30,530991796,Noisy,"clean + AWGN, clipped to [0,1]",19.020083,0.35334421,0.0,ok,,same noisy image reused for all methods
bsd68,test019,321,481,30,530991796,Gaussian_SciPy,"scipy.ndimage.gaussian_filter(sigma_filter=1.5, reflect)",23.200652,0.61645783,3.173,ok,,Optimized replacement for Python-loop Gaussian filter.
bsd68,test019,321,481,30,530991796,Median_SciPy,"scipy.ndimage.median_filter(size=3, reflect)",23.135152,0.48573393,16.756,ok,,Optimized replacement for Python-loop median filter.
bsd68,test019,321,481,30,530991796,NLM_Skimage_Fast,"skimage.denoise_nl_means(fast_mode=True, h=0.8*sigma, sigma=known_sigma)",25.55199,0.68177842,354.561,ok,,Fast engineering baseline; not the original patchwise NLM runtime.
bsd68,test019,321,481,30,530991796,NLM_IPOL_Like,skimage.denoise_nl_means(fast_mode=False) with IPOL grayscale parameter schedule,24.956719,0.61812345,4379.426,ok,,Closer to IPOL patchwise parameters; can be very slow.
bsd68,test019,321,481,30,530991796,BM3D_TAU,"bm3d.bm3d(noisy_float01, sigma_psd=sigma/255)",26.528773,0.73502168,1577.477,ok,,Reference classical upper baseline for AWGN.
bsd68,test019,321,481,35,959657716,Noisy,"clean + AWGN, clipped to [0,1]",17.709746,0.30716627,0.0,ok,,same noisy image reused for all methods
bsd68,test019,321,481,35,959657716,Gaussian_SciPy,"scipy.ndimage.gaussian_filter(sigma_filter=1.5, reflect)",22.972658,0.592988,2.221,ok,,Optimized replacement for Python-loop Gaussian filter.
bsd68,test019,321,481,35,959657716,Median_SciPy,"scipy.ndimage.median_filter(size=3, reflect)",22.404977,0.43928107,15.283,ok,,Optimized replacement for Python-loop median filter.
bsd68,test019,321,481,35,959657716,NLM_Skimage_Fast,"skimage.denoise_nl_means(fast_mode=True, h=0.8*sigma, sigma=known_sigma)",24.859965,0.6529319,351.449,ok,,Fast engineering baseline; not the original patchwise NLM runtime.
bsd68,test019,321,481,35,959657716,NLM_IPOL_Like,skimage.denoise_nl_means(fast_mode=False) with IPOL grayscale parameter schedule,24.731575,0.6245952,17557.164,ok,,Closer to IPOL patchwise parameters; can be very slow.
bsd68,test019,321,481,35,959657716,BM3D_TAU,"bm3d.bm3d(noisy_float01, sigma_psd=sigma/255)",25.813957,0.70701281,1445.199,ok,,Reference classical upper baseline for AWGN.
bsd68,test019,321,481,40,4131212130,Noisy,"clean + AWGN, clipped to [0,1]",16.660947,0.2733306,0.0,ok,,same noisy image reused for all methods
bsd68,test019,321,481,40,4131212130,Gaussian_SciPy,"scipy.ndimage.gaussian_filter(sigma_filter=1.5, reflect)",22.724451,0.56756997,2.96,ok,,Optimized replacement for Python-loop Gaussian filter.
bsd68,test019,321,481,40,4131212130,Median_SciPy,"scipy.ndimage.median_filter(size=3, reflect)",21.785777,0.40216751,17.911,ok,,Optimized replacement for Python-loop median filter.
bsd68,test019,321,481,40,4131212130,NLM_Skimage_Fast,"skimage.denoise_nl_means(fast_mode=True, h=0.8*sigma, sigma=known_sigma)",24.204196,0.6285302,366.575,ok,,Fast engineering baseline; not the original patchwise NLM runtime.
bsd68,test019,321,481,40,4131212130,NLM_IPOL_Like,skimage.denoise_nl_means(fast_mode=False) with IPOL grayscale parameter schedule,24.20369,0.59657903,18035.722,ok,,Closer to IPOL patchwise parameters; can be very slow.
bsd68,test019,321,481,40,4131212130,BM3D_TAU,"bm3d.bm3d(noisy_float01, sigma_psd=sigma/255)",25.17233,0.67892071,1380.673,ok,,Reference classical upper baseline for AWGN.
bsd68,test019,321,481,50,447524967,Noisy,"clean + AWGN, clipped to [0,1]",14.885709,0.21919684,0.0,ok,,same noisy image reused for all methods
bsd68,test019,321,481,50,447524967,Gaussian_SciPy,"scipy.ndimage.gaussian_filter(sigma_filter=1.5, reflect)",22.154703,0.51921624,2.739,ok,,Optimized replacement for Python-loop Gaussian filter.
bsd68,test019,321,481,50,447524967,Median_SciPy,"scipy.ndimage.median_filter(size=3, reflect)",20.463319,0.33532045,16.064,ok,,Optimized replacement for Python-loop median filter.
bsd68,test019,321,481,50,447524967,NLM_Skimage_Fast,"skimage.denoise_nl_means(fast_mode=True, h=0.8*sigma, sigma=known_sigma)",23.027994,0.58646677,353.845,ok,,Fast engineering baseline; not the original patchwise NLM runtime.
bsd68,test019,321,481,50,447524967,NLM_IPOL_Like,skimage.denoise_nl_means(fast_mode=False) with IPOL grayscale parameter schedule,23.496806,0.5817117,27883.025,ok,,Closer to IPOL patchwise parameters; can be very slow.
bsd68,test019,321,481,50,447524967,BM3D_TAU,"bm3d.bm3d(noisy_float01, sigma_psd=sigma/255)",24.137675,0.63702307,1399.217,ok,,Reference classical upper baseline for AWGN.
bsd68,test019,321,481,75,2742424998,Noisy,"clean + AWGN, clipped to [0,1]",12.050327,0.14636821,0.0,ok,,same noisy image reused for all methods
bsd68,test019,321,481,75,2742424998,Gaussian_SciPy,"scipy.ndimage.gaussian_filter(sigma_filter=1.5, reflect)",20.653699,0.4328108,3.027,ok,,Optimized replacement for Python-loop Gaussian filter.
bsd68,test019,321,481,75,2742424998,Median_SciPy,"scipy.ndimage.median_filter(size=3, reflect)",17.942783,0.24379493,16.634,ok,,Optimized replacement for Python-loop median filter.
bsd68,test019,321,481,75,2742424998,NLM_Skimage_Fast,"skimage.denoise_nl_means(fast_mode=True, h=0.8*sigma, sigma=known_sigma)",20.20936,0.50296658,343.184,ok,,Fast engineering baseline; not the original patchwise NLM runtime.
bsd68,test019,321,481,75,2742424998,NLM_IPOL_Like,skimage.denoise_nl_means(fast_mode=False) with IPOL grayscale parameter schedule,21.149972,0.52574468,30806.991,ok,,Closer to IPOL patchwise parameters; can be very slow.
bsd68,test019,321,481,75,2742424998,BM3D_TAU,"bm3d.bm3d(noisy_float01, sigma_psd=sigma/255)",22.085918,0.57078049,1359.437,ok,,Reference classical upper baseline for AWGN.
bsd68,test020,321,481,5,1703712766,Noisy,"clean + AWGN, clipped to [0,1]",34.208119,0.84918045,0.0,ok,,same noisy image reused for all methods
bsd68,test020,321,481,5,1703712766,Gaussian_SciPy,"scipy.ndimage.gaussian_filter(sigma_filter=1.5, reflect)",24.226495,0.78641508,2.164,ok,,Optimized replacement for Python-loop Gaussian filter.
bsd68,test020,321,481,5,1703712766,Median_SciPy,"scipy.ndimage.median_filter(size=3, reflect)",26.7769,0.83753492,16.567,ok,,Optimized replacement for Python-loop median filter.
bsd68,test020,321,481,5,1703712766,NLM_Skimage_Fast,"skimage.denoise_nl_means(fast_mode=True, h=0.8*sigma, sigma=known_sigma)",37.186394,0.95075838,313.305,ok,,Fast engineering baseline; not the original patchwise NLM runtime.
bsd68,test020,321,481,5,1703712766,NLM_IPOL_Like,skimage.denoise_nl_means(fast_mode=False) with IPOL grayscale parameter schedule,,,2528.265,ok,,Closer to IPOL patchwise parameters; can be very slow.
bsd68,test020,321,481,5,1703712766,BM3D_TAU,"bm3d.bm3d(noisy_float01, sigma_psd=sigma/255)",37.824601,0.95923888,1380.945,ok,,Reference classical upper baseline for AWGN.
bsd68,test020,321,481,10,3182524387,Noisy,"clean + AWGN, clipped to [0,1]",28.190293,0.63500118,0.0,ok,,same noisy image reused for all methods
bsd68,test020,321,481,10,3182524387,Gaussian_SciPy,"scipy.ndimage.gaussian_filter(sigma_filter=1.5, reflect)",24.182294,0.77306474,3.261,ok,,Optimized replacement for Python-loop Gaussian filter.
bsd68,test020,321,481,10,3182524387,Median_SciPy,"scipy.ndimage.median_filter(size=3, reflect)",26.357041,0.76518085,17.048,ok,,Optimized replacement for Python-loop median filter.
bsd68,test020,321,481,10,3182524387,NLM_Skimage_Fast,"skimage.denoise_nl_means(fast_mode=True, h=0.8*sigma, sigma=known_sigma)",32.519124,0.89456757,332.542,ok,,Fast engineering baseline; not the original patchwise NLM runtime.
bsd68,test020,321,481,10,3182524387,NLM_IPOL_Like,skimage.denoise_nl_means(fast_mode=False) with IPOL grayscale parameter schedule,30.863875,0.77215994,2675.73,ok,,Closer to IPOL patchwise parameters; can be very slow.
bsd68,test020,321,481,10,3182524387,BM3D_TAU,"bm3d.bm3d(noisy_float01, sigma_psd=sigma/255)",33.347543,0.91605444,1333.08,ok,,Reference classical upper baseline for AWGN.
bsd68,test020,321,481,15,2181631283,Noisy,"clean + AWGN, clipped to [0,1]",24.800568,0.49460529,0.0,ok,,same noisy image reused for all methods
bsd68,test020,321,481,15,2181631283,Gaussian_SciPy,"scipy.ndimage.gaussian_filter(sigma_filter=1.5, reflect)",24.087699,0.75161186,2.702,ok,,Optimized replacement for Python-loop Gaussian filter.
bsd68,test020,321,481,15,2181631283,Median_SciPy,"scipy.ndimage.median_filter(size=3, reflect)",25.738029,0.68043187,16.315,ok,,Optimized replacement for Python-loop median filter.
bsd68,test020,321,481,15,2181631283,NLM_Skimage_Fast,"skimage.denoise_nl_means(fast_mode=True, h=0.8*sigma, sigma=known_sigma)",30.035991,0.84644775,358.698,ok,,Fast engineering baseline; not the original patchwise NLM runtime.
bsd68,test020,321,481,15,2181631283,NLM_IPOL_Like,skimage.denoise_nl_means(fast_mode=False) with IPOL grayscale parameter schedule,28.046336,0.65507153,2736.749,ok,,Closer to IPOL patchwise parameters; can be very slow.
bsd68,test020,321,481,15,2181631283,BM3D_TAU,"bm3d.bm3d(noisy_float01, sigma_psd=sigma/255)",30.976884,0.87637072,1370.945,ok,,Reference classical upper baseline for AWGN.
bsd68,test020,321,481,20,3589620799,Noisy,"clean + AWGN, clipped to [0,1]",22.422821,0.40560459,0.0,ok,,same noisy image reused for all methods
bsd68,test020,321,481,20,3589620799,Gaussian_SciPy,"scipy.ndimage.gaussian_filter(sigma_filter=1.5, reflect)",23.968737,0.72459275,2.316,ok,,Optimized replacement for Python-loop Gaussian filter.
bsd68,test020,321,481,20,3589620799,Median_SciPy,"scipy.ndimage.median_filter(size=3, reflect)",25.028116,0.59960926,16.276,ok,,Optimized replacement for Python-loop median filter.
bsd68,test020,321,481,20,3589620799,NLM_Skimage_Fast,"skimage.denoise_nl_means(fast_mode=True, h=0.8*sigma, sigma=known_sigma)",28.325346,0.80555784,352.941,ok,,Fast engineering baseline; not the original patchwise NLM runtime.
bsd68,test020,321,481,20,3589620799,NLM_IPOL_Like,skimage.denoise_nl_means(fast_mode=False) with IPOL grayscale parameter schedule,27.642741,0.69721709,4276.69,ok,,Closer to IPOL patchwise parameters; can be very slow.
bsd68,test020,321,481,20,3589620799,BM3D_TAU,"bm3d.bm3d(noisy_float01, sigma_psd=sigma/255)",29.283309,0.83956852,1365.235,ok,,Reference classical upper baseline for AWGN.
bsd68,test020,321,481,25,2905602070,Noisy,"clean + AWGN, clipped to [0,1]",20.559171,0.34153026,0.0,ok,,same noisy image reused for all methods
bsd68,test020,321,481,25,2905602070,Gaussian_SciPy,"scipy.ndimage.gaussian_filter(sigma_filter=1.5, reflect)",23.781183,0.69418211,2.606,ok,,Optimized replacement for Python-loop Gaussian filter.
bsd68,test020,321,481,25,2905602070,Median_SciPy,"scipy.ndimage.median_filter(size=3, reflect)",24.231234,0.52521312,15.836,ok,,Optimized replacement for Python-loop median filter.
bsd68,test020,321,481,25,2905602070,NLM_Skimage_Fast,"skimage.denoise_nl_means(fast_mode=True, h=0.8*sigma, sigma=known_sigma)",27.02336,0.76996247,347.834,ok,,Fast engineering baseline; not the original patchwise NLM runtime.
bsd68,test020,321,481,25,2905602070,NLM_IPOL_Like,skimage.denoise_nl_means(fast_mode=False) with IPOL grayscale parameter schedule,26.331454,0.62708649,4356.872,ok,,Closer to IPOL patchwise parameters; can be very slow.
bsd68,test020,321,481,25,2905602070,BM3D_TAU,"bm3d.bm3d(noisy_float01, sigma_psd=sigma/255)",28.000312,0.80872461,1372.616,ok,,Reference classical upper baseline for AWGN.
bsd68,test020,321,481,30,3810868196,Noisy,"clean + AWGN, clipped to [0,1]",19.100044,0.29590904,0.0,ok,,same noisy image reused for all methods
bsd68,test020,321,481,30,3810868196,Gaussian_SciPy,"scipy.ndimage.gaussian_filter(sigma_filter=1.5, reflect)",23.595145,0.66432973,2.264,ok,,Optimized replacement for Python-loop Gaussian filter.
bsd68,test020,321,481,30,3810868196,Median_SciPy,"scipy.ndimage.median_filter(size=3, reflect)",23.45936,0.4654834,16.428,ok,,Optimized replacement for Python-loop median filter.
bsd68,test020,321,481,30,3810868196,NLM_Skimage_Fast,"skimage.denoise_nl_means(fast_mode=True, h=0.8*sigma, sigma=known_sigma)",26.102897,0.74213522,350.086,ok,,Fast engineering baseline; not the original patchwise NLM runtime.
bsd68,test020,321,481,30,3810868196,NLM_IPOL_Like,skimage.denoise_nl_means(fast_mode=False) with IPOL grayscale parameter schedule,25.465638,0.57789597,4545.869,ok,,Closer to IPOL patchwise parameters; can be very slow.
bsd68,test020,321,481,30,3810868196,BM3D_TAU,"bm3d.bm3d(noisy_float01, sigma_psd=sigma/255)",27.089979,0.78432704,1382.644,ok,,Reference classical upper baseline for AWGN.
bsd68,test020,321,481,35,112723882,Noisy,"clean + AWGN, clipped to [0,1]",17.824506,0.26037759,0.0,ok,,same noisy image reused for all methods
bsd68,test020,321,481,35,112723882,Gaussian_SciPy,"scipy.ndimage.gaussian_filter(sigma_filter=1.5, reflect)",23.381084,0.62799643,3.022,ok,,Optimized replacement for Python-loop Gaussian filter.
bsd68,test020,321,481,35,112723882,Median_SciPy,"scipy.ndimage.median_filter(size=3, reflect)",22.749671,0.41568022,16.095,ok,,Optimized replacement for Python-loop median filter.
bsd68,test020,321,481,35,112723882,NLM_Skimage_Fast,"skimage.denoise_nl_means(fast_mode=True, h=0.8*sigma, sigma=known_sigma)",25.262161,0.71385229,351.421,ok,,Fast engineering baseline; not the original patchwise NLM runtime.
bsd68,test020,321,481,35,112723882,NLM_IPOL_Like,skimage.denoise_nl_means(fast_mode=False) with IPOL grayscale parameter schedule,25.048775,0.58965962,18308.312,ok,,Closer to IPOL patchwise parameters; can be very slow.
bsd68,test020,321,481,35,112723882,BM3D_TAU,"bm3d.bm3d(noisy_float01, sigma_psd=sigma/255)",26.30347,0.75873844,1421.952,ok,,Reference classical upper baseline for AWGN.
bsd68,test020,321,481,40,2548832685,Noisy,"clean + AWGN, clipped to [0,1]",16.76836,0.23204075,0.0,ok,,same noisy image reused for all methods
bsd68,test020,321,481,40,2548832685,Gaussian_SciPy,"scipy.ndimage.gaussian_filter(sigma_filter=1.5, reflect)",23.082796,0.59805734,2.649,ok,,Optimized replacement for Python-loop Gaussian filter.
bsd68,test020,321,481,40,2548832685,Median_SciPy,"scipy.ndimage.median_filter(size=3, reflect)",22.036693,0.37510158,15.388,ok,,Optimized replacement for Python-loop median filter.
bsd68,test020,321,481,40,2548832685,NLM_Skimage_Fast,"skimage.denoise_nl_means(fast_mode=True, h=0.8*sigma, sigma=known_sigma)",24.499925,0.69030805,351.795,ok,,Fast engineering baseline; not the original patchwise NLM runtime.
bsd68,test020,321,481,40,2548832685,NLM_IPOL_Like,skimage.denoise_nl_means(fast_mode=False) with IPOL grayscale parameter schedule,24.496102,0.55873643,18673.403,ok,,Closer to IPOL patchwise parameters; can be very slow.
bsd68,test020,321,481,40,2548832685,BM3D_TAU,"bm3d.bm3d(noisy_float01, sigma_psd=sigma/255)",25.628874,0.74061555,1397.548,ok,,Reference classical upper baseline for AWGN.
bsd68,test020,321,481,50,3780016699,Noisy,"clean + AWGN, clipped to [0,1]",15.052353,0.18999875,0.0,ok,,same noisy image reused for all methods
bsd68,test020,321,481,50,3780016699,Gaussian_SciPy,"scipy.ndimage.gaussian_filter(sigma_filter=1.5, reflect)",22.517977,0.5407216,2.548,ok,,Optimized replacement for Python-loop Gaussian filter.
bsd68,test020,321,481,50,3780016699,Median_SciPy,"scipy.ndimage.median_filter(size=3, reflect)",20.751864,0.31538018,16.01,ok,,Optimized replacement for Python-loop median filter.
bsd68,test020,321,481,50,3780016699,NLM_Skimage_Fast,"skimage.denoise_nl_means(fast_mode=True, h=0.8*sigma, sigma=known_sigma)",23.256719,0.65223846,356.565,ok,,Fast engineering baseline; not the original patchwise NLM runtime.
bsd68,test020,321,481,50,3780016699,NLM_IPOL_Like,skimage.denoise_nl_means(fast_mode=False) with IPOL grayscale parameter schedule,23.652277,0.57319454,29094.232,ok,,Closer to IPOL patchwise parameters; can be very slow.
bsd68,test020,321,481,50,3780016699,BM3D_TAU,"bm3d.bm3d(noisy_float01, sigma_psd=sigma/255)",24.453317,0.70794715,1455.498,ok,,Reference classical upper baseline for AWGN.
bsd68,test020,321,481,75,3573268577,Noisy,"clean + AWGN, clipped to [0,1]",12.14648,0.12422143,0.0,ok,,same noisy image reused for all methods
bsd68,test020,321,481,75,3573268577,Gaussian_SciPy,"scipy.ndimage.gaussian_filter(sigma_filter=1.5, reflect)",20.784324,0.42529713,3.938,ok,,Optimized replacement for Python-loop Gaussian filter.
bsd68,test020,321,481,75,3573268577,Median_SciPy,"scipy.ndimage.median_filter(size=3, reflect)",18.100732,0.21887257,18.917,ok,,Optimized replacement for Python-loop median filter.
bsd68,test020,321,481,75,3573268577,NLM_Skimage_Fast,"skimage.denoise_nl_means(fast_mode=True, h=0.8*sigma, sigma=known_sigma)",20.283483,0.587859,377.363,ok,,Fast engineering baseline; not the original patchwise NLM runtime.
bsd68,test020,321,481,75,3573268577,NLM_IPOL_Like,skimage.denoise_nl_means(fast_mode=False) with IPOL grayscale parameter schedule,21.098959,0.58269876,31470.048,ok,,Closer to IPOL patchwise parameters; can be very slow.
bsd68,test020,321,481,75,3573268577,BM3D_TAU,"bm3d.bm3d(noisy_float01, sigma_psd=sigma/255)",22.042396,0.6483103,1411.316,ok,,Reference classical upper baseline for AWGN.
bsd68,test021,481,321,5,205263964,Noisy,"clean + AWGN, clipped to [0,1]",34.148268,0.93563917,0.0,ok,,same noisy image reused for all methods
bsd68,test021,481,321,5,205263964,Gaussian_SciPy,"scipy.ndimage.gaussian_filter(sigma_filter=1.5, reflect)",20.540306,0.66016194,2.123,ok,,Optimized replacement for Python-loop Gaussian filter.
bsd68,test021,481,321,5,205263964,Median_SciPy,"scipy.ndimage.median_filter(size=3, reflect)",23.70692,0.82841508,15.826,ok,,Optimized replacement for Python-loop median filter.
bsd68,test021,481,321,5,205263964,NLM_Skimage_Fast,"skimage.denoise_nl_means(fast_mode=True, h=0.8*sigma, sigma=known_sigma)",35.474033,0.96893578,262.34,ok,,Fast engineering baseline; not the original patchwise NLM runtime.
bsd68,test021,481,321,5,205263964,NLM_IPOL_Like,skimage.denoise_nl_means(fast_mode=False) with IPOL grayscale parameter schedule,,,2224.693,ok,,Closer to IPOL patchwise parameters; can be very slow.
bsd68,test021,481,321,5,205263964,BM3D_TAU,"bm3d.bm3d(noisy_float01, sigma_psd=sigma/255)",36.015902,0.97468164,1316.189,ok,,Reference classical upper baseline for AWGN.
bsd68,test021,481,321,10,794984250,Noisy,"clean + AWGN, clipped to [0,1]",28.257762,0.83530483,0.0,ok,,same noisy image reused for all methods
bsd68,test021,481,321,10,794984250,Gaussian_SciPy,"scipy.ndimage.gaussian_filter(sigma_filter=1.5, reflect)",20.520403,0.65460423,2.6,ok,,Optimized replacement for Python-loop Gaussian filter.
bsd68,test021,481,321,10,794984250,Median_SciPy,"scipy.ndimage.median_filter(size=3, reflect)",23.411529,0.7927088,15.037,ok,,Optimized replacement for Python-loop median filter.
bsd68,test021,481,321,10,794984250,NLM_Skimage_Fast,"skimage.denoise_nl_means(fast_mode=True, h=0.8*sigma, sigma=known_sigma)",30.54855,0.92986135,333.652,ok,,Fast engineering baseline; not the original patchwise NLM runtime.
bsd68,test021,481,321,10,794984250,NLM_IPOL_Like,skimage.denoise_nl_means(fast_mode=False) with IPOL grayscale parameter schedule,29.80238,0.89621384,2420.411,ok,,Closer to IPOL patchwise parameters; can be very slow.
bsd68,test021,481,321,10,794984250,BM3D_TAU,"bm3d.bm3d(noisy_float01, sigma_psd=sigma/255)",31.333371,0.94394345,1344.771,ok,,Reference classical upper baseline for AWGN.
bsd68,test021,481,321,15,3829499751,Noisy,"clean + AWGN, clipped to [0,1]",24.851145,0.75084868,0.0,ok,,same noisy image reused for all methods
bsd68,test021,481,321,15,3829499751,Gaussian_SciPy,"scipy.ndimage.gaussian_filter(sigma_filter=1.5, reflect)",20.476983,0.64629783,2.55,ok,,Optimized replacement for Python-loop Gaussian filter.
bsd68,test021,481,321,15,3829499751,Median_SciPy,"scipy.ndimage.median_filter(size=3, reflect)",23.012843,0.75155695,16.692,ok,,Optimized replacement for Python-loop median filter.
bsd68,test021,481,321,15,3829499751,NLM_Skimage_Fast,"skimage.denoise_nl_means(fast_mode=True, h=0.8*sigma, sigma=known_sigma)",27.758636,0.88601539,313.751,ok,,Fast engineering baseline; not the original patchwise NLM runtime.
bsd68,test021,481,321,15,3829499751,NLM_IPOL_Like,skimage.denoise_nl_means(fast_mode=False) with IPOL grayscale parameter schedule,26.848841,0.8341608,2548.066,ok,,Closer to IPOL patchwise parameters; can be very slow.
bsd68,test021,481,321,15,3829499751,BM3D_TAU,"bm3d.bm3d(noisy_float01, sigma_psd=sigma/255)",28.766582,0.91350137,1364.467,ok,,Reference classical upper baseline for AWGN.
bsd68,test021,481,321,20,3729958008,Noisy,"clean + AWGN, clipped to [0,1]",22.541594,0.68350069,0.0,ok,,same noisy image reused for all methods
bsd68,test021,481,321,20,3729958008,Gaussian_SciPy,"scipy.ndimage.gaussian_filter(sigma_filter=1.5, reflect)",20.412639,0.6358473,1.799,ok,,Optimized replacement for Python-loop Gaussian filter.
bsd68,test021,481,321,20,3729958008,Median_SciPy,"scipy.ndimage.median_filter(size=3, reflect)",22.570274,0.71172398,16.915,ok,,Optimized replacement for Python-loop median filter.
bsd68,test021,481,321,20,3729958008,NLM_Skimage_Fast,"skimage.denoise_nl_means(fast_mode=True, h=0.8*sigma, sigma=known_sigma)",25.836932,0.83822831,334.56,ok,,Fast engineering baseline; not the original patchwise NLM runtime.
bsd68,test021,481,321,20,3729958008,NLM_IPOL_Like,skimage.denoise_nl_means(fast_mode=False) with IPOL grayscale parameter schedule,25.336174,0.83954234,3623.491,ok,,Closer to IPOL patchwise parameters; can be very slow.
bsd68,test021,481,321,20,3729958008,BM3D_TAU,"bm3d.bm3d(noisy_float01, sigma_psd=sigma/255)",27.057753,0.88229629,1353.244,ok,,Reference classical upper baseline for AWGN.
bsd68,test021,481,321,25,3539842128,Noisy,"clean + AWGN, clipped to [0,1]",20.736791,0.62177309,0.0,ok,,same noisy image reused for all methods
bsd68,test021,481,321,25,3539842128,Gaussian_SciPy,"scipy.ndimage.gaussian_filter(sigma_filter=1.5, reflect)",20.324117,0.62244498,2.546,ok,,Optimized replacement for Python-loop Gaussian filter.
bsd68,test021,481,321,25,3539842128,Median_SciPy,"scipy.ndimage.median_filter(size=3, reflect)",22.061017,0.67103802,16.423,ok,,Optimized replacement for Python-loop median filter.
bsd68,test021,481,321,25,3539842128,NLM_Skimage_Fast,"skimage.denoise_nl_means(fast_mode=True, h=0.8*sigma, sigma=known_sigma)",24.273256,0.7865366,350.289,ok,,Fast engineering baseline; not the original patchwise NLM runtime.
bsd68,test021,481,321,25,3539842128,NLM_IPOL_Like,skimage.denoise_nl_means(fast_mode=False) with IPOL grayscale parameter schedule,24.116614,0.8010442,3904.101,ok,,Closer to IPOL patchwise parameters; can be very slow.
bsd68,test021,481,321,25,3539842128,BM3D_TAU,"bm3d.bm3d(noisy_float01, sigma_psd=sigma/255)",25.755872,0.84979952,1332.988,ok,,Reference classical upper baseline for AWGN.
bsd68,test021,481,321,30,471571713,Noisy,"clean + AWGN, clipped to [0,1]",19.280981,0.56780586,0.0,ok,,same noisy image reused for all methods
bsd68,test021,481,321,30,471571713,Gaussian_SciPy,"scipy.ndimage.gaussian_filter(sigma_filter=1.5, reflect)",20.212494,0.60774178,1.948,ok,,Optimized replacement for Python-loop Gaussian filter.
bsd68,test021,481,321,30,471571713,Median_SciPy,"scipy.ndimage.median_filter(size=3, reflect)",21.554873,0.63573486,16.352,ok,,Optimized replacement for Python-loop median filter.
bsd68,test021,481,321,30,471571713,NLM_Skimage_Fast,"skimage.denoise_nl_means(fast_mode=True, h=0.8*sigma, sigma=known_sigma)",22.970005,0.73499635,360.025,ok,,Fast engineering baseline; not the original patchwise NLM runtime.
bsd68,test021,481,321,30,471571713,NLM_IPOL_Like,skimage.denoise_nl_means(fast_mode=False) with IPOL grayscale parameter schedule,23.192138,0.76545739,4019.218,ok,,Closer to IPOL patchwise parameters; can be very slow.
bsd68,test021,481,321,30,471571713,BM3D_TAU,"bm3d.bm3d(noisy_float01, sigma_psd=sigma/255)",24.648513,0.81571929,1392.317,ok,,Reference classical upper baseline for AWGN.
bsd68,test021,481,321,35,2256980033,Noisy,"clean + AWGN, clipped to [0,1]",18.112695,0.52455975,0.0,ok,,same noisy image reused for all methods
bsd68,test021,481,321,35,2256980033,Gaussian_SciPy,"scipy.ndimage.gaussian_filter(sigma_filter=1.5, reflect)",20.084174,0.59553081,3.259,ok,,Optimized replacement for Python-loop Gaussian filter.
bsd68,test021,481,321,35,2256980033,Median_SciPy,"scipy.ndimage.median_filter(size=3, reflect)",21.043283,0.60663299,15.767,ok,,Optimized replacement for Python-loop median filter.
bsd68,test021,481,321,35,2256980033,NLM_Skimage_Fast,"skimage.denoise_nl_means(fast_mode=True, h=0.8*sigma, sigma=known_sigma)",21.902896,0.68531622,364.689,ok,,Fast engineering baseline; not the original patchwise NLM runtime.
bsd68,test021,481,321,35,2256980033,NLM_IPOL_Like,skimage.denoise_nl_means(fast_mode=False) with IPOL grayscale parameter schedule,22.455995,0.74928312,15286.602,ok,,Closer to IPOL patchwise parameters; can be very slow.
bsd68,test021,481,321,35,2256980033,BM3D_TAU,"bm3d.bm3d(noisy_float01, sigma_psd=sigma/255)",23.749415,0.78609045,1368.929,ok,,Reference classical upper baseline for AWGN.
bsd68,test021,481,321,40,4152490396,Noisy,"clean + AWGN, clipped to [0,1]",17.070679,0.48143178,0.0,ok,,same noisy image reused for all methods
bsd68,test021,481,321,40,4152490396,Gaussian_SciPy,"scipy.ndimage.gaussian_filter(sigma_filter=1.5, reflect)",19.913824,0.57705503,1.933,ok,,Optimized replacement for Python-loop Gaussian filter.
bsd68,test021,481,321,40,4152490396,Median_SciPy,"scipy.ndimage.median_filter(size=3, reflect)",20.542836,0.57716689,17.327,ok,,Optimized replacement for Python-loop median filter.
bsd68,test021,481,321,40,4152490396,NLM_Skimage_Fast,"skimage.denoise_nl_means(fast_mode=True, h=0.8*sigma, sigma=known_sigma)",20.996338,0.63674913,357.546,ok,,Fast engineering baseline; not the original patchwise NLM runtime.
bsd68,test021,481,321,40,4152490396,NLM_IPOL_Like,skimage.denoise_nl_means(fast_mode=False) with IPOL grayscale parameter schedule,22.019699,0.71914349,18519.847,ok,,Closer to IPOL patchwise parameters; can be very slow.
bsd68,test021,481,321,40,4152490396,BM3D_TAU,"bm3d.bm3d(noisy_float01, sigma_psd=sigma/255)",22.908655,0.75183194,1379.104,ok,,Reference classical upper baseline for AWGN.
bsd68,test021,481,321,50,525617021,Noisy,"clean + AWGN, clipped to [0,1]",15.372181,0.40949529,0.0,ok,,same noisy image reused for all methods
bsd68,test021,481,321,50,525617021,Gaussian_SciPy,"scipy.ndimage.gaussian_filter(sigma_filter=1.5, reflect)",19.542523,0.54767846,2.44,ok,,Optimized replacement for Python-loop Gaussian filter.
bsd68,test021,481,321,50,525617021,Median_SciPy,"scipy.ndimage.median_filter(size=3, reflect)",19.542511,0.52435075,17.144,ok,,Optimized replacement for Python-loop median filter.
bsd68,test021,481,321,50,525617021,NLM_Skimage_Fast,"skimage.denoise_nl_means(fast_mode=True, h=0.8*sigma, sigma=known_sigma)",19.531708,0.54730093,352.031,ok,,Fast engineering baseline; not the original patchwise NLM runtime.
bsd68,test021,481,321,50,525617021,NLM_IPOL_Like,skimage.denoise_nl_means(fast_mode=False) with IPOL grayscale parameter schedule,20.910546,0.648723,25365.56,ok,,Closer to IPOL patchwise parameters; can be very slow.
bsd68,test021,481,321,50,525617021,BM3D_TAU,"bm3d.bm3d(noisy_float01, sigma_psd=sigma/255)",21.528397,0.68676626,1372.453,ok,,Reference classical upper baseline for AWGN.
bsd68,test021,481,321,75,2936102502,Noisy,"clean + AWGN, clipped to [0,1]",12.435413,0.28311213,0.0,ok,,same noisy image reused for all methods
bsd68,test021,481,321,75,2936102502,Gaussian_SciPy,"scipy.ndimage.gaussian_filter(sigma_filter=1.5, reflect)",18.357445,0.47034374,2.928,ok,,Optimized replacement for Python-loop Gaussian filter.
bsd68,test021,481,321,75,2936102502,Median_SciPy,"scipy.ndimage.median_filter(size=3, reflect)",17.478877,0.42558912,16.406,ok,,Optimized replacement for Python-loop median filter.
bsd68,test021,481,321,75,2936102502,NLM_Skimage_Fast,"skimage.denoise_nl_means(fast_mode=True, h=0.8*sigma, sigma=known_sigma)",16.871015,0.35420215,348.203,ok,,Fast engineering baseline; not the original patchwise NLM runtime.
bsd68,test021,481,321,75,2936102502,NLM_IPOL_Like,skimage.denoise_nl_means(fast_mode=False) with IPOL grayscale parameter schedule,17.778083,0.44671799,30223.568,ok,,Closer to IPOL patchwise parameters; can be very slow.
bsd68,test021,481,321,75,2936102502,BM3D_TAU,"bm3d.bm3d(noisy_float01, sigma_psd=sigma/255)",18.987176,0.53020141,1376.418,ok,,Reference classical upper baseline for AWGN.
bsd68,test022,321,481,5,1043538085,Noisy,"clean + AWGN, clipped to [0,1]",34.177812,0.95048164,0.0,ok,,same noisy image reused for all methods
bsd68,test022,321,481,5,1043538085,Gaussian_SciPy,"scipy.ndimage.gaussian_filter(sigma_filter=1.5, reflect)",22.421479,0.63746576,2.346,ok,,Optimized replacement for Python-loop Gaussian filter.
bsd68,test022,321,481,5,1043538085,Median_SciPy,"scipy.ndimage.median_filter(size=3, reflect)",25.463314,0.80856974,15.268,ok,,Optimized replacement for Python-loop median filter.
bsd68,test022,321,481,5,1043538085,NLM_Skimage_Fast,"skimage.denoise_nl_means(fast_mode=True, h=0.8*sigma, sigma=known_sigma)",35.174419,0.96294572,258.353,ok,,Fast engineering baseline; not the original patchwise NLM runtime.
bsd68,test022,321,481,5,1043538085,NLM_IPOL_Like,skimage.denoise_nl_means(fast_mode=False) with IPOL grayscale parameter schedule,,,2221.452,ok,,Closer to IPOL patchwise parameters; can be very slow.
bsd68,test022,321,481,5,1043538085,BM3D_TAU,"bm3d.bm3d(noisy_float01, sigma_psd=sigma/255)",35.995598,0.97273346,1321.342,ok,,Reference classical upper baseline for AWGN.
bsd68,test022,321,481,10,3025640108,Noisy,"clean + AWGN, clipped to [0,1]",28.188651,0.85078927,0.0,ok,,same noisy image reused for all methods
bsd68,test022,321,481,10,3025640108,Gaussian_SciPy,"scipy.ndimage.gaussian_filter(sigma_filter=1.5, reflect)",22.386728,0.6333819,3.137,ok,,Optimized replacement for Python-loop Gaussian filter.
bsd68,test022,321,481,10,3025640108,Median_SciPy,"scipy.ndimage.median_filter(size=3, reflect)",25.060636,0.77835152,14.306,ok,,Optimized replacement for Python-loop median filter.
bsd68,test022,321,481,10,3025640108,NLM_Skimage_Fast,"skimage.denoise_nl_means(fast_mode=True, h=0.8*sigma, sigma=known_sigma)",30.408085,0.89142612,309.141,ok,,Fast engineering baseline; not the original patchwise NLM runtime.
bsd68,test022,321,481,10,3025640108,NLM_IPOL_Like,skimage.denoise_nl_means(fast_mode=False) with IPOL grayscale parameter schedule,29.702003,0.89146675,2521.212,ok,,Closer to IPOL patchwise parameters; can be very slow.
bsd68,test022,321,481,10,3025640108,BM3D_TAU,"bm3d.bm3d(noisy_float01, sigma_psd=sigma/255)",31.619811,0.92783496,1354.276,ok,,Reference classical upper baseline for AWGN.
bsd68,test022,321,481,15,1072923125,Noisy,"clean + AWGN, clipped to [0,1]",24.77322,0.7518009,0.0,ok,,same noisy image reused for all methods
bsd68,test022,321,481,15,1072923125,Gaussian_SciPy,"scipy.ndimage.gaussian_filter(sigma_filter=1.5, reflect)",22.340047,0.62697766,1.935,ok,,Optimized replacement for Python-loop Gaussian filter.
bsd68,test022,321,481,15,1072923125,Median_SciPy,"scipy.ndimage.median_filter(size=3, reflect)",24.549455,0.74316188,15.796,ok,,Optimized replacement for Python-loop median filter.
bsd68,test022,321,481,15,1072923125,NLM_Skimage_Fast,"skimage.denoise_nl_means(fast_mode=True, h=0.8*sigma, sigma=known_sigma)",27.855306,0.82174594,339.072,ok,,Fast engineering baseline; not the original patchwise NLM runtime.
bsd68,test022,321,481,15,1072923125,NLM_IPOL_Like,skimage.denoise_nl_means(fast_mode=False) with IPOL grayscale parameter schedule,26.861551,0.81910015,2626.145,ok,,Closer to IPOL patchwise parameters; can be very slow.
bsd68,test022,321,481,15,1072923125,BM3D_TAU,"bm3d.bm3d(noisy_float01, sigma_psd=sigma/255)",29.304762,0.88041023,1338.785,ok,,Reference classical upper baseline for AWGN.
bsd68,test022,321,481,20,4223140162,Noisy,"clean + AWGN, clipped to [0,1]",22.343311,0.66090014,0.0,ok,,same noisy image reused for all methods
bsd68,test022,321,481,20,4223140162,Gaussian_SciPy,"scipy.ndimage.gaussian_filter(sigma_filter=1.5, reflect)",22.254766,0.61814768,2.362,ok,,Optimized replacement for Python-loop Gaussian filter.
bsd68,test022,321,481,20,4223140162,Median_SciPy,"scipy.ndimage.median_filter(size=3, reflect)",23.91768,0.70230473,15.957,ok,,Optimized replacement for Python-loop median filter.
bsd68,test022,321,481,20,4223140162,NLM_Skimage_Fast,"skimage.denoise_nl_means(fast_mode=True, h=0.8*sigma, sigma=known_sigma)",26.014741,0.75378377,357.963,ok,,Fast engineering baseline; not the original patchwise NLM runtime.
bsd68,test022,321,481,20,4223140162,NLM_IPOL_Like,skimage.denoise_nl_means(fast_mode=False) with IPOL grayscale parameter schedule,25.741169,0.79561419,3806.571,ok,,Closer to IPOL patchwise parameters; can be very slow.
bsd68,test022,321,481,20,4223140162,BM3D_TAU,"bm3d.bm3d(noisy_float01, sigma_psd=sigma/255)",27.705563,0.83294976,1344.834,ok,,Reference classical upper baseline for AWGN.
bsd68,test022,321,481,25,3636559682,Noisy,"clean + AWGN, clipped to [0,1]",20.540887,0.58603742,0.0,ok,,same noisy image reused for all methods
bsd68,test022,321,481,25,3636559682,Gaussian_SciPy,"scipy.ndimage.gaussian_filter(sigma_filter=1.5, reflect)",22.124677,0.60539031,3.84,ok,,Optimized replacement for Python-loop Gaussian filter.
bsd68,test022,321,481,25,3636559682,Median_SciPy,"scipy.ndimage.median_filter(size=3, reflect)",23.257141,0.66150354,15.645,ok,,Optimized replacement for Python-loop median filter.
bsd68,test022,321,481,25,3636559682,NLM_Skimage_Fast,"skimage.denoise_nl_means(fast_mode=True, h=0.8*sigma, sigma=known_sigma)",24.571404,0.68850978,365.427,ok,,Fast engineering baseline; not the original patchwise NLM runtime.
bsd68,test022,321,481,25,3636559682,NLM_IPOL_Like,skimage.denoise_nl_means(fast_mode=False) with IPOL grayscale parameter schedule,24.647308,0.74802721,4017.023,ok,,Closer to IPOL patchwise parameters; can be very slow.
bsd68,test022,321,481,25,3636559682,BM3D_TAU,"bm3d.bm3d(noisy_float01, sigma_psd=sigma/255)",26.542074,0.78851127,1383.656,ok,,Reference classical upper baseline for AWGN.
bsd68,test022,321,481,30,2762933859,Noisy,"clean + AWGN, clipped to [0,1]",19.055782,0.51726642,0.0,ok,,same noisy image reused for all methods
bsd68,test022,321,481,30,2762933859,Gaussian_SciPy,"scipy.ndimage.gaussian_filter(sigma_filter=1.5, reflect)",21.984243,0.59176002,2.992,ok,,Optimized replacement for Python-loop Gaussian filter.
bsd68,test022,321,481,30,2762933859,Median_SciPy,"scipy.ndimage.median_filter(size=3, reflect)",22.615991,0.62262109,15.887,ok,,Optimized replacement for Python-loop median filter.
bsd68,test022,321,481,30,2762933859,NLM_Skimage_Fast,"skimage.denoise_nl_means(fast_mode=True, h=0.8*sigma, sigma=known_sigma)",23.421676,0.6283663,368.043,ok,,Fast engineering baseline; not the original patchwise NLM runtime.
bsd68,test022,321,481,30,2762933859,NLM_IPOL_Like,skimage.denoise_nl_means(fast_mode=False) with IPOL grayscale parameter schedule,23.729679,0.69931121,4190.196,ok,,Closer to IPOL patchwise parameters; can be very slow.
bsd68,test022,321,481,30,2762933859,BM3D_TAU,"bm3d.bm3d(noisy_float01, sigma_psd=sigma/255)",25.552029,0.74542384,1341.544,ok,,Reference classical upper baseline for AWGN.
bsd68,test022,321,481,35,841664081,Noisy,"clean + AWGN, clipped to [0,1]",17.843414,0.46228149,0.0,ok,,same noisy image reused for all methods
bsd68,test022,321,481,35,841664081,Gaussian_SciPy,"scipy.ndimage.gaussian_filter(sigma_filter=1.5, reflect)",21.806296,0.57712185,2.949,ok,,Optimized replacement for Python-loop Gaussian filter.
bsd68,test022,321,481,35,841664081,Median_SciPy,"scipy.ndimage.median_filter(size=3, reflect)",21.984661,0.58797409,15.359,ok,,Optimized replacement for Python-loop median filter.
bsd68,test022,321,481,35,841664081,NLM_Skimage_Fast,"skimage.denoise_nl_means(fast_mode=True, h=0.8*sigma, sigma=known_sigma)",22.503229,0.57486555,478.165,ok,,Fast engineering baseline; not the original patchwise NLM runtime.
bsd68,test022,321,481,35,841664081,NLM_IPOL_Like,skimage.denoise_nl_means(fast_mode=False) with IPOL grayscale parameter schedule,23.294043,0.67345734,16512.231,ok,,Closer to IPOL patchwise parameters; can be very slow.
bsd68,test022,321,481,35,841664081,BM3D_TAU,"bm3d.bm3d(noisy_float01, sigma_psd=sigma/255)",24.7586,0.70945616,1391.825,ok,,Reference classical upper baseline for AWGN.
bsd68,test022,321,481,40,1874721836,Noisy,"clean + AWGN, clipped to [0,1]",16.795547,0.41665615,0.0,ok,,same noisy image reused for all methods
bsd68,test022,321,481,40,1874721836,Gaussian_SciPy,"scipy.ndimage.gaussian_filter(sigma_filter=1.5, reflect)",21.639936,0.5657873,2.016,ok,,Optimized replacement for Python-loop Gaussian filter.
bsd68,test022,321,481,40,1874721836,Median_SciPy,"scipy.ndimage.median_filter(size=3, reflect)",21.39336,0.5582775,15.232,ok,,Optimized replacement for Python-loop median filter.
bsd68,test022,321,481,40,1874721836,NLM_Skimage_Fast,"skimage.denoise_nl_means(fast_mode=True, h=0.8*sigma, sigma=known_sigma)",21.772286,0.52915754,358.838,ok,,Fast engineering baseline; not the original patchwise NLM runtime.
bsd68,test022,321,481,40,1874721836,NLM_IPOL_Like,skimage.denoise_nl_means(fast_mode=False) with IPOL grayscale parameter schedule,22.710694,0.63597807,17166.589,ok,,Closer to IPOL patchwise parameters; can be very slow.
bsd68,test022,321,481,40,1874721836,BM3D_TAU,"bm3d.bm3d(noisy_float01, sigma_psd=sigma/255)",24.106935,0.67932445,1403.381,ok,,Reference classical upper baseline for AWGN.
bsd68,test022,321,481,50,784263898,Noisy,"clean + AWGN, clipped to [0,1]",15.131896,0.33877185,0.0,ok,,same noisy image reused for all methods
bsd68,test022,321,481,50,784263898,Gaussian_SciPy,"scipy.ndimage.gaussian_filter(sigma_filter=1.5, reflect)",21.181134,0.53388083,2.823,ok,,Optimized replacement for Python-loop Gaussian filter.
bsd68,test022,321,481,50,784263898,Median_SciPy,"scipy.ndimage.median_filter(size=3, reflect)",20.226386,0.49505269,16.546,ok,,Optimized replacement for Python-loop median filter.
bsd68,test022,321,481,50,784263898,NLM_Skimage_Fast,"skimage.denoise_nl_means(fast_mode=True, h=0.8*sigma, sigma=known_sigma)",20.441588,0.44169166,350.534,ok,,Fast engineering baseline; not the original patchwise NLM runtime.
bsd68,test022,321,481,50,784263898,NLM_IPOL_Like,skimage.denoise_nl_means(fast_mode=False) with IPOL grayscale parameter schedule,21.731413,0.55128855,27429.448,ok,,Closer to IPOL patchwise parameters; can be very slow.
bsd68,test022,321,481,50,784263898,BM3D_TAU,"bm3d.bm3d(noisy_float01, sigma_psd=sigma/255)",22.884279,0.61255523,1409.459,ok,,Reference classical upper baseline for AWGN.
bsd68,test022,321,481,75,4126974100,Noisy,"clean + AWGN, clipped to [0,1]",12.265775,0.21716805,0.0,ok,,same noisy image reused for all methods
bsd68,test022,321,481,75,4126974100,Gaussian_SciPy,"scipy.ndimage.gaussian_filter(sigma_filter=1.5, reflect)",19.83232,0.46107473,3.51,ok,,Optimized replacement for Python-loop Gaussian filter.
bsd68,test022,321,481,75,4126974100,Median_SciPy,"scipy.ndimage.median_filter(size=3, reflect)",17.819728,0.37909908,15.923,ok,,Optimized replacement for Python-loop median filter.
bsd68,test022,321,481,75,4126974100,NLM_Skimage_Fast,"skimage.denoise_nl_means(fast_mode=True, h=0.8*sigma, sigma=known_sigma)",18.171141,0.28706001,348.501,ok,,Fast engineering baseline; not the original patchwise NLM runtime.
bsd68,test022,321,481,75,4126974100,NLM_IPOL_Like,skimage.denoise_nl_means(fast_mode=False) with IPOL grayscale parameter schedule,18.81321,0.35864467,31123.173,ok,,Closer to IPOL patchwise parameters; can be very slow.
bsd68,test022,321,481,75,4126974100,BM3D_TAU,"bm3d.bm3d(noisy_float01, sigma_psd=sigma/255)",20.554779,0.48155889,1402.167,ok,,Reference classical upper baseline for AWGN.
bsd68,test023,321,481,5,2017999719,Noisy,"clean + AWGN, clipped to [0,1]",34.198511,0.90014841,0.0,ok,,same noisy image reused for all methods
bsd68,test023,321,481,5,2017999719,Gaussian_SciPy,"scipy.ndimage.gaussian_filter(sigma_filter=1.5, reflect)",24.903101,0.78426342,2.205,ok,,Optimized replacement for Python-loop Gaussian filter.
bsd68,test023,321,481,5,2017999719,Median_SciPy,"scipy.ndimage.median_filter(size=3, reflect)",27.888776,0.89004743,14.495,ok,,Optimized replacement for Python-loop median filter.
bsd68,test023,321,481,5,2017999719,NLM_Skimage_Fast,"skimage.denoise_nl_means(fast_mode=True, h=0.8*sigma, sigma=known_sigma)",37.033955,0.96475665,297.238,ok,,Fast engineering baseline; not the original patchwise NLM runtime.
bsd68,test023,321,481,5,2017999719,NLM_IPOL_Like,skimage.denoise_nl_means(fast_mode=False) with IPOL grayscale parameter schedule,,,2379.466,ok,,Closer to IPOL patchwise parameters; can be very slow.
bsd68,test023,321,481,5,2017999719,BM3D_TAU,"bm3d.bm3d(noisy_float01, sigma_psd=sigma/255)",38.07153,0.97554534,1299.921,ok,,Reference classical upper baseline for AWGN.
bsd68,test023,321,481,10,3874924219,Noisy,"clean + AWGN, clipped to [0,1]",28.204214,0.7382102,0.0,ok,,same noisy image reused for all methods
bsd68,test023,321,481,10,3874924219,Gaussian_SciPy,"scipy.ndimage.gaussian_filter(sigma_filter=1.5, reflect)",24.831613,0.7742963,2.04,ok,,Optimized replacement for Python-loop Gaussian filter.
bsd68,test023,321,481,10,3874924219,Median_SciPy,"scipy.ndimage.median_filter(size=3, reflect)",27.242419,0.8342829,18.461,ok,,Optimized replacement for Python-loop median filter.
bsd68,test023,321,481,10,3874924219,NLM_Skimage_Fast,"skimage.denoise_nl_means(fast_mode=True, h=0.8*sigma, sigma=known_sigma)",32.37861,0.91238905,353.128,ok,,Fast engineering baseline; not the original patchwise NLM runtime.
bsd68,test023,321,481,10,3874924219,NLM_IPOL_Like,skimage.denoise_nl_means(fast_mode=False) with IPOL grayscale parameter schedule,30.518863,0.83074902,2748.58,ok,,Closer to IPOL patchwise parameters; can be very slow.
bsd68,test023,321,481,10,3874924219,BM3D_TAU,"bm3d.bm3d(noisy_float01, sigma_psd=sigma/255)",33.725919,0.94455348,1357.177,ok,,Reference classical upper baseline for AWGN.
bsd68,test023,321,481,15,3673024480,Noisy,"clean + AWGN, clipped to [0,1]",24.709484,0.60875828,0.0,ok,,same noisy image reused for all methods
bsd68,test023,321,481,15,3673024480,Gaussian_SciPy,"scipy.ndimage.gaussian_filter(sigma_filter=1.5, reflect)",24.731344,0.76233844,2.225,ok,,Optimized replacement for Python-loop Gaussian filter.
bsd68,test023,321,481,15,3673024480,Median_SciPy,"scipy.ndimage.median_filter(size=3, reflect)",26.466961,0.77328663,16.74,ok,,Optimized replacement for Python-loop median filter.
bsd68,test023,321,481,15,3673024480,NLM_Skimage_Fast,"skimage.denoise_nl_means(fast_mode=True, h=0.8*sigma, sigma=known_sigma)",29.69793,0.86025879,347.023,ok,,Fast engineering baseline; not the original patchwise NLM runtime.
bsd68,test023,321,481,15,3673024480,NLM_IPOL_Like,skimage.denoise_nl_means(fast_mode=False) with IPOL grayscale parameter schedule,27.498473,0.72640339,2713.736,ok,,Closer to IPOL patchwise parameters; can be very slow.
bsd68,test023,321,481,15,3673024480,BM3D_TAU,"bm3d.bm3d(noisy_float01, sigma_psd=sigma/255)",31.267764,0.91440776,1355.674,ok,,Reference classical upper baseline for AWGN.
bsd68,test023,321,481,20,1297845202,Noisy,"clean + AWGN, clipped to [0,1]",22.245846,0.5097561,0.0,ok,,same noisy image reused for all methods
bsd68,test023,321,481,20,1297845202,Gaussian_SciPy,"scipy.ndimage.gaussian_filter(sigma_filter=1.5, reflect)",24.591592,0.74441837,2.196,ok,,Optimized replacement for Python-loop Gaussian filter.
bsd68,test023,321,481,20,1297845202,Median_SciPy,"scipy.ndimage.median_filter(size=3, reflect)",25.566609,0.70508921,16.545,ok,,Optimized replacement for Python-loop median filter.
bsd68,test023,321,481,20,1297845202,NLM_Skimage_Fast,"skimage.denoise_nl_means(fast_mode=True, h=0.8*sigma, sigma=known_sigma)",27.800723,0.80696924,362.23,ok,,Fast engineering baseline; not the original patchwise NLM runtime.
bsd68,test023,321,481,20,1297845202,NLM_IPOL_Like,skimage.denoise_nl_means(fast_mode=False) with IPOL grayscale parameter schedule,26.988855,0.74114983,4241.646,ok,,Closer to IPOL patchwise parameters; can be very slow.
bsd68,test023,321,481,20,1297845202,BM3D_TAU,"bm3d.bm3d(noisy_float01, sigma_psd=sigma/255)",29.565249,0.88368221,1395.379,ok,,Reference classical upper baseline for AWGN.
bsd68,test023,321,481,25,600920641,Noisy,"clean + AWGN, clipped to [0,1]",20.389392,0.4355273,0.0,ok,,same noisy image reused for all methods
bsd68,test023,321,481,25,600920641,Gaussian_SciPy,"scipy.ndimage.gaussian_filter(sigma_filter=1.5, reflect)",24.419066,0.72450546,3.466,ok,,Optimized replacement for Python-loop Gaussian filter.
bsd68,test023,321,481,25,600920641,Median_SciPy,"scipy.ndimage.median_filter(size=3, reflect)",24.682357,0.64413448,16.1,ok,,Optimized replacement for Python-loop median filter.
bsd68,test023,321,481,25,600920641,NLM_Skimage_Fast,"skimage.denoise_nl_means(fast_mode=True, h=0.8*sigma, sigma=known_sigma)",26.324026,0.75576748,370.277,ok,,Fast engineering baseline; not the original patchwise NLM runtime.
bsd68,test023,321,481,25,600920641,NLM_IPOL_Like,skimage.denoise_nl_means(fast_mode=False) with IPOL grayscale parameter schedule,25.718024,0.68033477,4212.87,ok,,Closer to IPOL patchwise parameters; can be very slow.
bsd68,test023,321,481,25,600920641,BM3D_TAU,"bm3d.bm3d(noisy_float01, sigma_psd=sigma/255)",28.273526,0.85219737,1346.686,ok,,Reference classical upper baseline for AWGN.
bsd68,test023,321,481,30,2507526344,Noisy,"clean + AWGN, clipped to [0,1]",18.917616,0.37762607,0.0,ok,,same noisy image reused for all methods
bsd68,test023,321,481,30,2507526344,Gaussian_SciPy,"scipy.ndimage.gaussian_filter(sigma_filter=1.5, reflect)",24.184207,0.69756515,2.951,ok,,Optimized replacement for Python-loop Gaussian filter.
bsd68,test023,321,481,30,2507526344,Median_SciPy,"scipy.ndimage.median_filter(size=3, reflect)",23.814535,0.58594403,16.784,ok,,Optimized replacement for Python-loop median filter.
bsd68,test023,321,481,30,2507526344,NLM_Skimage_Fast,"skimage.denoise_nl_means(fast_mode=True, h=0.8*sigma, sigma=known_sigma)",25.162403,0.70805292,358.017,ok,,Fast engineering baseline; not the original patchwise NLM runtime.
bsd68,test023,321,481,30,2507526344,NLM_IPOL_Like,skimage.denoise_nl_means(fast_mode=False) with IPOL grayscale parameter schedule,24.771169,0.63015077,4347.537,ok,,Closer to IPOL patchwise parameters; can be very slow.
bsd68,test023,321,481,30,2507526344,BM3D_TAU,"bm3d.bm3d(noisy_float01, sigma_psd=sigma/255)",27.165091,0.81784744,1338.642,ok,,Reference classical upper baseline for AWGN.
bsd68,test023,321,481,35,591655897,Noisy,"clean + AWGN, clipped to [0,1]",17.661981,0.33045678,0.0,ok,,same noisy image reused for all methods
bsd68,test023,321,481,35,591655897,Gaussian_SciPy,"scipy.ndimage.gaussian_filter(sigma_filter=1.5, reflect)",23.95346,0.67820623,2.241,ok,,Optimized replacement for Python-loop Gaussian filter.
bsd68,test023,321,481,35,591655897,Median_SciPy,"scipy.ndimage.median_filter(size=3, reflect)",22.991668,0.53888944,16.886,ok,,Optimized replacement for Python-loop median filter.
bsd68,test023,321,481,35,591655897,NLM_Skimage_Fast,"skimage.denoise_nl_means(fast_mode=True, h=0.8*sigma, sigma=known_sigma)",24.262251,0.66881751,369.219,ok,,Fast engineering baseline; not the original patchwise NLM runtime.
bsd68,test023,321,481,35,591655897,NLM_IPOL_Like,skimage.denoise_nl_means(fast_mode=False) with IPOL grayscale parameter schedule,24.528478,0.6529613,17293.703,ok,,Closer to IPOL patchwise parameters; can be very slow.
bsd68,test023,321,481,35,591655897,BM3D_TAU,"bm3d.bm3d(noisy_float01, sigma_psd=sigma/255)",26.304356,0.79038201,1354.0,ok,,Reference classical upper baseline for AWGN.
bsd68,test023,321,481,40,2456105543,Noisy,"clean + AWGN, clipped to [0,1]",16.604079,0.29057321,0.0,ok,,same noisy image reused for all methods
bsd68,test023,321,481,40,2456105543,Gaussian_SciPy,"scipy.ndimage.gaussian_filter(sigma_filter=1.5, reflect)",23.660087,0.65277827,2.443,ok,,Optimized replacement for Python-loop Gaussian filter.
bsd68,test023,321,481,40,2456105543,Median_SciPy,"scipy.ndimage.median_filter(size=3, reflect)",22.172157,0.49434959,18.155,ok,,Optimized replacement for Python-loop median filter.
bsd68,test023,321,481,40,2456105543,NLM_Skimage_Fast,"skimage.denoise_nl_means(fast_mode=True, h=0.8*sigma, sigma=known_sigma)",23.495929,0.63009527,355.229,ok,,Fast engineering baseline; not the original patchwise NLM runtime.
bsd68,test023,321,481,40,2456105543,NLM_IPOL_Like,skimage.denoise_nl_means(fast_mode=False) with IPOL grayscale parameter schedule,23.867471,0.61737019,17876.642,ok,,Closer to IPOL patchwise parameters; can be very slow.
bsd68,test023,321,481,40,2456105543,BM3D_TAU,"bm3d.bm3d(noisy_float01, sigma_psd=sigma/255)",25.481376,0.75685379,1364.392,ok,,Reference classical upper baseline for AWGN.
bsd68,test023,321,481,50,868292615,Noisy,"clean + AWGN, clipped to [0,1]",14.939174,0.23470479,0.0,ok,,same noisy image reused for all methods
bsd68,test023,321,481,50,868292615,Gaussian_SciPy,"scipy.ndimage.gaussian_filter(sigma_filter=1.5, reflect)",23.108098,0.61371318,3.11,ok,,Optimized replacement for Python-loop Gaussian filter.
bsd68,test023,321,481,50,868292615,Median_SciPy,"scipy.ndimage.median_filter(size=3, reflect)",20.847106,0.42671242,17.275,ok,,Optimized replacement for Python-loop median filter.
bsd68,test023,321,481,50,868292615,NLM_Skimage_Fast,"skimage.denoise_nl_means(fast_mode=True, h=0.8*sigma, sigma=known_sigma)",22.345891,0.5748026,355.173,ok,,Fast engineering baseline; not the original patchwise NLM runtime.
bsd68,test023,321,481,50,868292615,NLM_IPOL_Like,skimage.denoise_nl_means(fast_mode=False) with IPOL grayscale parameter schedule,23.091517,0.60769919,28095.447,ok,,Closer to IPOL patchwise parameters; can be very slow.
bsd68,test023,321,481,50,868292615,BM3D_TAU,"bm3d.bm3d(noisy_float01, sigma_psd=sigma/255)",24.344061,0.71247618,1379.688,ok,,Reference classical upper baseline for AWGN.
bsd68,test023,321,481,75,3378389688,Noisy,"clean + AWGN, clipped to [0,1]",12.072538,0.14832731,0.0,ok,,same noisy image reused for all methods
bsd68,test023,321,481,75,3378389688,Gaussian_SciPy,"scipy.ndimage.gaussian_filter(sigma_filter=1.5, reflect)",21.321769,0.5150356,3.203,ok,,Optimized replacement for Python-loop Gaussian filter.
bsd68,test023,321,481,75,3378389688,Median_SciPy,"scipy.ndimage.median_filter(size=3, reflect)",18.051655,0.3045796,16.758,ok,,Optimized replacement for Python-loop median filter.
bsd68,test023,321,481,75,3378389688,NLM_Skimage_Fast,"skimage.denoise_nl_means(fast_mode=True, h=0.8*sigma, sigma=known_sigma)",19.88143,0.46263868,371.178,ok,,Fast engineering baseline; not the original patchwise NLM runtime.
bsd68,test023,321,481,75,3378389688,NLM_IPOL_Like,skimage.denoise_nl_means(fast_mode=False) with IPOL grayscale parameter schedule,20.345263,0.5025213,31116.587,ok,,Closer to IPOL patchwise parameters; can be very slow.
bsd68,test023,321,481,75,3378389688,BM3D_TAU,"bm3d.bm3d(noisy_float01, sigma_psd=sigma/255)",21.965682,0.6056729,1377.223,ok,,Reference classical upper baseline for AWGN.
bsd68,test024,321,481,5,1847283847,Noisy,"clean + AWGN, clipped to [0,1]",34.167851,0.91393865,0.0,ok,,same noisy image reused for all methods
bsd68,test024,321,481,5,1847283847,Gaussian_SciPy,"scipy.ndimage.gaussian_filter(sigma_filter=1.5, reflect)",25.397056,0.81581648,1.75,ok,,Optimized replacement for Python-loop Gaussian filter.
bsd68,test024,321,481,5,1847283847,Median_SciPy,"scipy.ndimage.median_filter(size=3, reflect)",29.569223,0.90817444,15.246,ok,,Optimized replacement for Python-loop median filter.
bsd68,test024,321,481,5,1847283847,NLM_Skimage_Fast,"skimage.denoise_nl_means(fast_mode=True, h=0.8*sigma, sigma=known_sigma)",36.205299,0.96751633,274.123,ok,,Fast engineering baseline; not the original patchwise NLM runtime.
bsd68,test024,321,481,5,1847283847,NLM_IPOL_Like,skimage.denoise_nl_means(fast_mode=False) with IPOL grayscale parameter schedule,,,2308.98,ok,,Closer to IPOL patchwise parameters; can be very slow.
bsd68,test024,321,481,5,1847283847,BM3D_TAU,"bm3d.bm3d(noisy_float01, sigma_psd=sigma/255)",37.313603,0.97571305,1331.917,ok,,Reference classical upper baseline for AWGN.
bsd68,test024,321,481,10,3157089552,Noisy,"clean + AWGN, clipped to [0,1]",28.295976,0.7797204,0.0,ok,,same noisy image reused for all methods
bsd68,test024,321,481,10,3157089552,Gaussian_SciPy,"scipy.ndimage.gaussian_filter(sigma_filter=1.5, reflect)",25.330423,0.80864448,2.033,ok,,Optimized replacement for Python-loop Gaussian filter.
bsd68,test024,321,481,10,3157089552,Median_SciPy,"scipy.ndimage.median_filter(size=3, reflect)",28.610881,0.86217703,15.654,ok,,Optimized replacement for Python-loop median filter.
bsd68,test024,321,481,10,3157089552,NLM_Skimage_Fast,"skimage.denoise_nl_means(fast_mode=True, h=0.8*sigma, sigma=known_sigma)",31.887963,0.92060899,317.315,ok,,Fast engineering baseline; not the original patchwise NLM runtime.
bsd68,test024,321,481,10,3157089552,NLM_IPOL_Like,skimage.denoise_nl_means(fast_mode=False) with IPOL grayscale parameter schedule,30.357121,0.86504016,2531.905,ok,,Closer to IPOL patchwise parameters; can be very slow.
bsd68,test024,321,481,10,3157089552,BM3D_TAU,"bm3d.bm3d(noisy_float01, sigma_psd=sigma/255)",33.147374,0.94395115,1369.364,ok,,Reference classical upper baseline for AWGN.
bsd68,test024,321,481,15,1568224801,Noisy,"clean + AWGN, clipped to [0,1]",24.960249,0.66534204,0.0,ok,,same noisy image reused for all methods
bsd68,test024,321,481,15,1568224801,Gaussian_SciPy,"scipy.ndimage.gaussian_filter(sigma_filter=1.5, reflect)",25.196855,0.79639945,2.775,ok,,Optimized replacement for Python-loop Gaussian filter.
bsd68,test024,321,481,15,1568224801,Median_SciPy,"scipy.ndimage.median_filter(size=3, reflect)",27.528154,0.80652399,15.556,ok,,Optimized replacement for Python-loop median filter.
bsd68,test024,321,481,15,1568224801,NLM_Skimage_Fast,"skimage.denoise_nl_means(fast_mode=True, h=0.8*sigma, sigma=known_sigma)",29.429843,0.87161413,343.114,ok,,Fast engineering baseline; not the original patchwise NLM runtime.
bsd68,test024,321,481,15,1568224801,NLM_IPOL_Like,skimage.denoise_nl_means(fast_mode=False) with IPOL grayscale parameter schedule,27.556077,0.78647783,2634.865,ok,,Closer to IPOL patchwise parameters; can be very slow.
bsd68,test024,321,481,15,1568224801,BM3D_TAU,"bm3d.bm3d(noisy_float01, sigma_psd=sigma/255)",30.867288,0.91156494,1303.657,ok,,Reference classical upper baseline for AWGN.
bsd68,test024,321,481,20,1460187665,Noisy,"clean + AWGN, clipped to [0,1]",22.625351,0.57255576,0.0,ok,,same noisy image reused for all methods
bsd68,test024,321,481,20,1460187665,Gaussian_SciPy,"scipy.ndimage.gaussian_filter(sigma_filter=1.5, reflect)",25.019903,0.78077379,2.386,ok,,Optimized replacement for Python-loop Gaussian filter.
bsd68,test024,321,481,20,1460187665,Median_SciPy,"scipy.ndimage.median_filter(size=3, reflect)",26.463189,0.75115387,16.516,ok,,Optimized replacement for Python-loop median filter.
bsd68,test024,321,481,20,1460187665,NLM_Skimage_Fast,"skimage.denoise_nl_means(fast_mode=True, h=0.8*sigma, sigma=known_sigma)",27.646964,0.82119584,350.766,ok,,Fast engineering baseline; not the original patchwise NLM runtime.
bsd68,test024,321,481,20,1460187665,NLM_IPOL_Like,skimage.denoise_nl_means(fast_mode=False) with IPOL grayscale parameter schedule,26.973228,0.81438443,3975.956,ok,,Closer to IPOL patchwise parameters; can be very slow.
bsd68,test024,321,481,20,1460187665,BM3D_TAU,"bm3d.bm3d(noisy_float01, sigma_psd=sigma/255)",29.257233,0.87850271,1360.234,ok,,Reference classical upper baseline for AWGN.
bsd68,test024,321,481,25,3968355683,Noisy,"clean + AWGN, clipped to [0,1]",20.797986,0.49582348,0.0,ok,,same noisy image reused for all methods
bsd68,test024,321,481,25,3968355683,Gaussian_SciPy,"scipy.ndimage.gaussian_filter(sigma_filter=1.5, reflect)",24.802779,0.76283155,1.737,ok,,Optimized replacement for Python-loop Gaussian filter.
bsd68,test024,321,481,25,3968355683,Median_SciPy,"scipy.ndimage.median_filter(size=3, reflect)",25.457608,0.69996857,15.958,ok,,Optimized replacement for Python-loop median filter.
bsd68,test024,321,481,25,3968355683,NLM_Skimage_Fast,"skimage.denoise_nl_means(fast_mode=True, h=0.8*sigma, sigma=known_sigma)",26.311791,0.7741671,354.593,ok,,Fast engineering baseline; not the original patchwise NLM runtime.
bsd68,test024,321,481,25,3968355683,NLM_IPOL_Like,skimage.denoise_nl_means(fast_mode=False) with IPOL grayscale parameter schedule,25.770755,0.77033241,4119.923,ok,,Closer to IPOL patchwise parameters; can be very slow.
bsd68,test024,321,481,25,3968355683,BM3D_TAU,"bm3d.bm3d(noisy_float01, sigma_psd=sigma/255)",28.015968,0.8460689,1361.243,ok,,Reference classical upper baseline for AWGN.
bsd68,test024,321,481,30,958949983,Noisy,"clean + AWGN, clipped to [0,1]",19.397757,0.435155,0.0,ok,,same noisy image reused for all methods
bsd68,test024,321,481,30,958949983,Gaussian_SciPy,"scipy.ndimage.gaussian_filter(sigma_filter=1.5, reflect)",24.482136,0.7405016,1.9,ok,,Optimized replacement for Python-loop Gaussian filter.
bsd68,test024,321,481,30,958949983,Median_SciPy,"scipy.ndimage.median_filter(size=3, reflect)",24.518505,0.65182311,16.541,ok,,Optimized replacement for Python-loop median filter.
bsd68,test024,321,481,30,958949983,NLM_Skimage_Fast,"skimage.denoise_nl_means(fast_mode=True, h=0.8*sigma, sigma=known_sigma)",25.084764,0.72445813,366.313,ok,,Fast engineering baseline; not the original patchwise NLM runtime.
bsd68,test024,321,481,30,958949983,NLM_IPOL_Like,skimage.denoise_nl_means(fast_mode=False) with IPOL grayscale parameter schedule,24.898141,0.72935709,4265.089,ok,,Closer to IPOL patchwise parameters; can be very slow.
bsd68,test024,321,481,30,958949983,BM3D_TAU,"bm3d.bm3d(noisy_float01, sigma_psd=sigma/255)",26.958306,0.81198766,1340.168,ok,,Reference classical upper baseline for AWGN.
bsd68,test024,321,481,35,3118461946,Noisy,"clean + AWGN, clipped to [0,1]",18.140155,0.38137605,0.0,ok,,same noisy image reused for all methods
bsd68,test024,321,481,35,3118461946,Gaussian_SciPy,"scipy.ndimage.gaussian_filter(sigma_filter=1.5, reflect)",24.108601,0.71649665,2.539,ok,,Optimized replacement for Python-loop Gaussian filter.
bsd68,test024,321,481,35,3118461946,Median_SciPy,"scipy.ndimage.median_filter(size=3, reflect)",23.591457,0.60597937,15.927,ok,,Optimized replacement for Python-loop median filter.
bsd68,test024,321,481,35,3118461946,NLM_Skimage_Fast,"skimage.denoise_nl_means(fast_mode=True, h=0.8*sigma, sigma=known_sigma)",24.119566,0.68264847,358.49,ok,,Fast engineering baseline; not the original patchwise NLM runtime.
bsd68,test024,321,481,35,3118461946,NLM_IPOL_Like,skimage.denoise_nl_means(fast_mode=False) with IPOL grayscale parameter schedule,24.434011,0.71670439,16826.112,ok,,Closer to IPOL patchwise parameters; can be very slow.
bsd68,test024,321,481,35,3118461946,BM3D_TAU,"bm3d.bm3d(noisy_float01, sigma_psd=sigma/255)",26.021627,0.78001969,1389.206,ok,,Reference classical upper baseline for AWGN.
bsd68,test024,321,481,40,1039688363,Noisy,"clean + AWGN, clipped to [0,1]",17.144963,0.33987579,0.0,ok,,same noisy image reused for all methods
bsd68,test024,321,481,40,1039688363,Gaussian_SciPy,"scipy.ndimage.gaussian_filter(sigma_filter=1.5, reflect)",23.751093,0.69530716,2.492,ok,,Optimized replacement for Python-loop Gaussian filter.
bsd68,test024,321,481,40,1039688363,Median_SciPy,"scipy.ndimage.median_filter(size=3, reflect)",22.854189,0.57064566,15.881,ok,,Optimized replacement for Python-loop median filter.
bsd68,test024,321,481,40,1039688363,NLM_Skimage_Fast,"skimage.denoise_nl_means(fast_mode=True, h=0.8*sigma, sigma=known_sigma)",23.275911,0.64297923,356.334,ok,,Fast engineering baseline; not the original patchwise NLM runtime.
bsd68,test024,321,481,40,1039688363,NLM_IPOL_Like,skimage.denoise_nl_means(fast_mode=False) with IPOL grayscale parameter schedule,23.835056,0.68482424,17438.089,ok,,Closer to IPOL patchwise parameters; can be very slow.
bsd68,test024,321,481,40,1039688363,BM3D_TAU,"bm3d.bm3d(noisy_float01, sigma_psd=sigma/255)",25.257291,0.75228887,1364.117,ok,,Reference classical upper baseline for AWGN.
bsd68,test024,321,481,50,1928508710,Noisy,"clean + AWGN, clipped to [0,1]",15.422134,0.27328576,0.0,ok,,same noisy image reused for all methods
bsd68,test024,321,481,50,1928508710,Gaussian_SciPy,"scipy.ndimage.gaussian_filter(sigma_filter=1.5, reflect)",22.928164,0.65299516,2.545,ok,,Optimized replacement for Python-loop Gaussian filter.
bsd68,test024,321,481,50,1928508710,Median_SciPy,"scipy.ndimage.median_filter(size=3, reflect)",21.441967,0.50239066,16.792,ok,,Optimized replacement for Python-loop median filter.
bsd68,test024,321,481,50,1928508710,NLM_Skimage_Fast,"skimage.denoise_nl_means(fast_mode=True, h=0.8*sigma, sigma=known_sigma)",21.818991,0.57416407,357.151,ok,,Fast engineering baseline; not the original patchwise NLM runtime.
bsd68,test024,321,481,50,1928508710,NLM_IPOL_Like,skimage.denoise_nl_means(fast_mode=False) with IPOL grayscale parameter schedule,22.610283,0.61747357,27365.203,ok,,Closer to IPOL patchwise parameters; can be very slow.
bsd68,test024,321,481,50,1928508710,BM3D_TAU,"bm3d.bm3d(noisy_float01, sigma_psd=sigma/255)",23.889507,0.69861648,1360.753,ok,,Reference classical upper baseline for AWGN.
bsd68,test024,321,481,75,1052836352,Noisy,"clean + AWGN, clipped to [0,1]",12.481251,0.1705125,0.0,ok,,same noisy image reused for all methods
bsd68,test024,321,481,75,1052836352,Gaussian_SciPy,"scipy.ndimage.gaussian_filter(sigma_filter=1.5, reflect)",20.611043,0.54254597,2.273,ok,,Optimized replacement for Python-loop Gaussian filter.
bsd68,test024,321,481,75,1052836352,Median_SciPy,"scipy.ndimage.median_filter(size=3, reflect)",18.631143,0.37221981,16.341,ok,,Optimized replacement for Python-loop median filter.
bsd68,test024,321,481,75,1052836352,NLM_Skimage_Fast,"skimage.denoise_nl_means(fast_mode=True, h=0.8*sigma, sigma=known_sigma)",18.738383,0.42446305,347.105,ok,,Fast engineering baseline; not the original patchwise NLM runtime.
bsd68,test024,321,481,75,1052836352,NLM_IPOL_Like,skimage.denoise_nl_means(fast_mode=False) with IPOL grayscale parameter schedule,19.225964,0.46196914,30765.84,ok,,Closer to IPOL patchwise parameters; can be very slow.
bsd68,test024,321,481,75,1052836352,BM3D_TAU,"bm3d.bm3d(noisy_float01, sigma_psd=sigma/255)",21.053495,0.57941431,1388.494,ok,,Reference classical upper baseline for AWGN.
bsd68,test025,321,481,5,57408643,Noisy,"clean + AWGN, clipped to [0,1]",34.161145,0.83437572,0.0,ok,,same noisy image reused for all methods
bsd68,test025,321,481,5,57408643,Gaussian_SciPy,"scipy.ndimage.gaussian_filter(sigma_filter=1.5, reflect)",25.701966,0.84176182,2.446,ok,,Optimized replacement for Python-loop Gaussian filter.
bsd68,test025,321,481,5,57408643,Median_SciPy,"scipy.ndimage.median_filter(size=3, reflect)",29.04562,0.89567094,16.254,ok,,Optimized replacement for Python-loop median filter.
bsd68,test025,321,481,5,57408643,NLM_Skimage_Fast,"skimage.denoise_nl_means(fast_mode=True, h=0.8*sigma, sigma=known_sigma)",37.932618,0.98100799,305.405,ok,,Fast engineering baseline; not the original patchwise NLM runtime.
bsd68,test025,321,481,5,57408643,NLM_IPOL_Like,skimage.denoise_nl_means(fast_mode=False) with IPOL grayscale parameter schedule,,,2486.267,ok,,Closer to IPOL patchwise parameters; can be very slow.
bsd68,test025,321,481,5,57408643,BM3D_TAU,"bm3d.bm3d(noisy_float01, sigma_psd=sigma/255)",38.669926,0.98453891,1338.542,ok,,Reference classical upper baseline for AWGN.
bsd68,test025,321,481,10,998761427,Noisy,"clean + AWGN, clipped to [0,1]",28.115705,0.6245305,0.0,ok,,same noisy image reused for all methods
bsd68,test025,321,481,10,998761427,Gaussian_SciPy,"scipy.ndimage.gaussian_filter(sigma_filter=1.5, reflect)",25.639828,0.8267404,2.794,ok,,Optimized replacement for Python-loop Gaussian filter.
bsd68,test025,321,481,10,998761427,Median_SciPy,"scipy.ndimage.median_filter(size=3, reflect)",28.249478,0.81283648,17.081,ok,,Optimized replacement for Python-loop median filter.
bsd68,test025,321,481,10,998761427,NLM_Skimage_Fast,"skimage.denoise_nl_means(fast_mode=True, h=0.8*sigma, sigma=known_sigma)",33.004866,0.95216018,323.496,ok,,Fast engineering baseline; not the original patchwise NLM runtime.
bsd68,test025,321,481,10,998761427,NLM_IPOL_Like,skimage.denoise_nl_means(fast_mode=False) with IPOL grayscale parameter schedule,30.892484,0.78482868,2645.443,ok,,Closer to IPOL patchwise parameters; can be very slow.
bsd68,test025,321,481,10,998761427,BM3D_TAU,"bm3d.bm3d(noisy_float01, sigma_psd=sigma/255)",34.090681,0.96647984,1370.087,ok,,Reference classical upper baseline for AWGN.
bsd68,test025,321,481,15,1806029980,Noisy,"clean + AWGN, clipped to [0,1]",24.642814,0.49617086,0.0,ok,,same noisy image reused for all methods
bsd68,test025,321,481,15,1806029980,Gaussian_SciPy,"scipy.ndimage.gaussian_filter(sigma_filter=1.5, reflect)",25.525018,0.80196518,2.71,ok,,Optimized replacement for Python-loop Gaussian filter.
bsd68,test025,321,481,15,1806029980,Median_SciPy,"scipy.ndimage.median_filter(size=3, reflect)",27.319253,0.7225749,15.75,ok,,Optimized replacement for Python-loop median filter.
bsd68,test025,321,481,15,1806029980,NLM_Skimage_Fast,"skimage.denoise_nl_means(fast_mode=True, h=0.8*sigma, sigma=known_sigma)",30.520271,0.91716143,341.825,ok,,Fast engineering baseline; not the original patchwise NLM runtime.
bsd68,test025,321,481,15,1806029980,NLM_IPOL_Like,skimage.denoise_nl_means(fast_mode=False) with IPOL grayscale parameter schedule,27.939624,0.66359676,2711.435,ok,,Closer to IPOL patchwise parameters; can be very slow.
bsd68,test025,321,481,15,1806029980,BM3D_TAU,"bm3d.bm3d(noisy_float01, sigma_psd=sigma/255)",31.753574,0.94511149,1355.331,ok,,Reference classical upper baseline for AWGN.
bsd68,test025,321,481,20,3725051781,Noisy,"clean + AWGN, clipped to [0,1]",22.16951,0.4119509,0.0,ok,,same noisy image reused for all methods
bsd68,test025,321,481,20,3725051781,Gaussian_SciPy,"scipy.ndimage.gaussian_filter(sigma_filter=1.5, reflect)",25.391754,0.77400991,3.087,ok,,Optimized replacement for Python-loop Gaussian filter.
bsd68,test025,321,481,20,3725051781,Median_SciPy,"scipy.ndimage.median_filter(size=3, reflect)",26.2254,0.63583287,15.866,ok,,Optimized replacement for Python-loop median filter.
bsd68,test025,321,481,20,3725051781,NLM_Skimage_Fast,"skimage.denoise_nl_means(fast_mode=True, h=0.8*sigma, sigma=known_sigma)",28.85927,0.88510722,348.38,ok,,Fast engineering baseline; not the original patchwise NLM runtime.
bsd68,test025,321,481,20,3725051781,NLM_IPOL_Like,skimage.denoise_nl_means(fast_mode=False) with IPOL grayscale parameter schedule,27.303846,0.71353943,4168.389,ok,,Closer to IPOL patchwise parameters; can be very slow.
bsd68,test025,321,481,20,3725051781,BM3D_TAU,"bm3d.bm3d(noisy_float01, sigma_psd=sigma/255)",30.167322,0.92434651,1385.359,ok,,Reference classical upper baseline for AWGN.
bsd68,test025,321,481,25,3140520450,Noisy,"clean + AWGN, clipped to [0,1]",20.318425,0.35318978,0.0,ok,,same noisy image reused for all methods
bsd68,test025,321,481,25,3140520450,Gaussian_SciPy,"scipy.ndimage.gaussian_filter(sigma_filter=1.5, reflect)",25.211986,0.74273369,3.202,ok,,Optimized replacement for Python-loop Gaussian filter.
bsd68,test025,321,481,25,3140520450,Median_SciPy,"scipy.ndimage.median_filter(size=3, reflect)",25.239931,0.56504468,15.583,ok,,Optimized replacement for Python-loop median filter.
bsd68,test025,321,481,25,3140520450,NLM_Skimage_Fast,"skimage.denoise_nl_means(fast_mode=True, h=0.8*sigma, sigma=known_sigma)",27.708274,0.8573212,358.864,ok,,Fast engineering baseline; not the original patchwise NLM runtime.
bsd68,test025,321,481,25,3140520450,NLM_IPOL_Like,skimage.denoise_nl_means(fast_mode=False) with IPOL grayscale parameter schedule,26.216556,0.65305074,4292.688,ok,,Closer to IPOL patchwise parameters; can be very slow.
bsd68,test025,321,481,25,3140520450,BM3D_TAU,"bm3d.bm3d(noisy_float01, sigma_psd=sigma/255)",29.022291,0.90289743,1371.783,ok,,Reference classical upper baseline for AWGN.
bsd68,test025,321,481,30,825096684,Noisy,"clean + AWGN, clipped to [0,1]",18.804375,0.3074924,0.0,ok,,same noisy image reused for all methods
bsd68,test025,321,481,30,825096684,Gaussian_SciPy,"scipy.ndimage.gaussian_filter(sigma_filter=1.5, reflect)",24.984449,0.7120044,3.221,ok,,Optimized replacement for Python-loop Gaussian filter.
bsd68,test025,321,481,30,825096684,Median_SciPy,"scipy.ndimage.median_filter(size=3, reflect)",24.295017,0.50455757,16.852,ok,,Optimized replacement for Python-loop median filter.
bsd68,test025,321,481,30,825096684,NLM_Skimage_Fast,"skimage.denoise_nl_means(fast_mode=True, h=0.8*sigma, sigma=known_sigma)",26.77148,0.83309926,357.613,ok,,Fast engineering baseline; not the original patchwise NLM runtime.
bsd68,test025,321,481,30,825096684,NLM_IPOL_Like,skimage.denoise_nl_means(fast_mode=False) with IPOL grayscale parameter schedule,25.277175,0.60635956,4393.135,ok,,Closer to IPOL patchwise parameters; can be very slow.
bsd68,test025,321,481,30,825096684,BM3D_TAU,"bm3d.bm3d(noisy_float01, sigma_psd=sigma/255)",28.162279,0.8845924,1382.831,ok,,Reference classical upper baseline for AWGN.
bsd68,test025,321,481,35,3308104074,Noisy,"clean + AWGN, clipped to [0,1]",17.591489,0.27125146,0.0,ok,,same noisy image reused for all methods
bsd68,test025,321,481,35,3308104074,Gaussian_SciPy,"scipy.ndimage.gaussian_filter(sigma_filter=1.5, reflect)",24.706939,0.67810554,3.353,ok,,Optimized replacement for Python-loop Gaussian filter.
bsd68,test025,321,481,35,3308104074,Median_SciPy,"scipy.ndimage.median_filter(size=3, reflect)",23.392755,0.45537715,16.382,ok,,Optimized replacement for Python-loop median filter.
bsd68,test025,321,481,35,3308104074,NLM_Skimage_Fast,"skimage.denoise_nl_means(fast_mode=True, h=0.8*sigma, sigma=known_sigma)",25.843181,0.80714469,356.97,ok,,Fast engineering baseline; not the original patchwise NLM runtime.
bsd68,test025,321,481,35,3308104074,NLM_IPOL_Like,skimage.denoise_nl_means(fast_mode=False) with IPOL grayscale parameter schedule,25.341126,0.69223149,17992.275,ok,,Closer to IPOL patchwise parameters; can be very slow.
bsd68,test025,321,481,35,3308104074,BM3D_TAU,"bm3d.bm3d(noisy_float01, sigma_psd=sigma/255)",27.313788,0.86407034,1407.048,ok,,Reference classical upper baseline for AWGN.
bsd68,test025,321,481,40,788559430,Noisy,"clean + AWGN, clipped to [0,1]",16.572117,0.2427585,0.0,ok,,same noisy image reused for all methods
bsd68,test025,321,481,40,788559430,Gaussian_SciPy,"scipy.ndimage.gaussian_filter(sigma_filter=1.5, reflect)",24.440541,0.64880535,2.605,ok,,Optimized replacement for Python-loop Gaussian filter.
bsd68,test025,321,481,40,788559430,Median_SciPy,"scipy.ndimage.median_filter(size=3, reflect)",22.519956,0.41280708,15.949,ok,,Optimized replacement for Python-loop median filter.
bsd68,test025,321,481,40,788559430,NLM_Skimage_Fast,"skimage.denoise_nl_means(fast_mode=True, h=0.8*sigma, sigma=known_sigma)",25.164593,0.78777005,352.15,ok,,Fast engineering baseline; not the original patchwise NLM runtime.
bsd68,test025,321,481,40,788559430,NLM_IPOL_Like,skimage.denoise_nl_means(fast_mode=False) with IPOL grayscale parameter schedule,25.028297,0.68451479,18538.104,ok,,Closer to IPOL patchwise parameters; can be very slow.
bsd68,test025,321,481,40,788559430,BM3D_TAU,"bm3d.bm3d(noisy_float01, sigma_psd=sigma/255)",26.747911,0.8492761,1466.504,ok,,Reference classical upper baseline for AWGN.
bsd68,test025,321,481,50,4260567582,Noisy,"clean + AWGN, clipped to [0,1]",14.884775,0.19619003,0.0,ok,,same noisy image reused for all methods
bsd68,test025,321,481,50,4260567582,Gaussian_SciPy,"scipy.ndimage.gaussian_filter(sigma_filter=1.5, reflect)",23.817054,0.59330228,3.117,ok,,Optimized replacement for Python-loop Gaussian filter.
bsd68,test025,321,481,50,4260567582,Median_SciPy,"scipy.ndimage.median_filter(size=3, reflect)",21.025752,0.35129537,16.347,ok,,Optimized replacement for Python-loop median filter.
bsd68,test025,321,481,50,4260567582,NLM_Skimage_Fast,"skimage.denoise_nl_means(fast_mode=True, h=0.8*sigma, sigma=known_sigma)",23.804951,0.74576472,353.093,ok,,Fast engineering baseline; not the original patchwise NLM runtime.
bsd68,test025,321,481,50,4260567582,NLM_IPOL_Like,skimage.denoise_nl_means(fast_mode=False) with IPOL grayscale parameter schedule,24.65533,0.74584165,28648.422,ok,,Closer to IPOL patchwise parameters; can be very slow.
bsd68,test025,321,481,50,4260567582,BM3D_TAU,"bm3d.bm3d(noisy_float01, sigma_psd=sigma/255)",25.659001,0.81814101,1487.198,ok,,Reference classical upper baseline for AWGN.
bsd68,test025,321,481,75,3517505715,Noisy,"clean + AWGN, clipped to [0,1]",12.075234,0.12544961,0.0,ok,,same noisy image reused for all methods
bsd68,test025,321,481,75,3517505715,Gaussian_SciPy,"scipy.ndimage.gaussian_filter(sigma_filter=1.5, reflect)",22.040943,0.48754068,2.971,ok,,Optimized replacement for Python-loop Gaussian filter.
bsd68,test025,321,481,75,3517505715,Median_SciPy,"scipy.ndimage.median_filter(size=3, reflect)",18.178425,0.25215914,15.875,ok,,Optimized replacement for Python-loop median filter.
bsd68,test025,321,481,75,3517505715,NLM_Skimage_Fast,"skimage.denoise_nl_means(fast_mode=True, h=0.8*sigma, sigma=known_sigma)",20.887363,0.64203144,351.791,ok,,Fast engineering baseline; not the original patchwise NLM runtime.
bsd68,test025,321,481,75,3517505715,NLM_IPOL_Like,skimage.denoise_nl_means(fast_mode=False) with IPOL grayscale parameter schedule,21.85137,0.69988868,31394.762,ok,,Closer to IPOL patchwise parameters; can be very slow.
bsd68,test025,321,481,75,3517505715,BM3D_TAU,"bm3d.bm3d(noisy_float01, sigma_psd=sigma/255)",23.289428,0.74103646,1369.463,ok,,Reference classical upper baseline for AWGN.
bsd68,test026,321,481,5,3788390135,Noisy,"clean + AWGN, clipped to [0,1]",34.196979,0.91324764,0.0,ok,,same noisy image reused for all methods
bsd68,test026,321,481,5,3788390135,Gaussian_SciPy,"scipy.ndimage.gaussian_filter(sigma_filter=1.5, reflect)",26.253498,0.74467022,1.845,ok,,Optimized replacement for Python-loop Gaussian filter.
bsd68,test026,321,481,5,3788390135,Median_SciPy,"scipy.ndimage.median_filter(size=3, reflect)",29.154007,0.84673314,15.75,ok,,Optimized replacement for Python-loop median filter.
bsd68,test026,321,481,5,3788390135,NLM_Skimage_Fast,"skimage.denoise_nl_means(fast_mode=True, h=0.8*sigma, sigma=known_sigma)",35.752963,0.94675389,287.147,ok,,Fast engineering baseline; not the original patchwise NLM runtime.
bsd68,test026,321,481,5,3788390135,NLM_IPOL_Like,skimage.denoise_nl_means(fast_mode=False) with IPOL grayscale parameter schedule,,,2360.512,ok,,Closer to IPOL patchwise parameters; can be very slow.
bsd68,test026,321,481,5,3788390135,BM3D_TAU,"bm3d.bm3d(noisy_float01, sigma_psd=sigma/255)",36.76836,0.96092226,1383.866,ok,,Reference classical upper baseline for AWGN.
bsd68,test026,321,481,10,3884433782,Noisy,"clean + AWGN, clipped to [0,1]",28.190032,0.76022868,0.0,ok,,same noisy image reused for all methods
bsd68,test026,321,481,10,3884433782,Gaussian_SciPy,"scipy.ndimage.gaussian_filter(sigma_filter=1.5, reflect)",26.171479,0.73747859,2.275,ok,,Optimized replacement for Python-loop Gaussian filter.
bsd68,test026,321,481,10,3884433782,Median_SciPy,"scipy.ndimage.median_filter(size=3, reflect)",28.343749,0.80046685,16.075,ok,,Optimized replacement for Python-loop median filter.
bsd68,test026,321,481,10,3884433782,NLM_Skimage_Fast,"skimage.denoise_nl_means(fast_mode=True, h=0.8*sigma, sigma=known_sigma)",31.387012,0.87210806,331.548,ok,,Fast engineering baseline; not the original patchwise NLM runtime.
bsd68,test026,321,481,10,3884433782,NLM_IPOL_Like,skimage.denoise_nl_means(fast_mode=False) with IPOL grayscale parameter schedule,30.233979,0.83629563,2597.461,ok,,Closer to IPOL patchwise parameters; can be very slow.
bsd68,test026,321,481,10,3884433782,BM3D_TAU,"bm3d.bm3d(noisy_float01, sigma_psd=sigma/255)",32.652431,0.9081191,1403.922,ok,,Reference classical upper baseline for AWGN.
bsd68,test026,321,481,15,4161576543,Noisy,"clean + AWGN, clipped to [0,1]",24.70526,0.62644675,0.0,ok,,same noisy image reused for all methods
bsd68,test026,321,481,15,4161576543,Gaussian_SciPy,"scipy.ndimage.gaussian_filter(sigma_filter=1.5, reflect)",26.037664,0.72527158,2.566,ok,,Optimized replacement for Python-loop Gaussian filter.
bsd68,test026,321,481,15,4161576543,Median_SciPy,"scipy.ndimage.median_filter(size=3, reflect)",27.327924,0.74152149,16.798,ok,,Optimized replacement for Python-loop median filter.
bsd68,test026,321,481,15,4161576543,NLM_Skimage_Fast,"skimage.denoise_nl_means(fast_mode=True, h=0.8*sigma, sigma=known_sigma)",29.111612,0.8064725,348.17,ok,,Fast engineering baseline; not the original patchwise NLM runtime.
bsd68,test026,321,481,15,4161576543,NLM_IPOL_Like,skimage.denoise_nl_means(fast_mode=False) with IPOL grayscale parameter schedule,27.357695,0.73398176,2725.167,ok,,Closer to IPOL patchwise parameters; can be very slow.
bsd68,test026,321,481,15,4161576543,BM3D_TAU,"bm3d.bm3d(noisy_float01, sigma_psd=sigma/255)",30.449117,0.85923592,1388.252,ok,,Reference classical upper baseline for AWGN.
bsd68,test026,321,481,20,1206185962,Noisy,"clean + AWGN, clipped to [0,1]",22.238186,0.51979236,0.0,ok,,same noisy image reused for all methods
bsd68,test026,321,481,20,1206185962,Gaussian_SciPy,"scipy.ndimage.gaussian_filter(sigma_filter=1.5, reflect)",25.837958,0.70950983,2.213,ok,,Optimized replacement for Python-loop Gaussian filter.
bsd68,test026,321,481,20,1206185962,Median_SciPy,"scipy.ndimage.median_filter(size=3, reflect)",26.313786,0.68229255,17.821,ok,,Optimized replacement for Python-loop median filter.
bsd68,test026,321,481,20,1206185962,NLM_Skimage_Fast,"skimage.denoise_nl_means(fast_mode=True, h=0.8*sigma, sigma=known_sigma)",27.576869,0.75203873,363.08,ok,,Fast engineering baseline; not the original patchwise NLM runtime.
bsd68,test026,321,481,20,1206185962,NLM_IPOL_Like,skimage.denoise_nl_means(fast_mode=False) with IPOL grayscale parameter schedule,26.870631,0.72932069,4104.702,ok,,Closer to IPOL patchwise parameters; can be very slow.
bsd68,test026,321,481,20,1206185962,BM3D_TAU,"bm3d.bm3d(noisy_float01, sigma_psd=sigma/255)",29.046469,0.81894353,1343.659,ok,,Reference classical upper baseline for AWGN.
bsd68,test026,321,481,25,4225112105,Noisy,"clean + AWGN, clipped to [0,1]",20.382623,0.43845292,0.0,ok,,same noisy image reused for all methods
bsd68,test026,321,481,25,4225112105,Gaussian_SciPy,"scipy.ndimage.gaussian_filter(sigma_filter=1.5, reflect)",25.642269,0.69355664,3.44,ok,,Optimized replacement for Python-loop Gaussian filter.
bsd68,test026,321,481,25,4225112105,Median_SciPy,"scipy.ndimage.median_filter(size=3, reflect)",25.363279,0.62791322,16.319,ok,,Optimized replacement for Python-loop median filter.
bsd68,test026,321,481,25,4225112105,NLM_Skimage_Fast,"skimage.denoise_nl_means(fast_mode=True, h=0.8*sigma, sigma=known_sigma)",26.532268,0.70785167,359.796,ok,,Fast engineering baseline; not the original patchwise NLM runtime.
bsd68,test026,321,481,25,4225112105,NLM_IPOL_Like,skimage.denoise_nl_means(fast_mode=False) with IPOL grayscale parameter schedule,25.776939,0.67131123,4256.094,ok,,Closer to IPOL patchwise parameters; can be very slow.
bsd68,test026,321,481,25,4225112105,BM3D_TAU,"bm3d.bm3d(noisy_float01, sigma_psd=sigma/255)",28.043274,0.78351069,1421.763,ok,,Reference classical upper baseline for AWGN.
bsd68,test026,321,481,30,2539234724,Noisy,"clean + AWGN, clipped to [0,1]",18.885271,0.37592832,0.0,ok,,same noisy image reused for all methods
bsd68,test026,321,481,30,2539234724,Gaussian_SciPy,"scipy.ndimage.gaussian_filter(sigma_filter=1.5, reflect)",25.346271,0.67457667,2.936,ok,,Optimized replacement for Python-loop Gaussian filter.
bsd68,test026,321,481,30,2539234724,Median_SciPy,"scipy.ndimage.median_filter(size=3, reflect)",24.342871,0.57535554,17.142,ok,,Optimized replacement for Python-loop median filter.
bsd68,test026,321,481,30,2539234724,NLM_Skimage_Fast,"skimage.denoise_nl_means(fast_mode=True, h=0.8*sigma, sigma=known_sigma)",25.64662,0.67407365,363.455,ok,,Fast engineering baseline; not the original patchwise NLM runtime.
bsd68,test026,321,481,30,2539234724,NLM_IPOL_Like,skimage.denoise_nl_means(fast_mode=False) with IPOL grayscale parameter schedule,24.83512,0.62808002,4354.281,ok,,Closer to IPOL patchwise parameters; can be very slow.
bsd68,test026,321,481,30,2539234724,BM3D_TAU,"bm3d.bm3d(noisy_float01, sigma_psd=sigma/255)",27.235048,0.75721075,1366.819,ok,,Reference classical upper baseline for AWGN.
bsd68,test026,321,481,35,4243912797,Noisy,"clean + AWGN, clipped to [0,1]",17.625711,0.32134924,0.0,ok,,same noisy image reused for all methods
bsd68,test026,321,481,35,4243912797,Gaussian_SciPy,"scipy.ndimage.gaussian_filter(sigma_filter=1.5, reflect)",25.05228,0.6562019,1.895,ok,,Optimized replacement for Python-loop Gaussian filter.
bsd68,test026,321,481,35,4243912797,Median_SciPy,"scipy.ndimage.median_filter(size=3, reflect)",23.481802,0.52999174,15.871,ok,,Optimized replacement for Python-loop median filter.
bsd68,test026,321,481,35,4243912797,NLM_Skimage_Fast,"skimage.denoise_nl_means(fast_mode=True, h=0.8*sigma, sigma=known_sigma)",24.844978,0.63792603,362.187,ok,,Fast engineering baseline; not the original patchwise NLM runtime.
bsd68,test026,321,481,35,4243912797,NLM_IPOL_Like,skimage.denoise_nl_means(fast_mode=False) with IPOL grayscale parameter schedule,24.789819,0.64111529,17465.444,ok,,Closer to IPOL patchwise parameters; can be very slow.
bsd68,test026,321,481,35,4243912797,BM3D_TAU,"bm3d.bm3d(noisy_float01, sigma_psd=sigma/255)",26.548084,0.73010491,1373.854,ok,,Reference classical upper baseline for AWGN.
bsd68,test026,321,481,40,292732397,Noisy,"clean + AWGN, clipped to [0,1]",16.580774,0.28025057,0.0,ok,,same noisy image reused for all methods
bsd68,test026,321,481,40,292732397,Gaussian_SciPy,"scipy.ndimage.gaussian_filter(sigma_filter=1.5, reflect)",24.715307,0.63612393,1.942,ok,,Optimized replacement for Python-loop Gaussian filter.
bsd68,test026,321,481,40,292732397,Median_SciPy,"scipy.ndimage.median_filter(size=3, reflect)",22.621422,0.48815255,17.886,ok,,Optimized replacement for Python-loop median filter.
bsd68,test026,321,481,40,292732397,NLM_Skimage_Fast,"skimage.denoise_nl_means(fast_mode=True, h=0.8*sigma, sigma=known_sigma)",24.25335,0.61013236,352.069,ok,,Fast engineering baseline; not the original patchwise NLM runtime.
bsd68,test026,321,481,40,292732397,NLM_IPOL_Like,skimage.denoise_nl_means(fast_mode=False) with IPOL grayscale parameter schedule,24.315166,0.61753799,18023.215,ok,,Closer to IPOL patchwise parameters; can be very slow.
bsd68,test026,321,481,40,292732397,BM3D_TAU,"bm3d.bm3d(noisy_float01, sigma_psd=sigma/255)",25.962125,0.70645216,1378.233,ok,,Reference classical upper baseline for AWGN.
bsd68,test026,321,481,50,672497301,Noisy,"clean + AWGN, clipped to [0,1]",14.852616,0.21851675,0.0,ok,,same noisy image reused for all methods
bsd68,test026,321,481,50,672497301,Gaussian_SciPy,"scipy.ndimage.gaussian_filter(sigma_filter=1.5, reflect)",23.959945,0.59585665,2.596,ok,,Optimized replacement for Python-loop Gaussian filter.
bsd68,test026,321,481,50,672497301,Median_SciPy,"scipy.ndimage.median_filter(size=3, reflect)",21.108721,0.41571692,16.12,ok,,Optimized replacement for Python-loop median filter.
bsd68,test026,321,481,50,672497301,NLM_Skimage_Fast,"skimage.denoise_nl_means(fast_mode=True, h=0.8*sigma, sigma=known_sigma)",23.10269,0.56125941,350.083,ok,,Fast engineering baseline; not the original patchwise NLM runtime.
bsd68,test026,321,481,50,672497301,NLM_IPOL_Like,skimage.denoise_nl_means(fast_mode=False) with IPOL grayscale parameter schedule,23.58003,0.59711692,28490.294,ok,,Closer to IPOL patchwise parameters; can be very slow.
bsd68,test026,321,481,50,672497301,BM3D_TAU,"bm3d.bm3d(noisy_float01, sigma_psd=sigma/255)",24.945001,0.66212976,1367.652,ok,,Reference classical upper baseline for AWGN.
bsd68,test026,321,481,75,799537378,Noisy,"clean + AWGN, clipped to [0,1]",12.042596,0.13115914,0.0,ok,,same noisy image reused for all methods
bsd68,test026,321,481,75,799537378,Gaussian_SciPy,"scipy.ndimage.gaussian_filter(sigma_filter=1.5, reflect)",21.97834,0.50075054,1.681,ok,,Optimized replacement for Python-loop Gaussian filter.
bsd68,test026,321,481,75,799537378,Median_SciPy,"scipy.ndimage.median_filter(size=3, reflect)",18.215981,0.29361852,16.649,ok,,Optimized replacement for Python-loop median filter.
bsd68,test026,321,481,75,799537378,NLM_Skimage_Fast,"skimage.denoise_nl_means(fast_mode=True, h=0.8*sigma, sigma=known_sigma)",20.652248,0.45669585,398.811,ok,,Fast engineering baseline; not the original patchwise NLM runtime.
bsd68,test026,321,481,75,799537378,NLM_IPOL_Like,skimage.denoise_nl_means(fast_mode=False) with IPOL grayscale parameter schedule,21.02599,0.49566546,31213.941,ok,,Closer to IPOL patchwise parameters; can be very slow.
bsd68,test026,321,481,75,799537378,BM3D_TAU,"bm3d.bm3d(noisy_float01, sigma_psd=sigma/255)",22.838351,0.57735701,1362.993,ok,,Reference classical upper baseline for AWGN.
bsd68,test027,321,481,5,2541351963,Noisy,"clean + AWGN, clipped to [0,1]",34.168374,0.88026665,0.0,ok,,same noisy image reused for all methods
bsd68,test027,321,481,5,2541351963,Gaussian_SciPy,"scipy.ndimage.gaussian_filter(sigma_filter=1.5, reflect)",28.397577,0.80751406,3.772,ok,,Optimized replacement for Python-loop Gaussian filter.
bsd68,test027,321,481,5,2541351963,Median_SciPy,"scipy.ndimage.median_filter(size=3, reflect)",31.474627,0.88564401,15.445,ok,,Optimized replacement for Python-loop median filter.
bsd68,test027,321,481,5,2541351963,NLM_Skimage_Fast,"skimage.denoise_nl_means(fast_mode=True, h=0.8*sigma, sigma=known_sigma)",36.788815,0.94702495,307.204,ok,,Fast engineering baseline; not the original patchwise NLM runtime.
bsd68,test027,321,481,5,2541351963,NLM_IPOL_Like,skimage.denoise_nl_means(fast_mode=False) with IPOL grayscale parameter schedule,,,2471.787,ok,,Closer to IPOL patchwise parameters; can be very slow.
bsd68,test027,321,481,5,2541351963,BM3D_TAU,"bm3d.bm3d(noisy_float01, sigma_psd=sigma/255)",37.963749,0.96179009,1344.752,ok,,Reference classical upper baseline for AWGN.
bsd68,test027,321,481,10,634069499,Noisy,"clean + AWGN, clipped to [0,1]",28.138096,0.68368319,0.0,ok,,same noisy image reused for all methods
bsd68,test027,321,481,10,634069499,Gaussian_SciPy,"scipy.ndimage.gaussian_filter(sigma_filter=1.5, reflect)",28.258596,0.79554947,3.117,ok,,Optimized replacement for Python-loop Gaussian filter.
bsd68,test027,321,481,10,634069499,Median_SciPy,"scipy.ndimage.median_filter(size=3, reflect)",30.16375,0.82103611,15.444,ok,,Optimized replacement for Python-loop median filter.
bsd68,test027,321,481,10,634069499,NLM_Skimage_Fast,"skimage.denoise_nl_means(fast_mode=True, h=0.8*sigma, sigma=known_sigma)",32.679311,0.88445603,337.446,ok,,Fast engineering baseline; not the original patchwise NLM runtime.
bsd68,test027,321,481,10,634069499,NLM_IPOL_Like,skimage.denoise_nl_means(fast_mode=False) with IPOL grayscale parameter schedule,30.53623,0.78703218,2687.869,ok,,Closer to IPOL patchwise parameters; can be very slow.
bsd68,test027,321,481,10,634069499,BM3D_TAU,"bm3d.bm3d(noisy_float01, sigma_psd=sigma/255)",34.111692,0.91698191,1357.853,ok,,Reference classical upper baseline for AWGN.
bsd68,test027,321,481,15,1985398642,Noisy,"clean + AWGN, clipped to [0,1]",24.597128,0.5286713,0.0,ok,,same noisy image reused for all methods
bsd68,test027,321,481,15,1985398642,Gaussian_SciPy,"scipy.ndimage.gaussian_filter(sigma_filter=1.5, reflect)",28.071773,0.77959383,2.339,ok,,Optimized replacement for Python-loop Gaussian filter.
bsd68,test027,321,481,15,1985398642,Median_SciPy,"scipy.ndimage.median_filter(size=3, reflect)",28.755386,0.74455045,17.929,ok,,Optimized replacement for Python-loop median filter.
bsd68,test027,321,481,15,1985398642,NLM_Skimage_Fast,"skimage.denoise_nl_means(fast_mode=True, h=0.8*sigma, sigma=known_sigma)",30.360484,0.83021767,353.911,ok,,Fast engineering baseline; not the original patchwise NLM runtime.
bsd68,test027,321,481,15,1985398642,NLM_IPOL_Like,skimage.denoise_nl_means(fast_mode=False) with IPOL grayscale parameter schedule,27.558981,0.66168635,2788.546,ok,,Closer to IPOL patchwise parameters; can be very slow.
bsd68,test027,321,481,15,1985398642,BM3D_TAU,"bm3d.bm3d(noisy_float01, sigma_psd=sigma/255)",32.036108,0.87956706,1394.585,ok,,Reference classical upper baseline for AWGN.
bsd68,test027,321,481,20,436619323,Noisy,"clean + AWGN, clipped to [0,1]",22.17258,0.42073403,0.0,ok,,same noisy image reused for all methods
bsd68,test027,321,481,20,436619323,Gaussian_SciPy,"scipy.ndimage.gaussian_filter(sigma_filter=1.5, reflect)",27.810541,0.75780455,2.431,ok,,Optimized replacement for Python-loop Gaussian filter.
bsd68,test027,321,481,20,436619323,Median_SciPy,"scipy.ndimage.median_filter(size=3, reflect)",27.443568,0.66728921,17.528,ok,,Optimized replacement for Python-loop median filter.
bsd68,test027,321,481,20,436619323,NLM_Skimage_Fast,"skimage.denoise_nl_means(fast_mode=True, h=0.8*sigma, sigma=known_sigma)",28.839105,0.78269806,359.073,ok,,Fast engineering baseline; not the original patchwise NLM runtime.
bsd68,test027,321,481,20,436619323,NLM_IPOL_Like,skimage.denoise_nl_means(fast_mode=False) with IPOL grayscale parameter schedule,27.690083,0.6864672,4299.963,ok,,Closer to IPOL patchwise parameters; can be very slow.
bsd68,test027,321,481,20,436619323,BM3D_TAU,"bm3d.bm3d(noisy_float01, sigma_psd=sigma/255)",30.670703,0.84749569,1407.115,ok,,Reference classical upper baseline for AWGN.
bsd68,test027,321,481,25,3404422107,Noisy,"clean + AWGN, clipped to [0,1]",20.266906,0.34079132,0.0,ok,,same noisy image reused for all methods
bsd68,test027,321,481,25,3404422107,Gaussian_SciPy,"scipy.ndimage.gaussian_filter(sigma_filter=1.5, reflect)",27.460968,0.7317269,3.096,ok,,Optimized replacement for Python-loop Gaussian filter.
bsd68,test027,321,481,25,3404422107,Median_SciPy,"scipy.ndimage.median_filter(size=3, reflect)",26.170799,0.59456614,15.723,ok,,Optimized replacement for Python-loop median filter.
bsd68,test027,321,481,25,3404422107,NLM_Skimage_Fast,"skimage.denoise_nl_means(fast_mode=True, h=0.8*sigma, sigma=known_sigma)",27.645662,0.73854805,363.848,ok,,Fast engineering baseline; not the original patchwise NLM runtime.
bsd68,test027,321,481,25,3404422107,NLM_IPOL_Like,skimage.denoise_nl_means(fast_mode=False) with IPOL grayscale parameter schedule,26.415396,0.61694673,4425.032,ok,,Closer to IPOL patchwise parameters; can be very slow.
bsd68,test027,321,481,25,3404422107,BM3D_TAU,"bm3d.bm3d(noisy_float01, sigma_psd=sigma/255)",29.533959,0.81474256,1440.948,ok,,Reference classical upper baseline for AWGN.
bsd68,test027,321,481,30,934547063,Noisy,"clean + AWGN, clipped to [0,1]",18.724717,0.28051248,0.0,ok,,same noisy image reused for all methods
bsd68,test027,321,481,30,934547063,Gaussian_SciPy,"scipy.ndimage.gaussian_filter(sigma_filter=1.5, reflect)",27.093752,0.70294453,2.368,ok,,Optimized replacement for Python-loop Gaussian filter.
bsd68,test027,321,481,30,934547063,Median_SciPy,"scipy.ndimage.median_filter(size=3, reflect)",25.055814,0.53112615,16.173,ok,,Optimized replacement for Python-loop median filter.
bsd68,test027,321,481,30,934547063,NLM_Skimage_Fast,"skimage.denoise_nl_means(fast_mode=True, h=0.8*sigma, sigma=known_sigma)",26.718483,0.70030103,369.962,ok,,Fast engineering baseline; not the original patchwise NLM runtime.
bsd68,test027,321,481,30,934547063,NLM_IPOL_Like,skimage.denoise_nl_means(fast_mode=False) with IPOL grayscale parameter schedule,25.351652,0.55624272,4518.269,ok,,Closer to IPOL patchwise parameters; can be very slow.
bsd68,test027,321,481,30,934547063,BM3D_TAU,"bm3d.bm3d(noisy_float01, sigma_psd=sigma/255)",28.794441,0.79026314,1421.255,ok,,Reference classical upper baseline for AWGN.
bsd68,test027,321,481,35,764722464,Noisy,"clean + AWGN, clipped to [0,1]",17.501253,0.23762533,0.0,ok,,same noisy image reused for all methods
bsd68,test027,321,481,35,764722464,Gaussian_SciPy,"scipy.ndimage.gaussian_filter(sigma_filter=1.5, reflect)",26.706316,0.6762198,2.633,ok,,Optimized replacement for Python-loop Gaussian filter.
bsd68,test027,321,481,35,764722464,Median_SciPy,"scipy.ndimage.median_filter(size=3, reflect)",24.035512,0.47910926,16.22,ok,,Optimized replacement for Python-loop median filter.
bsd68,test027,321,481,35,764722464,NLM_Skimage_Fast,"skimage.denoise_nl_means(fast_mode=True, h=0.8*sigma, sigma=known_sigma)",25.974222,0.66943231,355.584,ok,,Fast engineering baseline; not the original patchwise NLM runtime.
bsd68,test027,321,481,35,764722464,NLM_IPOL_Like,skimage.denoise_nl_means(fast_mode=False) with IPOL grayscale parameter schedule,25.657685,0.59765879,18659.114,ok,,Closer to IPOL patchwise parameters; can be very slow.
bsd68,test027,321,481,35,764722464,BM3D_TAU,"bm3d.bm3d(noisy_float01, sigma_psd=sigma/255)",28.122075,0.76710635,1395.029,ok,,Reference classical upper baseline for AWGN.
bsd68,test027,321,481,40,4153347789,Noisy,"clean + AWGN, clipped to [0,1]",16.453145,0.20168172,0.0,ok,,same noisy image reused for all methods
bsd68,test027,321,481,40,4153347789,Gaussian_SciPy,"scipy.ndimage.gaussian_filter(sigma_filter=1.5, reflect)",26.289826,0.64782387,2.798,ok,,Optimized replacement for Python-loop Gaussian filter.
bsd68,test027,321,481,40,4153347789,Median_SciPy,"scipy.ndimage.median_filter(size=3, reflect)",23.11078,0.42968845,16.57,ok,,Optimized replacement for Python-loop median filter.
bsd68,test027,321,481,40,4153347789,NLM_Skimage_Fast,"skimage.denoise_nl_means(fast_mode=True, h=0.8*sigma, sigma=known_sigma)",25.331335,0.63675858,350.167,ok,,Fast engineering baseline; not the original patchwise NLM runtime.
bsd68,test027,321,481,40,4153347789,NLM_IPOL_Like,skimage.denoise_nl_means(fast_mode=False) with IPOL grayscale parameter schedule,25.092919,0.56471055,19232.235,ok,,Closer to IPOL patchwise parameters; can be very slow.
bsd68,test027,321,481,40,4153347789,BM3D_TAU,"bm3d.bm3d(noisy_float01, sigma_psd=sigma/255)",27.450328,0.7398475,1445.012,ok,,Reference classical upper baseline for AWGN.
bsd68,test027,321,481,50,2460703515,Noisy,"clean + AWGN, clipped to [0,1]",14.728766,0.15259439,0.0,ok,,same noisy image reused for all methods
bsd68,test027,321,481,50,2460703515,Gaussian_SciPy,"scipy.ndimage.gaussian_filter(sigma_filter=1.5, reflect)",25.465029,0.60031022,3.012,ok,,Optimized replacement for Python-loop Gaussian filter.
bsd68,test027,321,481,50,2460703515,Median_SciPy,"scipy.ndimage.median_filter(size=3, reflect)",21.421861,0.35535147,17.512,ok,,Optimized replacement for Python-loop median filter.
bsd68,test027,321,481,50,2460703515,NLM_Skimage_Fast,"skimage.denoise_nl_means(fast_mode=True, h=0.8*sigma, sigma=known_sigma)",24.294628,0.59009373,348.157,ok,,Fast engineering baseline; not the original patchwise NLM runtime.
bsd68,test027,321,481,50,2460703515,NLM_IPOL_Like,skimage.denoise_nl_means(fast_mode=False) with IPOL grayscale parameter schedule,24.592837,0.57881746,30241.357,ok,,Closer to IPOL patchwise parameters; can be very slow.
bsd68,test027,321,481,50,2460703515,BM3D_TAU,"bm3d.bm3d(noisy_float01, sigma_psd=sigma/255)",26.528764,0.70625469,1428.518,ok,,Reference classical upper baseline for AWGN.
bsd68,test027,321,481,75,2270994821,Noisy,"clean + AWGN, clipped to [0,1]",11.919598,0.08559194,0.0,ok,,same noisy image reused for all methods
bsd68,test027,321,481,75,2270994821,Gaussian_SciPy,"scipy.ndimage.gaussian_filter(sigma_filter=1.5, reflect)",23.177827,0.47978184,2.423,ok,,Optimized replacement for Python-loop Gaussian filter.
bsd68,test027,321,481,75,2270994821,Median_SciPy,"scipy.ndimage.median_filter(size=3, reflect)",18.273584,0.22491491,17.463,ok,,Optimized replacement for Python-loop median filter.
bsd68,test027,321,481,75,2270994821,NLM_Skimage_Fast,"skimage.denoise_nl_means(fast_mode=True, h=0.8*sigma, sigma=known_sigma)",22.505704,0.51926336,349.356,ok,,Fast engineering baseline; not the original patchwise NLM runtime.
bsd68,test027,321,481,75,2270994821,NLM_IPOL_Like,skimage.denoise_nl_means(fast_mode=False) with IPOL grayscale parameter schedule,22.24607,0.51273774,32194.011,ok,,Closer to IPOL patchwise parameters; can be very slow.
bsd68,test027,321,481,75,2270994821,BM3D_TAU,"bm3d.bm3d(noisy_float01, sigma_psd=sigma/255)",24.278221,0.61626728,1392.485,ok,,Reference classical upper baseline for AWGN.
bsd68,test028,321,481,5,1578539459,Noisy,"clean + AWGN, clipped to [0,1]",34.987033,0.82954516,0.0,ok,,same noisy image reused for all methods
bsd68,test028,321,481,5,1578539459,Gaussian_SciPy,"scipy.ndimage.gaussian_filter(sigma_filter=1.5, reflect)",28.297106,0.85894384,1.519,ok,,Optimized replacement for Python-loop Gaussian filter.
bsd68,test028,321,481,5,1578539459,Median_SciPy,"scipy.ndimage.median_filter(size=3, reflect)",32.748943,0.88269243,15.329,ok,,Optimized replacement for Python-loop median filter.
bsd68,test028,321,481,5,1578539459,NLM_Skimage_Fast,"skimage.denoise_nl_means(fast_mode=True, h=0.8*sigma, sigma=known_sigma)",38.979719,0.9515949,352.163,ok,,Fast engineering baseline; not the original patchwise NLM runtime.
bsd68,test028,321,481,5,1578539459,NLM_IPOL_Like,skimage.denoise_nl_means(fast_mode=False) with IPOL grayscale parameter schedule,,,2826.773,ok,,Closer to IPOL patchwise parameters; can be very slow.
bsd68,test028,321,481,5,1578539459,BM3D_TAU,"bm3d.bm3d(noisy_float01, sigma_psd=sigma/255)",39.778111,0.96068747,1587.551,ok,,Reference classical upper baseline for AWGN.
bsd68,test028,321,481,10,2584961262,Noisy,"clean + AWGN, clipped to [0,1]",29.484845,0.60712026,0.0,ok,,same noisy image reused for all methods
bsd68,test028,321,481,10,2584961262,Gaussian_SciPy,"scipy.ndimage.gaussian_filter(sigma_filter=1.5, reflect)",28.016377,0.84439561,1.561,ok,,Optimized replacement for Python-loop Gaussian filter.
bsd68,test028,321,481,10,2584961262,Median_SciPy,"scipy.ndimage.median_filter(size=3, reflect)",31.542559,0.8025967,15.406,ok,,Optimized replacement for Python-loop median filter.
bsd68,test028,321,481,10,2584961262,NLM_Skimage_Fast,"skimage.denoise_nl_means(fast_mode=True, h=0.8*sigma, sigma=known_sigma)",34.409638,0.90245036,368.806,ok,,Fast engineering baseline; not the original patchwise NLM runtime.
bsd68,test028,321,481,10,2584961262,NLM_IPOL_Like,skimage.denoise_nl_means(fast_mode=False) with IPOL grayscale parameter schedule,33.660969,0.8429707,2797.37,ok,,Closer to IPOL patchwise parameters; can be very slow.
bsd68,test028,321,481,10,2584961262,BM3D_TAU,"bm3d.bm3d(noisy_float01, sigma_psd=sigma/255)",35.315324,0.92096406,1427.655,ok,,Reference classical upper baseline for AWGN.
bsd68,test028,321,481,15,3817896372,Noisy,"clean + AWGN, clipped to [0,1]",26.386918,0.45241047,0.0,ok,,same noisy image reused for all methods
bsd68,test028,321,481,15,3817896372,Gaussian_SciPy,"scipy.ndimage.gaussian_filter(sigma_filter=1.5, reflect)",27.531247,0.8211215,2.798,ok,,Optimized replacement for Python-loop Gaussian filter.
bsd68,test028,321,481,15,3817896372,Median_SciPy,"scipy.ndimage.median_filter(size=3, reflect)",30.087971,0.70869011,15.088,ok,,Optimized replacement for Python-loop median filter.
bsd68,test028,321,481,15,3817896372,NLM_Skimage_Fast,"skimage.denoise_nl_means(fast_mode=True, h=0.8*sigma, sigma=known_sigma)",31.700039,0.86112971,515.805,ok,,Fast engineering baseline; not the original patchwise NLM runtime.
bsd68,test028,321,481,15,3817896372,NLM_IPOL_Like,skimage.denoise_nl_means(fast_mode=False) with IPOL grayscale parameter schedule,31.123426,0.77463411,2776.926,ok,,Closer to IPOL patchwise parameters; can be very slow.
bsd68,test028,321,481,15,3817896372,BM3D_TAU,"bm3d.bm3d(noisy_float01, sigma_psd=sigma/255)",32.579447,0.88592753,1429.812,ok,,Reference classical upper baseline for AWGN.
bsd68,test028,321,481,20,864869861,Noisy,"clean + AWGN, clipped to [0,1]",24.187435,0.34845066,0.0,ok,,same noisy image reused for all methods
bsd68,test028,321,481,20,864869861,Gaussian_SciPy,"scipy.ndimage.gaussian_filter(sigma_filter=1.5, reflect)",26.930075,0.79351095,3.406,ok,,Optimized replacement for Python-loop Gaussian filter.
bsd68,test028,321,481,20,864869861,Median_SciPy,"scipy.ndimage.median_filter(size=3, reflect)",28.765653,0.62020167,20.513,ok,,Optimized replacement for Python-loop median filter.
bsd68,test028,321,481,20,864869861,NLM_Skimage_Fast,"skimage.denoise_nl_means(fast_mode=True, h=0.8*sigma, sigma=known_sigma)",29.869932,0.82910491,377.503,ok,,Fast engineering baseline; not the original patchwise NLM runtime.
bsd68,test028,321,481,20,864869861,NLM_IPOL_Like,skimage.denoise_nl_means(fast_mode=False) with IPOL grayscale parameter schedule,30.565329,0.85688994,4658.467,ok,,Closer to IPOL patchwise parameters; can be very slow.
bsd68,test028,321,481,20,864869861,BM3D_TAU,"bm3d.bm3d(noisy_float01, sigma_psd=sigma/255)",30.621293,0.85620194,1389.714,ok,,Reference classical upper baseline for AWGN.
bsd68,test028,321,481,25,1416923643,Noisy,"clean + AWGN, clipped to [0,1]",22.428118,0.27718147,0.0,ok,,same noisy image reused for all methods
bsd68,test028,321,481,25,1416923643,Gaussian_SciPy,"scipy.ndimage.gaussian_filter(sigma_filter=1.5, reflect)",26.188341,0.76110467,2.388,ok,,Optimized replacement for Python-loop Gaussian filter.
bsd68,test028,321,481,25,1416923643,Median_SciPy,"scipy.ndimage.median_filter(size=3, reflect)",27.569482,0.54809413,15.631,ok,,Optimized replacement for Python-loop median filter.
bsd68,test028,321,481,25,1416923643,NLM_Skimage_Fast,"skimage.denoise_nl_means(fast_mode=True, h=0.8*sigma, sigma=known_sigma)",28.32685,0.80293896,343.863,ok,,Fast engineering baseline; not the original patchwise NLM runtime.
bsd68,test028,321,481,25,1416923643,NLM_IPOL_Like,skimage.denoise_nl_means(fast_mode=False) with IPOL grayscale parameter schedule,28.941435,0.83132115,5090.251,ok,,Closer to IPOL patchwise parameters; can be very slow.
bsd68,test028,321,481,25,1416923643,BM3D_TAU,"bm3d.bm3d(noisy_float01, sigma_psd=sigma/255)",29.022201,0.83106735,1606.531,ok,,Reference classical upper baseline for AWGN.
bsd68,test028,321,481,30,1879684919,Noisy,"clean + AWGN, clipped to [0,1]",20.998796,0.22651826,0.0,ok,,same noisy image reused for all methods
bsd68,test028,321,481,30,1879684919,Gaussian_SciPy,"scipy.ndimage.gaussian_filter(sigma_filter=1.5, reflect)",25.378519,0.72354255,1.984,ok,,Optimized replacement for Python-loop Gaussian filter.
bsd68,test028,321,481,30,1879684919,Median_SciPy,"scipy.ndimage.median_filter(size=3, reflect)",26.546508,0.48706703,14.858,ok,,Optimized replacement for Python-loop median filter.
bsd68,test028,321,481,30,1879684919,NLM_Skimage_Fast,"skimage.denoise_nl_means(fast_mode=True, h=0.8*sigma, sigma=known_sigma)",27.011866,0.77680076,358.421,ok,,Fast engineering baseline; not the original patchwise NLM runtime.
bsd68,test028,321,481,30,1879684919,NLM_IPOL_Like,skimage.denoise_nl_means(fast_mode=False) with IPOL grayscale parameter schedule,27.521557,0.79846479,4890.55,ok,,Closer to IPOL patchwise parameters; can be very slow.
bsd68,test028,321,481,30,1879684919,BM3D_TAU,"bm3d.bm3d(noisy_float01, sigma_psd=sigma/255)",27.656225,0.80277581,1409.893,ok,,Reference classical upper baseline for AWGN.
bsd68,test028,321,481,35,2431077112,Noisy,"clean + AWGN, clipped to [0,1]",19.752342,0.18800623,0.0,ok,,same noisy image reused for all methods
bsd68,test028,321,481,35,2431077112,Gaussian_SciPy,"scipy.ndimage.gaussian_filter(sigma_filter=1.5, reflect)",24.554395,0.68659683,2.634,ok,,Optimized replacement for Python-loop Gaussian filter.
bsd68,test028,321,481,35,2431077112,Median_SciPy,"scipy.ndimage.median_filter(size=3, reflect)",25.635926,0.43496202,15.205,ok,,Optimized replacement for Python-loop median filter.
bsd68,test028,321,481,35,2431077112,NLM_Skimage_Fast,"skimage.denoise_nl_means(fast_mode=True, h=0.8*sigma, sigma=known_sigma)",25.79894,0.75431401,352.369,ok,,Fast engineering baseline; not the original patchwise NLM runtime.
bsd68,test028,321,481,35,2431077112,NLM_IPOL_Like,skimage.denoise_nl_means(fast_mode=False) with IPOL grayscale parameter schedule,26.060214,0.77071078,20307.793,ok,,Closer to IPOL patchwise parameters; can be very slow.
bsd68,test028,321,481,35,2431077112,BM3D_TAU,"bm3d.bm3d(noisy_float01, sigma_psd=sigma/255)",26.43526,0.77985796,1433.301,ok,,Reference classical upper baseline for AWGN.
bsd68,test028,321,481,40,2805445884,Noisy,"clean + AWGN, clipped to [0,1]",18.676278,0.16009291,0.0,ok,,same noisy image reused for all methods
bsd68,test028,321,481,40,2805445884,Gaussian_SciPy,"scipy.ndimage.gaussian_filter(sigma_filter=1.5, reflect)",23.753124,0.64722786,2.925,ok,,Optimized replacement for Python-loop Gaussian filter.
bsd68,test028,321,481,40,2805445884,Median_SciPy,"scipy.ndimage.median_filter(size=3, reflect)",24.763346,0.38713839,14.991,ok,,Optimized replacement for Python-loop median filter.
bsd68,test028,321,481,40,2805445884,NLM_Skimage_Fast,"skimage.denoise_nl_means(fast_mode=True, h=0.8*sigma, sigma=known_sigma)",24.745505,0.73564378,348.572,ok,,Fast engineering baseline; not the original patchwise NLM runtime.
bsd68,test028,321,481,40,2805445884,NLM_IPOL_Like,skimage.denoise_nl_means(fast_mode=False) with IPOL grayscale parameter schedule,25.010336,0.74828511,20536.61,ok,,Closer to IPOL patchwise parameters; can be very slow.
bsd68,test028,321,481,40,2805445884,BM3D_TAU,"bm3d.bm3d(noisy_float01, sigma_psd=sigma/255)",25.405319,0.76071142,1444.466,ok,,Reference classical upper baseline for AWGN.
bsd68,test028,321,481,50,3324856369,Noisy,"clean + AWGN, clipped to [0,1]",16.8335,0.11894282,0.0,ok,,same noisy image reused for all methods
bsd68,test028,321,481,50,3324856369,Gaussian_SciPy,"scipy.ndimage.gaussian_filter(sigma_filter=1.5, reflect)",22.196635,0.57678582,3.412,ok,,Optimized replacement for Python-loop Gaussian filter.
bsd68,test028,321,481,50,3324856369,Median_SciPy,"scipy.ndimage.median_filter(size=3, reflect)",23.314981,0.31967209,15.3,ok,,Optimized replacement for Python-loop median filter.
bsd68,test028,321,481,50,3324856369,NLM_Skimage_Fast,"skimage.denoise_nl_means(fast_mode=True, h=0.8*sigma, sigma=known_sigma)",22.854534,0.69638527,347.185,ok,,Fast engineering baseline; not the original patchwise NLM runtime.
bsd68,test028,321,481,50,3324856369,NLM_IPOL_Like,skimage.denoise_nl_means(fast_mode=False) with IPOL grayscale parameter schedule,23.032733,0.70248232,30891.762,ok,,Closer to IPOL patchwise parameters; can be very slow.
bsd68,test028,321,481,50,3324856369,BM3D_TAU,"bm3d.bm3d(noisy_float01, sigma_psd=sigma/255)",23.538893,0.72005958,1386.966,ok,,Reference classical upper baseline for AWGN.
bsd68,test028,321,481,75,2225637302,Noisy,"clean + AWGN, clipped to [0,1]",13.487711,0.06839746,0.0,ok,,same noisy image reused for all methods
bsd68,test028,321,481,75,2225637302,Gaussian_SciPy,"scipy.ndimage.gaussian_filter(sigma_filter=1.5, reflect)",18.957492,0.42675245,1.954,ok,,Optimized replacement for Python-loop Gaussian filter.
bsd68,test028,321,481,75,2225637302,Median_SciPy,"scipy.ndimage.median_filter(size=3, reflect)",20.471343,0.20724671,14.244,ok,,Optimized replacement for Python-loop median filter.
bsd68,test028,321,481,75,2225637302,NLM_Skimage_Fast,"skimage.denoise_nl_means(fast_mode=True, h=0.8*sigma, sigma=known_sigma)",19.085955,0.61065396,351.952,ok,,Fast engineering baseline; not the original patchwise NLM runtime.
bsd68,test028,321,481,75,2225637302,NLM_IPOL_Like,skimage.denoise_nl_means(fast_mode=False) with IPOL grayscale parameter schedule,19.331847,0.62408721,31294.95,ok,,Closer to IPOL patchwise parameters; can be very slow.
bsd68,test028,321,481,75,2225637302,BM3D_TAU,"bm3d.bm3d(noisy_float01, sigma_psd=sigma/255)",19.91104,0.63872949,1400.941,ok,,Reference classical upper baseline for AWGN.
bsd68,test029,481,321,5,631377298,Noisy,"clean + AWGN, clipped to [0,1]",34.203512,0.94043347,0.0,ok,,same noisy image reused for all methods
bsd68,test029,481,321,5,631377298,Gaussian_SciPy,"scipy.ndimage.gaussian_filter(sigma_filter=1.5, reflect)",18.880529,0.53223982,2.609,ok,,Optimized replacement for Python-loop Gaussian filter.
bsd68,test029,481,321,5,631377298,Median_SciPy,"scipy.ndimage.median_filter(size=3, reflect)",20.563589,0.68283216,15.009,ok,,Optimized replacement for Python-loop median filter.
bsd68,test029,481,321,5,631377298,NLM_Skimage_Fast,"skimage.denoise_nl_means(fast_mode=True, h=0.8*sigma, sigma=known_sigma)",35.07766,0.98183129,245.102,ok,,Fast engineering baseline; not the original patchwise NLM runtime.
bsd68,test029,481,321,5,631377298,NLM_IPOL_Like,skimage.denoise_nl_means(fast_mode=False) with IPOL grayscale parameter schedule,,,2153.936,ok,,Closer to IPOL patchwise parameters; can be very slow.
bsd68,test029,481,321,5,631377298,BM3D_TAU,"bm3d.bm3d(noisy_float01, sigma_psd=sigma/255)",35.311915,0.98373311,1359.13,ok,,Reference classical upper baseline for AWGN.
bsd68,test029,481,321,10,838590249,Noisy,"clean + AWGN, clipped to [0,1]",28.247358,0.85122805,0.0,ok,,same noisy image reused for all methods
bsd68,test029,481,321,10,838590249,Gaussian_SciPy,"scipy.ndimage.gaussian_filter(sigma_filter=1.5, reflect)",18.857884,0.52657068,3.423,ok,,Optimized replacement for Python-loop Gaussian filter.
bsd68,test029,481,321,10,838590249,Median_SciPy,"scipy.ndimage.median_filter(size=3, reflect)",20.443095,0.65266572,16.878,ok,,Optimized replacement for Python-loop median filter.
bsd68,test029,481,321,10,838590249,NLM_Skimage_Fast,"skimage.denoise_nl_means(fast_mode=True, h=0.8*sigma, sigma=known_sigma)",29.409668,0.9342195,301.668,ok,,Fast engineering baseline; not the original patchwise NLM runtime.
bsd68,test029,481,321,10,838590249,NLM_IPOL_Like,skimage.denoise_nl_means(fast_mode=False) with IPOL grayscale parameter schedule,29.227384,0.9020082,2388.888,ok,,Closer to IPOL patchwise parameters; can be very slow.
bsd68,test029,481,321,10,838590249,BM3D_TAU,"bm3d.bm3d(noisy_float01, sigma_psd=sigma/255)",30.033229,0.95169339,1491.488,ok,,Reference classical upper baseline for AWGN.
bsd68,test029,481,321,15,2098842948,Noisy,"clean + AWGN, clipped to [0,1]",24.807698,0.77615678,0.0,ok,,same noisy image reused for all methods
bsd68,test029,481,321,15,2098842948,Gaussian_SciPy,"scipy.ndimage.gaussian_filter(sigma_filter=1.5, reflect)",18.820496,0.518469,2.892,ok,,Optimized replacement for Python-loop Gaussian filter.
bsd68,test029,481,321,15,2098842948,Median_SciPy,"scipy.ndimage.median_filter(size=3, reflect)",20.246638,0.61676945,15.493,ok,,Optimized replacement for Python-loop median filter.
bsd68,test029,481,321,15,2098842948,NLM_Skimage_Fast,"skimage.denoise_nl_means(fast_mode=True, h=0.8*sigma, sigma=known_sigma)",26.308326,0.86696214,340.899,ok,,Fast engineering baseline; not the original patchwise NLM runtime.
bsd68,test029,481,321,15,2098842948,NLM_IPOL_Like,skimage.denoise_nl_means(fast_mode=False) with IPOL grayscale parameter schedule,26.200866,0.83734995,2589.478,ok,,Closer to IPOL patchwise parameters; can be very slow.
bsd68,test029,481,321,15,2098842948,BM3D_TAU,"bm3d.bm3d(noisy_float01, sigma_psd=sigma/255)",27.19755,0.90839719,1394.149,ok,,Reference classical upper baseline for AWGN.
bsd68,test029,481,321,20,114508778,Noisy,"clean + AWGN, clipped to [0,1]",22.368622,0.70870872,0.0,ok,,same noisy image reused for all methods
bsd68,test029,481,321,20,114508778,Gaussian_SciPy,"scipy.ndimage.gaussian_filter(sigma_filter=1.5, reflect)",18.772673,0.50706083,2.976,ok,,Optimized replacement for Python-loop Gaussian filter.
bsd68,test029,481,321,20,114508778,Median_SciPy,"scipy.ndimage.median_filter(size=3, reflect)",19.989091,0.57838862,15.138,ok,,Optimized replacement for Python-loop median filter.
bsd68,test029,481,321,20,114508778,NLM_Skimage_Fast,"skimage.denoise_nl_means(fast_mode=True, h=0.8*sigma, sigma=known_sigma)",24.201859,0.79319923,340.391,ok,,Fast engineering baseline; not the original patchwise NLM runtime.
bsd68,test029,481,321,20,114508778,NLM_IPOL_Like,skimage.denoise_nl_means(fast_mode=False) with IPOL grayscale parameter schedule,24.292791,0.81656503,3606.424,ok,,Closer to IPOL patchwise parameters; can be very slow.
bsd68,test029,481,321,20,114508778,BM3D_TAU,"bm3d.bm3d(noisy_float01, sigma_psd=sigma/255)",25.25881,0.85603611,1387.613,ok,,Reference classical upper baseline for AWGN.
bsd68,test029,481,321,25,2165671748,Noisy,"clean + AWGN, clipped to [0,1]",20.511192,0.64721791,0.0,ok,,same noisy image reused for all methods
bsd68,test029,481,321,25,2165671748,Gaussian_SciPy,"scipy.ndimage.gaussian_filter(sigma_filter=1.5, reflect)",18.710716,0.49417881,3.581,ok,,Optimized replacement for Python-loop Gaussian filter.
bsd68,test029,481,321,25,2165671748,Median_SciPy,"scipy.ndimage.median_filter(size=3, reflect)",19.705079,0.54491522,19.188,ok,,Optimized replacement for Python-loop median filter.
bsd68,test029,481,321,25,2165671748,NLM_Skimage_Fast,"skimage.denoise_nl_means(fast_mode=True, h=0.8*sigma, sigma=known_sigma)",22.613984,0.72219079,350.807,ok,,Fast engineering baseline; not the original patchwise NLM runtime.
bsd68,test029,481,321,25,2165671748,NLM_IPOL_Like,skimage.denoise_nl_means(fast_mode=False) with IPOL grayscale parameter schedule,22.978899,0.7664795,3929.724,ok,,Closer to IPOL patchwise parameters; can be very slow.
bsd68,test029,481,321,25,2165671748,BM3D_TAU,"bm3d.bm3d(noisy_float01, sigma_psd=sigma/255)",23.821191,0.7983505,1412.967,ok,,Reference classical upper baseline for AWGN.
bsd68,test029,481,321,30,3282309609,Noisy,"clean + AWGN, clipped to [0,1]",19.021663,0.59447249,0.0,ok,,same noisy image reused for all methods
bsd68,test029,481,321,30,3282309609,Gaussian_SciPy,"scipy.ndimage.gaussian_filter(sigma_filter=1.5, reflect)",18.645413,0.48279683,2.356,ok,,Optimized replacement for Python-loop Gaussian filter.
bsd68,test029,481,321,30,3282309609,Median_SciPy,"scipy.ndimage.median_filter(size=3, reflect)",19.443035,0.52252205,16.426,ok,,Optimized replacement for Python-loop median filter.
bsd68,test029,481,321,30,3282309609,NLM_Skimage_Fast,"skimage.denoise_nl_means(fast_mode=True, h=0.8*sigma, sigma=known_sigma)",21.441926,0.66287249,371.696,ok,,Fast engineering baseline; not the original patchwise NLM runtime.
bsd68,test029,481,321,30,3282309609,NLM_IPOL_Like,skimage.denoise_nl_means(fast_mode=False) with IPOL grayscale parameter schedule,22.015466,0.72606044,3981.676,ok,,Closer to IPOL patchwise parameters; can be very slow.
bsd68,test029,481,321,30,3282309609,BM3D_TAU,"bm3d.bm3d(noisy_float01, sigma_psd=sigma/255)",22.683461,0.74798476,1564.266,ok,,Reference classical upper baseline for AWGN.
bsd68,test029,481,321,35,1630575198,Noisy,"clean + AWGN, clipped to [0,1]",17.775435,0.54556619,0.0,ok,,same noisy image reused for all methods
bsd68,test029,481,321,35,1630575198,Gaussian_SciPy,"scipy.ndimage.gaussian_filter(sigma_filter=1.5, reflect)",18.544401,0.46759076,1.815,ok,,Optimized replacement for Python-loop Gaussian filter.
bsd68,test029,481,321,35,1630575198,Median_SciPy,"scipy.ndimage.median_filter(size=3, reflect)",19.052976,0.49103454,15.514,ok,,Optimized replacement for Python-loop median filter.
bsd68,test029,481,321,35,1630575198,NLM_Skimage_Fast,"skimage.denoise_nl_means(fast_mode=True, h=0.8*sigma, sigma=known_sigma)",20.522324,0.6105373,375.507,ok,,Fast engineering baseline; not the original patchwise NLM runtime.
bsd68,test029,481,321,35,1630575198,NLM_IPOL_Like,skimage.denoise_nl_means(fast_mode=False) with IPOL grayscale parameter schedule,21.147469,0.71333073,15335.906,ok,,Closer to IPOL patchwise parameters; can be very slow.
bsd68,test029,481,321,35,1630575198,BM3D_TAU,"bm3d.bm3d(noisy_float01, sigma_psd=sigma/255)",21.732517,0.69836488,1382.558,ok,,Reference classical upper baseline for AWGN.
bsd68,test029,481,321,40,3263635343,Noisy,"clean + AWGN, clipped to [0,1]",16.773118,0.50315545,0.0,ok,,same noisy image reused for all methods
bsd68,test029,481,321,40,3263635343,Gaussian_SciPy,"scipy.ndimage.gaussian_filter(sigma_filter=1.5, reflect)",18.455521,0.45618469,2.615,ok,,Optimized replacement for Python-loop Gaussian filter.
bsd68,test029,481,321,40,3263635343,Median_SciPy,"scipy.ndimage.median_filter(size=3, reflect)",18.730959,0.46859127,17.033,ok,,Optimized replacement for Python-loop median filter.
bsd68,test029,481,321,40,3263635343,NLM_Skimage_Fast,"skimage.denoise_nl_means(fast_mode=True, h=0.8*sigma, sigma=known_sigma)",19.815672,0.56408261,360.006,ok,,Fast engineering baseline; not the original patchwise NLM runtime.
bsd68,test029,481,321,40,3263635343,NLM_IPOL_Like,skimage.denoise_nl_means(fast_mode=False) with IPOL grayscale parameter schedule,20.742808,0.68639969,16172.596,ok,,Closer to IPOL patchwise parameters; can be very slow.
bsd68,test029,481,321,40,3263635343,BM3D_TAU,"bm3d.bm3d(noisy_float01, sigma_psd=sigma/255)",20.911225,0.64472597,1470.298,ok,,Reference classical upper baseline for AWGN.
bsd68,test029,481,321,50,2619401549,Noisy,"clean + AWGN, clipped to [0,1]",15.039666,0.42767292,0.0,ok,,same noisy image reused for all methods
bsd68,test029,481,321,50,2619401549,Gaussian_SciPy,"scipy.ndimage.gaussian_filter(sigma_filter=1.5, reflect)",18.235657,0.43161685,2.477,ok,,Optimized replacement for Python-loop Gaussian filter.
bsd68,test029,481,321,50,2619401549,Median_SciPy,"scipy.ndimage.median_filter(size=3, reflect)",18.037155,0.42473003,16.558,ok,,Optimized replacement for Python-loop median filter.
bsd68,test029,481,321,50,2619401549,NLM_Skimage_Fast,"skimage.denoise_nl_means(fast_mode=True, h=0.8*sigma, sigma=known_sigma)",18.735181,0.48794084,355.425,ok,,Fast engineering baseline; not the original patchwise NLM runtime.
bsd68,test029,481,321,50,2619401549,NLM_IPOL_Like,skimage.denoise_nl_means(fast_mode=False) with IPOL grayscale parameter schedule,19.862827,0.61926625,25783.908,ok,,Closer to IPOL patchwise parameters; can be very slow.
bsd68,test029,481,321,50,2619401549,BM3D_TAU,"bm3d.bm3d(noisy_float01, sigma_psd=sigma/255)",19.753872,0.56450329,1579.388,ok,,Reference classical upper baseline for AWGN.
bsd68,test029,481,321,75,1414465157,Noisy,"clean + AWGN, clipped to [0,1]",12.17356,0.29842548,0.0,ok,,same noisy image reused for all methods
bsd68,test029,481,321,75,1414465157,Gaussian_SciPy,"scipy.ndimage.gaussian_filter(sigma_filter=1.5, reflect)",17.522177,0.371165,3.822,ok,,Optimized replacement for Python-loop Gaussian filter.
bsd68,test029,481,321,75,1414465157,Median_SciPy,"scipy.ndimage.median_filter(size=3, reflect)",16.314049,0.33984214,16.628,ok,,Optimized replacement for Python-loop median filter.
bsd68,test029,481,321,75,1414465157,NLM_Skimage_Fast,"skimage.denoise_nl_means(fast_mode=True, h=0.8*sigma, sigma=known_sigma)",16.676137,0.33454237,498.082,ok,,Fast engineering baseline; not the original patchwise NLM runtime.
bsd68,test029,481,321,75,1414465157,NLM_IPOL_Like,skimage.denoise_nl_means(fast_mode=False) with IPOL grayscale parameter schedule,17.679088,0.43353068,31617.891,ok,,Closer to IPOL patchwise parameters; can be very slow.
bsd68,test029,481,321,75,1414465157,BM3D_TAU,"bm3d.bm3d(noisy_float01, sigma_psd=sigma/255)",17.960229,0.42118675,1523.219,ok,,Reference classical upper baseline for AWGN.
bsd68,test030,321,481,5,3463815854,Noisy,"clean + AWGN, clipped to [0,1]",34.1413,0.89234757,0.0,ok,,same noisy image reused for all methods
bsd68,test030,321,481,5,3463815854,Gaussian_SciPy,"scipy.ndimage.gaussian_filter(sigma_filter=1.5, reflect)",28.439043,0.8230541,3.354,ok,,Optimized replacement for Python-loop Gaussian filter.
bsd68,test030,321,481,5,3463815854,Median_SciPy,"scipy.ndimage.median_filter(size=3, reflect)",31.71336,0.90332628,17.722,ok,,Optimized replacement for Python-loop median filter.
bsd68,test030,321,481,5,3463815854,NLM_Skimage_Fast,"skimage.denoise_nl_means(fast_mode=True, h=0.8*sigma, sigma=known_sigma)",36.75878,0.94597996,364.653,ok,,Fast engineering baseline; not the original patchwise NLM runtime.
bsd68,test030,321,481,5,3463815854,NLM_IPOL_Like,skimage.denoise_nl_means(fast_mode=False) with IPOL grayscale parameter schedule,,,2497.156,ok,,Closer to IPOL patchwise parameters; can be very slow.
bsd68,test030,321,481,5,3463815854,BM3D_TAU,"bm3d.bm3d(noisy_float01, sigma_psd=sigma/255)",38.000541,0.96214052,1796.027,ok,,Reference classical upper baseline for AWGN.
bsd68,test030,321,481,10,2112165832,Noisy,"clean + AWGN, clipped to [0,1]",28.143811,0.70315877,0.0,ok,,same noisy image reused for all methods
bsd68,test030,321,481,10,2112165832,Gaussian_SciPy,"scipy.ndimage.gaussian_filter(sigma_filter=1.5, reflect)",28.32115,0.81370041,3.221,ok,,Optimized replacement for Python-loop Gaussian filter.
bsd68,test030,321,481,10,2112165832,Median_SciPy,"scipy.ndimage.median_filter(size=3, reflect)",30.430823,0.84673022,17.684,ok,,Optimized replacement for Python-loop median filter.
bsd68,test030,321,481,10,2112165832,NLM_Skimage_Fast,"skimage.denoise_nl_means(fast_mode=True, h=0.8*sigma, sigma=known_sigma)",32.552694,0.8718539,355.242,ok,,Fast engineering baseline; not the original patchwise NLM runtime.
bsd68,test030,321,481,10,2112165832,NLM_IPOL_Like,skimage.denoise_nl_means(fast_mode=False) with IPOL grayscale parameter schedule,30.524035,0.79629654,2728.988,ok,,Closer to IPOL patchwise parameters; can be very slow.
bsd68,test030,321,481,10,2112165832,BM3D_TAU,"bm3d.bm3d(noisy_float01, sigma_psd=sigma/255)",34.212739,0.91847378,1363.433,ok,,Reference classical upper baseline for AWGN.
bsd68,test030,321,481,15,674700163,Noisy,"clean + AWGN, clipped to [0,1]",24.616579,0.54269128,0.0,ok,,same noisy image reused for all methods
bsd68,test030,321,481,15,674700163,Gaussian_SciPy,"scipy.ndimage.gaussian_filter(sigma_filter=1.5, reflect)",28.109633,0.79815255,3.069,ok,,Optimized replacement for Python-loop Gaussian filter.
bsd68,test030,321,481,15,674700163,Median_SciPy,"scipy.ndimage.median_filter(size=3, reflect)",28.977874,0.77412589,15.871,ok,,Optimized replacement for Python-loop median filter.
bsd68,test030,321,481,15,674700163,NLM_Skimage_Fast,"skimage.denoise_nl_means(fast_mode=True, h=0.8*sigma, sigma=known_sigma)",30.23534,0.80169861,363.488,ok,,Fast engineering baseline; not the original patchwise NLM runtime.
bsd68,test030,321,481,15,674700163,NLM_IPOL_Like,skimage.denoise_nl_means(fast_mode=False) with IPOL grayscale parameter schedule,27.593189,0.6700278,2775.211,ok,,Closer to IPOL patchwise parameters; can be very slow.
bsd68,test030,321,481,15,674700163,BM3D_TAU,"bm3d.bm3d(noisy_float01, sigma_psd=sigma/255)",32.09739,0.87442795,1386.856,ok,,Reference classical upper baseline for AWGN.
bsd68,test030,321,481,20,3381216083,Noisy,"clean + AWGN, clipped to [0,1]",22.125914,0.42529687,0.0,ok,,same noisy image reused for all methods
bsd68,test030,321,481,20,3381216083,Gaussian_SciPy,"scipy.ndimage.gaussian_filter(sigma_filter=1.5, reflect)",27.83716,0.77785904,2.807,ok,,Optimized replacement for Python-loop Gaussian filter.
bsd68,test030,321,481,20,3381216083,Median_SciPy,"scipy.ndimage.median_filter(size=3, reflect)",27.57472,0.69887525,16.784,ok,,Optimized replacement for Python-loop median filter.
bsd68,test030,321,481,20,3381216083,NLM_Skimage_Fast,"skimage.denoise_nl_means(fast_mode=True, h=0.8*sigma, sigma=known_sigma)",28.650479,0.7414809,361.134,ok,,Fast engineering baseline; not the original patchwise NLM runtime.
bsd68,test030,321,481,20,3381216083,NLM_IPOL_Like,skimage.denoise_nl_means(fast_mode=False) with IPOL grayscale parameter schedule,27.598385,0.67851742,4381.266,ok,,Closer to IPOL patchwise parameters; can be very slow.
bsd68,test030,321,481,20,3381216083,BM3D_TAU,"bm3d.bm3d(noisy_float01, sigma_psd=sigma/255)",30.572418,0.83168612,1426.971,ok,,Reference classical upper baseline for AWGN.
bsd68,test030,321,481,25,3901794775,Noisy,"clean + AWGN, clipped to [0,1]",20.230765,0.34129526,0.0,ok,,same noisy image reused for all methods
bsd68,test030,321,481,25,3901794775,Gaussian_SciPy,"scipy.ndimage.gaussian_filter(sigma_filter=1.5, reflect)",27.506759,0.75230341,2.19,ok,,Optimized replacement for Python-loop Gaussian filter.
bsd68,test030,321,481,25,3901794775,Median_SciPy,"scipy.ndimage.median_filter(size=3, reflect)",26.304785,0.62702941,17.371,ok,,Optimized replacement for Python-loop median filter.
bsd68,test030,321,481,25,3901794775,NLM_Skimage_Fast,"skimage.denoise_nl_means(fast_mode=True, h=0.8*sigma, sigma=known_sigma)",27.602983,0.6955936,356.537,ok,,Fast engineering baseline; not the original patchwise NLM runtime.
bsd68,test030,321,481,25,3901794775,NLM_IPOL_Like,skimage.denoise_nl_means(fast_mode=False) with IPOL grayscale parameter schedule,26.350837,0.60836089,4438.822,ok,,Closer to IPOL patchwise parameters; can be very slow.
bsd68,test030,321,481,25,3901794775,BM3D_TAU,"bm3d.bm3d(noisy_float01, sigma_psd=sigma/255)",29.526658,0.79395287,1403.115,ok,,Reference classical upper baseline for AWGN.
bsd68,test030,321,481,30,781237324,Noisy,"clean + AWGN, clipped to [0,1]",18.646688,0.27796163,0.0,ok,,same noisy image reused for all methods
bsd68,test030,321,481,30,781237324,Gaussian_SciPy,"scipy.ndimage.gaussian_filter(sigma_filter=1.5, reflect)",27.138684,0.72757941,2.577,ok,,Optimized replacement for Python-loop Gaussian filter.
bsd68,test030,321,481,30,781237324,Median_SciPy,"scipy.ndimage.median_filter(size=3, reflect)",25.108203,0.5623128,17.658,ok,,Optimized replacement for Python-loop median filter.
bsd68,test030,321,481,30,781237324,NLM_Skimage_Fast,"skimage.denoise_nl_means(fast_mode=True, h=0.8*sigma, sigma=known_sigma)",26.73487,0.65672898,354.451,ok,,Fast engineering baseline; not the original patchwise NLM runtime.
bsd68,test030,321,481,30,781237324,NLM_IPOL_Like,skimage.denoise_nl_means(fast_mode=False) with IPOL grayscale parameter schedule,25.262483,0.54105462,4794.749,ok,,Closer to IPOL patchwise parameters; can be very slow.
bsd68,test030,321,481,30,781237324,BM3D_TAU,"bm3d.bm3d(noisy_float01, sigma_psd=sigma/255)",28.661456,0.76194941,1441.221,ok,,Reference classical upper baseline for AWGN.
bsd68,test030,321,481,35,1082280373,Noisy,"clean + AWGN, clipped to [0,1]",17.320469,0.23171528,0.0,ok,,same noisy image reused for all methods
bsd68,test030,321,481,35,1082280373,Gaussian_SciPy,"scipy.ndimage.gaussian_filter(sigma_filter=1.5, reflect)",26.733366,0.70078321,3.646,ok,,Optimized replacement for Python-loop Gaussian filter.
bsd68,test030,321,481,35,1082280373,Median_SciPy,"scipy.ndimage.median_filter(size=3, reflect)",24.043166,0.50129825,18.097,ok,,Optimized replacement for Python-loop median filter.
bsd68,test030,321,481,35,1082280373,NLM_Skimage_Fast,"skimage.denoise_nl_means(fast_mode=True, h=0.8*sigma, sigma=known_sigma)",26.023994,0.62344341,353.171,ok,,Fast engineering baseline; not the original patchwise NLM runtime.
bsd68,test030,321,481,35,1082280373,NLM_IPOL_Like,skimage.denoise_nl_means(fast_mode=False) with IPOL grayscale parameter schedule,25.511863,0.56475853,18723.72,ok,,Closer to IPOL patchwise parameters; can be very slow.
bsd68,test030,321,481,35,1082280373,BM3D_TAU,"bm3d.bm3d(noisy_float01, sigma_psd=sigma/255)",27.962767,0.73342002,1416.446,ok,,Reference classical upper baseline for AWGN.
bsd68,test030,321,481,40,922744637,Noisy,"clean + AWGN, clipped to [0,1]",16.216294,0.19625283,0.0,ok,,same noisy image reused for all methods
bsd68,test030,321,481,40,922744637,Gaussian_SciPy,"scipy.ndimage.gaussian_filter(sigma_filter=1.5, reflect)",26.36734,0.67458899,2.485,ok,,Optimized replacement for Python-loop Gaussian filter.
bsd68,test030,321,481,40,922744637,Median_SciPy,"scipy.ndimage.median_filter(size=3, reflect)",23.107574,0.44979142,15.78,ok,,Optimized replacement for Python-loop median filter.
bsd68,test030,321,481,40,922744637,NLM_Skimage_Fast,"skimage.denoise_nl_means(fast_mode=True, h=0.8*sigma, sigma=known_sigma)",25.491245,0.59390269,354.447,ok,,Fast engineering baseline; not the original patchwise NLM runtime.
bsd68,test030,321,481,40,922744637,NLM_IPOL_Like,skimage.denoise_nl_means(fast_mode=False) with IPOL grayscale parameter schedule,24.849668,0.51796593,19005.94,ok,,Closer to IPOL patchwise parameters; can be very slow.
bsd68,test030,321,481,40,922744637,BM3D_TAU,"bm3d.bm3d(noisy_float01, sigma_psd=sigma/255)",27.436627,0.70843721,1410.652,ok,,Reference classical upper baseline for AWGN.
bsd68,test030,321,481,50,2143077501,Noisy,"clean + AWGN, clipped to [0,1]",14.440693,0.14428528,0.0,ok,,same noisy image reused for all methods
bsd68,test030,321,481,50,2143077501,Gaussian_SciPy,"scipy.ndimage.gaussian_filter(sigma_filter=1.5, reflect)",25.490635,0.61734886,2.599,ok,,Optimized replacement for Python-loop Gaussian filter.
bsd68,test030,321,481,50,2143077501,Median_SciPy,"scipy.ndimage.median_filter(size=3, reflect)",21.406104,0.36692707,16.324,ok,,Optimized replacement for Python-loop median filter.
bsd68,test030,321,481,50,2143077501,NLM_Skimage_Fast,"skimage.denoise_nl_means(fast_mode=True, h=0.8*sigma, sigma=known_sigma)",24.530419,0.5449358,349.463,ok,,Fast engineering baseline; not the original patchwise NLM runtime.
bsd68,test030,321,481,50,2143077501,NLM_IPOL_Like,skimage.denoise_nl_means(fast_mode=False) with IPOL grayscale parameter schedule,24.625926,0.51736235,29868.79,ok,,Closer to IPOL patchwise parameters; can be very slow.
bsd68,test030,321,481,50,2143077501,BM3D_TAU,"bm3d.bm3d(noisy_float01, sigma_psd=sigma/255)",26.409237,0.65982939,1391.358,ok,,Reference classical upper baseline for AWGN.
bsd68,test030,321,481,75,3995127028,Noisy,"clean + AWGN, clipped to [0,1]",11.608952,0.08355143,0.0,ok,,same noisy image reused for all methods
bsd68,test030,321,481,75,3995127028,Gaussian_SciPy,"scipy.ndimage.gaussian_filter(sigma_filter=1.5, reflect)",23.524,0.49739818,3.969,ok,,Optimized replacement for Python-loop Gaussian filter.
bsd68,test030,321,481,75,3995127028,Median_SciPy,"scipy.ndimage.median_filter(size=3, reflect)",18.226297,0.23462509,16.427,ok,,Optimized replacement for Python-loop median filter.
bsd68,test030,321,481,75,3995127028,NLM_Skimage_Fast,"skimage.denoise_nl_means(fast_mode=True, h=0.8*sigma, sigma=known_sigma)",22.889032,0.47363083,352.841,ok,,Fast engineering baseline; not the original patchwise NLM runtime.
bsd68,test030,321,481,75,3995127028,NLM_IPOL_Like,skimage.denoise_nl_means(fast_mode=False) with IPOL grayscale parameter schedule,22.943038,0.47544553,31819.164,ok,,Closer to IPOL patchwise parameters; can be very slow.
bsd68,test030,321,481,75,3995127028,BM3D_TAU,"bm3d.bm3d(noisy_float01, sigma_psd=sigma/255)",24.708559,0.58015825,1434.253,ok,,Reference classical upper baseline for AWGN.
bsd68,test031,481,321,5,1341007288,Noisy,"clean + AWGN, clipped to [0,1]",34.160047,0.97865455,0.0,ok,,same noisy image reused for all methods
bsd68,test031,481,321,5,1341007288,Gaussian_SciPy,"scipy.ndimage.gaussian_filter(sigma_filter=1.5, reflect)",20.066649,0.47175556,1.903,ok,,Optimized replacement for Python-loop Gaussian filter.
bsd68,test031,481,321,5,1341007288,Median_SciPy,"scipy.ndimage.median_filter(size=3, reflect)",21.991269,0.69614383,16.686,ok,,Optimized replacement for Python-loop median filter.
bsd68,test031,481,321,5,1341007288,NLM_Skimage_Fast,"skimage.denoise_nl_means(fast_mode=True, h=0.8*sigma, sigma=known_sigma)",34.341692,0.98002178,224.144,ok,,Fast engineering baseline; not the original patchwise NLM runtime.
bsd68,test031,481,321,5,1341007288,NLM_IPOL_Like,skimage.denoise_nl_means(fast_mode=False) with IPOL grayscale parameter schedule,,,2030.954,ok,,Closer to IPOL patchwise parameters; can be very slow.
bsd68,test031,481,321,5,1341007288,BM3D_TAU,"bm3d.bm3d(noisy_float01, sigma_psd=sigma/255)",34.664878,0.98204943,1268.981,ok,,Reference classical upper baseline for AWGN.
bsd68,test031,481,321,10,1955824467,Noisy,"clean + AWGN, clipped to [0,1]",28.144022,0.92476154,0.0,ok,,same noisy image reused for all methods
bsd68,test031,481,321,10,1955824467,Gaussian_SciPy,"scipy.ndimage.gaussian_filter(sigma_filter=1.5, reflect)",20.046375,0.46954241,3.421,ok,,Optimized replacement for Python-loop Gaussian filter.
bsd68,test031,481,321,10,1955824467,Median_SciPy,"scipy.ndimage.median_filter(size=3, reflect)",21.797526,0.68025597,15.202,ok,,Optimized replacement for Python-loop median filter.
bsd68,test031,481,321,10,1955824467,NLM_Skimage_Fast,"skimage.denoise_nl_means(fast_mode=True, h=0.8*sigma, sigma=known_sigma)",28.858392,0.92476688,269.607,ok,,Fast engineering baseline; not the original patchwise NLM runtime.
bsd68,test031,481,321,10,1955824467,NLM_IPOL_Like,skimage.denoise_nl_means(fast_mode=False) with IPOL grayscale parameter schedule,28.691338,0.93453631,2413.212,ok,,Closer to IPOL patchwise parameters; can be very slow.
bsd68,test031,481,321,10,1955824467,BM3D_TAU,"bm3d.bm3d(noisy_float01, sigma_psd=sigma/255)",29.571943,0.94418914,1296.569,ok,,Reference classical upper baseline for AWGN.
bsd68,test031,481,321,15,4104571793,Noisy,"clean + AWGN, clipped to [0,1]",24.654318,0.85539117,0.0,ok,,same noisy image reused for all methods
bsd68,test031,481,321,15,4104571793,Gaussian_SciPy,"scipy.ndimage.gaussian_filter(sigma_filter=1.5, reflect)",20.015413,0.46750336,2.622,ok,,Optimized replacement for Python-loop Gaussian filter.
bsd68,test031,481,321,15,4104571793,Median_SciPy,"scipy.ndimage.median_filter(size=3, reflect)",21.516464,0.65909192,17.415,ok,,Optimized replacement for Python-loop median filter.
bsd68,test031,481,321,15,4104571793,NLM_Skimage_Fast,"skimage.denoise_nl_means(fast_mode=True, h=0.8*sigma, sigma=known_sigma)",26.00246,0.85278277,322.987,ok,,Fast engineering baseline; not the original patchwise NLM runtime.
bsd68,test031,481,321,15,4104571793,NLM_IPOL_Like,skimage.denoise_nl_means(fast_mode=False) with IPOL grayscale parameter schedule,25.76468,0.88022628,2623.707,ok,,Closer to IPOL patchwise parameters; can be very slow.
bsd68,test031,481,321,15,4104571793,BM3D_TAU,"bm3d.bm3d(noisy_float01, sigma_psd=sigma/255)",26.99938,0.89704633,1366.56,ok,,Reference classical upper baseline for AWGN.
bsd68,test031,481,321,20,2403473768,Noisy,"clean + AWGN, clipped to [0,1]",22.173096,0.77992452,0.0,ok,,same noisy image reused for all methods
bsd68,test031,481,321,20,2403473768,Gaussian_SciPy,"scipy.ndimage.gaussian_filter(sigma_filter=1.5, reflect)",19.970769,0.46304407,2.339,ok,,Optimized replacement for Python-loop Gaussian filter.
bsd68,test031,481,321,20,2403473768,Median_SciPy,"scipy.ndimage.median_filter(size=3, reflect)",21.158726,0.63274584,15.051,ok,,Optimized replacement for Python-loop median filter.
bsd68,test031,481,321,20,2403473768,NLM_Skimage_Fast,"skimage.denoise_nl_means(fast_mode=True, h=0.8*sigma, sigma=known_sigma)",23.932241,0.7636138,369.554,ok,,Fast engineering baseline; not the original patchwise NLM runtime.
bsd68,test031,481,321,20,2403473768,NLM_IPOL_Like,skimage.denoise_nl_means(fast_mode=False) with IPOL grayscale parameter schedule,23.760666,0.83140635,3594.777,ok,,Closer to IPOL patchwise parameters; can be very slow.
bsd68,test031,481,321,20,2403473768,BM3D_TAU,"bm3d.bm3d(noisy_float01, sigma_psd=sigma/255)",25.276644,0.84221486,1373.656,ok,,Reference classical upper baseline for AWGN.
bsd68,test031,481,321,25,910949798,Noisy,"clean + AWGN, clipped to [0,1]",20.27488,0.70662737,0.0,ok,,same noisy image reused for all methods
bsd68,test031,481,321,25,910949798,Gaussian_SciPy,"scipy.ndimage.gaussian_filter(sigma_filter=1.5, reflect)",19.908624,0.45863433,2.877,ok,,Optimized replacement for Python-loop Gaussian filter.
bsd68,test031,481,321,25,910949798,Median_SciPy,"scipy.ndimage.median_filter(size=3, reflect)",20.777046,0.6063617,17.81,ok,,Optimized replacement for Python-loop median filter.
bsd68,test031,481,321,25,910949798,NLM_Skimage_Fast,"skimage.denoise_nl_means(fast_mode=True, h=0.8*sigma, sigma=known_sigma)",22.495923,0.68080569,384.2,ok,,Fast engineering baseline; not the original patchwise NLM runtime.
bsd68,test031,481,321,25,910949798,NLM_IPOL_Like,skimage.denoise_nl_means(fast_mode=False) with IPOL grayscale parameter schedule,22.713202,0.78577906,3828.887,ok,,Closer to IPOL patchwise parameters; can be very slow.
bsd68,test031,481,321,25,910949798,BM3D_TAU,"bm3d.bm3d(noisy_float01, sigma_psd=sigma/255)",24.012419,0.78964505,1377.521,ok,,Reference classical upper baseline for AWGN.
bsd68,test031,481,321,30,1559589558,Noisy,"clean + AWGN, clipped to [0,1]",18.758098,0.63822727,0.0,ok,,same noisy image reused for all methods
bsd68,test031,481,321,30,1559589558,Gaussian_SciPy,"scipy.ndimage.gaussian_filter(sigma_filter=1.5, reflect)",19.841754,0.45320386,2.614,ok,,Optimized replacement for Python-loop Gaussian filter.
bsd68,test031,481,321,30,1559589558,Median_SciPy,"scipy.ndimage.median_filter(size=3, reflect)",20.386873,0.58111029,17.322,ok,,Optimized replacement for Python-loop median filter.
bsd68,test031,481,321,30,1559589558,NLM_Skimage_Fast,"skimage.denoise_nl_means(fast_mode=True, h=0.8*sigma, sigma=known_sigma)",21.473438,0.60397154,380.342,ok,,Fast engineering baseline; not the original patchwise NLM runtime.
bsd68,test031,481,321,30,1559589558,NLM_IPOL_Like,skimage.denoise_nl_means(fast_mode=False) with IPOL grayscale parameter schedule,21.944394,0.74186274,4063.707,ok,,Closer to IPOL patchwise parameters; can be very slow.
bsd68,test031,481,321,30,1559589558,BM3D_TAU,"bm3d.bm3d(noisy_float01, sigma_psd=sigma/255)",22.97346,0.7311974,1386.98,ok,,Reference classical upper baseline for AWGN.
bsd68,test031,481,321,35,4241227873,Noisy,"clean + AWGN, clipped to [0,1]",17.506567,0.57666404,0.0,ok,,same noisy image reused for all methods
bsd68,test031,481,321,35,4241227873,Gaussian_SciPy,"scipy.ndimage.gaussian_filter(sigma_filter=1.5, reflect)",19.748684,0.44640044,3.757,ok,,Optimized replacement for Python-loop Gaussian filter.
bsd68,test031,481,321,35,4241227873,Median_SciPy,"scipy.ndimage.median_filter(size=3, reflect)",19.967671,0.55501711,17.988,ok,,Optimized replacement for Python-loop median filter.
bsd68,test031,481,321,35,4241227873,NLM_Skimage_Fast,"skimage.denoise_nl_means(fast_mode=True, h=0.8*sigma, sigma=known_sigma)",20.654718,0.53091114,364.168,ok,,Fast engineering baseline; not the original patchwise NLM runtime.
bsd68,test031,481,321,35,4241227873,NLM_IPOL_Like,skimage.denoise_nl_means(fast_mode=False) with IPOL grayscale parameter schedule,21.43294,0.70273491,15529.673,ok,,Closer to IPOL patchwise parameters; can be very slow.
bsd68,test031,481,321,35,4241227873,BM3D_TAU,"bm3d.bm3d(noisy_float01, sigma_psd=sigma/255)",22.116051,0.67224627,1388.811,ok,,Reference classical upper baseline for AWGN.
bsd68,test031,481,321,40,179097746,Noisy,"clean + AWGN, clipped to [0,1]",16.432324,0.52123016,0.0,ok,,same noisy image reused for all methods
bsd68,test031,481,321,40,179097746,Gaussian_SciPy,"scipy.ndimage.gaussian_filter(sigma_filter=1.5, reflect)",19.659713,0.4376679,2.846,ok,,Optimized replacement for Python-loop Gaussian filter.
bsd68,test031,481,321,40,179097746,Median_SciPy,"scipy.ndimage.median_filter(size=3, reflect)",19.551925,0.52762854,15.875,ok,,Optimized replacement for Python-loop median filter.
bsd68,test031,481,321,40,179097746,NLM_Skimage_Fast,"skimage.denoise_nl_means(fast_mode=True, h=0.8*sigma, sigma=known_sigma)",20.075447,0.47065745,352.907,ok,,Fast engineering baseline; not the original patchwise NLM runtime.
bsd68,test031,481,321,40,179097746,NLM_IPOL_Like,skimage.denoise_nl_means(fast_mode=False) with IPOL grayscale parameter schedule,21.027999,0.66134842,16578.52,ok,,Closer to IPOL patchwise parameters; can be very slow.
bsd68,test031,481,321,40,179097746,BM3D_TAU,"bm3d.bm3d(noisy_float01, sigma_psd=sigma/255)",21.433673,0.61429841,1389.946,ok,,Reference classical upper baseline for AWGN.
bsd68,test031,481,321,50,2401387935,Noisy,"clean + AWGN, clipped to [0,1]",14.65622,0.42583973,0.0,ok,,same noisy image reused for all methods
bsd68,test031,481,321,50,2401387935,Gaussian_SciPy,"scipy.ndimage.gaussian_filter(sigma_filter=1.5, reflect)",19.432937,0.41850019,3.131,ok,,Optimized replacement for Python-loop Gaussian filter.
bsd68,test031,481,321,50,2401387935,Median_SciPy,"scipy.ndimage.median_filter(size=3, reflect)",18.709472,0.4777033,16.431,ok,,Optimized replacement for Python-loop median filter.
bsd68,test031,481,321,50,2401387935,NLM_Skimage_Fast,"skimage.denoise_nl_means(fast_mode=True, h=0.8*sigma, sigma=known_sigma)",19.143753,0.36396783,351.237,ok,,Fast engineering baseline; not the original patchwise NLM runtime.
bsd68,test031,481,321,50,2401387935,NLM_IPOL_Like,skimage.denoise_nl_means(fast_mode=False) with IPOL grayscale parameter schedule,20.26857,0.56141221,27060.567,ok,,Closer to IPOL patchwise parameters; can be very slow.
bsd68,test031,481,321,50,2401387935,BM3D_TAU,"bm3d.bm3d(noisy_float01, sigma_psd=sigma/255)",20.419005,0.512045,1403.162,ok,,Reference classical upper baseline for AWGN.
bsd68,test031,481,321,75,4170884714,Noisy,"clean + AWGN, clipped to [0,1]",11.811122,0.27488088,0.0,ok,,same noisy image reused for all methods
bsd68,test031,481,321,75,4170884714,Gaussian_SciPy,"scipy.ndimage.gaussian_filter(sigma_filter=1.5, reflect)",18.766136,0.37125067,1.917,ok,,Optimized replacement for Python-loop Gaussian filter.
bsd68,test031,481,321,75,4170884714,Median_SciPy,"scipy.ndimage.median_filter(size=3, reflect)",16.710723,0.37255942,17.439,ok,,Optimized replacement for Python-loop median filter.
bsd68,test031,481,321,75,4170884714,NLM_Skimage_Fast,"skimage.denoise_nl_means(fast_mode=True, h=0.8*sigma, sigma=known_sigma)",17.838575,0.19109285,341.62,ok,,Fast engineering baseline; not the original patchwise NLM runtime.
bsd68,test031,481,321,75,4170884714,NLM_IPOL_Like,skimage.denoise_nl_means(fast_mode=False) with IPOL grayscale parameter schedule,18.146931,0.28121469,31809.922,ok,,Closer to IPOL patchwise parameters; can be very slow.
bsd68,test031,481,321,75,4170884714,BM3D_TAU,"bm3d.bm3d(noisy_float01, sigma_psd=sigma/255)",18.812685,0.31583427,1424.015,ok,,Reference classical upper baseline for AWGN.
bsd68,test032,321,481,5,27095868,Noisy,"clean + AWGN, clipped to [0,1]",34.147105,0.96441338,0.0,ok,,same noisy image reused for all methods
bsd68,test032,321,481,5,27095868,Gaussian_SciPy,"scipy.ndimage.gaussian_filter(sigma_filter=1.5, reflect)",23.97829,0.69591473,2.437,ok,,Optimized replacement for Python-loop Gaussian filter.
bsd68,test032,321,481,5,27095868,Median_SciPy,"scipy.ndimage.median_filter(size=3, reflect)",27.430363,0.86554005,15.376,ok,,Optimized replacement for Python-loop median filter.
bsd68,test032,321,481,5,27095868,NLM_Skimage_Fast,"skimage.denoise_nl_means(fast_mode=True, h=0.8*sigma, sigma=known_sigma)",34.922646,0.97187805,237.347,ok,,Fast engineering baseline; not the original patchwise NLM runtime.
bsd68,test032,321,481,5,27095868,NLM_IPOL_Like,skimage.denoise_nl_means(fast_mode=False) with IPOL grayscale parameter schedule,34.582624,0.96944493,2156.735,ok,,Closer to IPOL patchwise parameters; can be very slow.
bsd68,test032,321,481,5,27095868,BM3D_TAU,"bm3d.bm3d(noisy_float01, sigma_psd=sigma/255)",35.816111,0.97838843,1503.711,ok,,Reference classical upper baseline for AWGN.
bsd68,test032,321,481,10,1144291123,Noisy,"clean + AWGN, clipped to [0,1]",28.141241,0.88107643,0.0,ok,,same noisy image reused for all methods
bsd68,test032,321,481,10,1144291123,Gaussian_SciPy,"scipy.ndimage.gaussian_filter(sigma_filter=1.5, reflect)",23.92781,0.69296694,1.901,ok,,Optimized replacement for Python-loop Gaussian filter.
bsd68,test032,321,481,10,1144291123,Median_SciPy,"scipy.ndimage.median_filter(size=3, reflect)",26.787241,0.84149116,16.792,ok,,Optimized replacement for Python-loop median filter.
bsd68,test032,321,481,10,1144291123,NLM_Skimage_Fast,"skimage.denoise_nl_means(fast_mode=True, h=0.8*sigma, sigma=known_sigma)",30.165427,0.91461358,318.067,ok,,Fast engineering baseline; not the original patchwise NLM runtime.
bsd68,test032,321,481,10,1144291123,NLM_IPOL_Like,skimage.denoise_nl_means(fast_mode=False) with IPOL grayscale parameter schedule,29.383803,0.90818603,2639.407,ok,,Closer to IPOL patchwise parameters; can be very slow.
bsd68,test032,321,481,10,1144291123,BM3D_TAU,"bm3d.bm3d(noisy_float01, sigma_psd=sigma/255)",31.383677,0.94254294,1414.418,ok,,Reference classical upper baseline for AWGN.
bsd68,test032,321,481,15,969280790,Noisy,"clean + AWGN, clipped to [0,1]",24.607425,0.7814125,0.0,ok,,same noisy image reused for all methods
bsd68,test032,321,481,15,969280790,Gaussian_SciPy,"scipy.ndimage.gaussian_filter(sigma_filter=1.5, reflect)",23.866214,0.68857406,2.406,ok,,Optimized replacement for Python-loop Gaussian filter.
bsd68,test032,321,481,15,969280790,Median_SciPy,"scipy.ndimage.median_filter(size=3, reflect)",26.0041,0.80969336,15.046,ok,,Optimized replacement for Python-loop median filter.
bsd68,test032,321,481,15,969280790,NLM_Skimage_Fast,"skimage.denoise_nl_means(fast_mode=True, h=0.8*sigma, sigma=known_sigma)",27.546755,0.84452095,350.435,ok,,Fast engineering baseline; not the original patchwise NLM runtime.
bsd68,test032,321,481,15,969280790,NLM_IPOL_Like,skimage.denoise_nl_means(fast_mode=False) with IPOL grayscale parameter schedule,26.435089,0.83433336,2657.251,ok,,Closer to IPOL patchwise parameters; can be very slow.
bsd68,test032,321,481,15,969280790,BM3D_TAU,"bm3d.bm3d(noisy_float01, sigma_psd=sigma/255)",29.045718,0.90140482,1334.046,ok,,Reference classical upper baseline for AWGN.
bsd68,test032,321,481,20,104130195,Noisy,"clean + AWGN, clipped to [0,1]",22.133165,0.6845499,0.0,ok,,same noisy image reused for all methods
bsd68,test032,321,481,20,104130195,Gaussian_SciPy,"scipy.ndimage.gaussian_filter(sigma_filter=1.5, reflect)",23.752859,0.68105358,2.716,ok,,Optimized replacement for Python-loop Gaussian filter.
bsd68,test032,321,481,20,104130195,Median_SciPy,"scipy.ndimage.median_filter(size=3, reflect)",25.16222,0.77210284,16.261,ok,,Optimized replacement for Python-loop median filter.
bsd68,test032,321,481,20,104130195,NLM_Skimage_Fast,"skimage.denoise_nl_means(fast_mode=True, h=0.8*sigma, sigma=known_sigma)",25.761544,0.77267891,375.819,ok,,Fast engineering baseline; not the original patchwise NLM runtime.
bsd68,test032,321,481,20,104130195,NLM_IPOL_Like,skimage.denoise_nl_means(fast_mode=False) with IPOL grayscale parameter schedule,25.305653,0.80275654,3791.731,ok,,Closer to IPOL patchwise parameters; can be very slow.
bsd68,test032,321,481,20,104130195,BM3D_TAU,"bm3d.bm3d(noisy_float01, sigma_psd=sigma/255)",27.439439,0.85533379,1357.701,ok,,Reference classical upper baseline for AWGN.
bsd68,test032,321,481,25,892317059,Noisy,"clean + AWGN, clipped to [0,1]",20.2431,0.59979441,0.0,ok,,same noisy image reused for all methods
bsd68,test032,321,481,25,892317059,Gaussian_SciPy,"scipy.ndimage.gaussian_filter(sigma_filter=1.5, reflect)",23.642035,0.67386612,1.997,ok,,Optimized replacement for Python-loop Gaussian filter.
bsd68,test032,321,481,25,892317059,Median_SciPy,"scipy.ndimage.median_filter(size=3, reflect)",24.361312,0.73603493,15.983,ok,,Optimized replacement for Python-loop median filter.
bsd68,test032,321,481,25,892317059,NLM_Skimage_Fast,"skimage.denoise_nl_means(fast_mode=True, h=0.8*sigma, sigma=known_sigma)",24.503098,0.71016123,370.517,ok,,Fast engineering baseline; not the original patchwise NLM runtime.
bsd68,test032,321,481,25,892317059,NLM_IPOL_Like,skimage.denoise_nl_means(fast_mode=False) with IPOL grayscale parameter schedule,24.27148,0.7534396,4029.016,ok,,Closer to IPOL patchwise parameters; can be very slow.
bsd68,test032,321,481,25,892317059,BM3D_TAU,"bm3d.bm3d(noisy_float01, sigma_psd=sigma/255)",26.273969,0.81218118,1356.901,ok,,Reference classical upper baseline for AWGN.
bsd68,test032,321,481,30,3044622658,Noisy,"clean + AWGN, clipped to [0,1]",18.697309,0.52449326,0.0,ok,,same noisy image reused for all methods
bsd68,test032,321,481,30,3044622658,Gaussian_SciPy,"scipy.ndimage.gaussian_filter(sigma_filter=1.5, reflect)",23.465961,0.66389791,2.905,ok,,Optimized replacement for Python-loop Gaussian filter.
bsd68,test032,321,481,30,3044622658,Median_SciPy,"scipy.ndimage.median_filter(size=3, reflect)",23.515352,0.69800735,16.081,ok,,Optimized replacement for Python-loop median filter.
bsd68,test032,321,481,30,3044622658,NLM_Skimage_Fast,"skimage.denoise_nl_means(fast_mode=True, h=0.8*sigma, sigma=known_sigma)",23.551122,0.65468155,373.832,ok,,Fast engineering baseline; not the original patchwise NLM runtime.
bsd68,test032,321,481,30,3044622658,NLM_IPOL_Like,skimage.denoise_nl_means(fast_mode=False) with IPOL grayscale parameter schedule,23.353045,0.70391297,4189.39,ok,,Closer to IPOL patchwise parameters; can be very slow.
bsd68,test032,321,481,30,3044622658,BM3D_TAU,"bm3d.bm3d(noisy_float01, sigma_psd=sigma/255)",25.362597,0.77136027,1377.425,ok,,Reference classical upper baseline for AWGN.
bsd68,test032,321,481,35,939799424,Noisy,"clean + AWGN, clipped to [0,1]",17.370705,0.45800297,0.0,ok,,same noisy image reused for all methods
bsd68,test032,321,481,35,939799424,Gaussian_SciPy,"scipy.ndimage.gaussian_filter(sigma_filter=1.5, reflect)",23.291525,0.65220706,2.829,ok,,Optimized replacement for Python-loop Gaussian filter.
bsd68,test032,321,481,35,939799424,Median_SciPy,"scipy.ndimage.median_filter(size=3, reflect)",22.731829,0.65789909,15.827,ok,,Optimized replacement for Python-loop median filter.
bsd68,test032,321,481,35,939799424,NLM_Skimage_Fast,"skimage.denoise_nl_means(fast_mode=True, h=0.8*sigma, sigma=known_sigma)",22.795058,0.60258167,359.742,ok,,Fast engineering baseline; not the original patchwise NLM runtime.
bsd68,test032,321,481,35,939799424,NLM_IPOL_Like,skimage.denoise_nl_means(fast_mode=False) with IPOL grayscale parameter schedule,23.148749,0.68284687,16410.719,ok,,Closer to IPOL patchwise parameters; can be very slow.
bsd68,test032,321,481,35,939799424,BM3D_TAU,"bm3d.bm3d(noisy_float01, sigma_psd=sigma/255)",24.627445,0.73059158,1344.109,ok,,Reference classical upper baseline for AWGN.
bsd68,test032,321,481,40,2234976525,Noisy,"clean + AWGN, clipped to [0,1]",16.302575,0.40567874,0.0,ok,,same noisy image reused for all methods
bsd68,test032,321,481,40,2234976525,Gaussian_SciPy,"scipy.ndimage.gaussian_filter(sigma_filter=1.5, reflect)",23.083049,0.64058448,3.4,ok,,Optimized replacement for Python-loop Gaussian filter.
bsd68,test032,321,481,40,2234976525,Median_SciPy,"scipy.ndimage.median_filter(size=3, reflect)",22.008752,0.62242403,15.961,ok,,Optimized replacement for Python-loop median filter.
bsd68,test032,321,481,40,2234976525,NLM_Skimage_Fast,"skimage.denoise_nl_means(fast_mode=True, h=0.8*sigma, sigma=known_sigma)",22.106407,0.55130647,356.489,ok,,Fast engineering baseline; not the original patchwise NLM runtime.
bsd68,test032,321,481,40,2234976525,NLM_IPOL_Like,skimage.denoise_nl_means(fast_mode=False) with IPOL grayscale parameter schedule,22.64336,0.6460517,17137.199,ok,,Closer to IPOL patchwise parameters; can be very slow.
bsd68,test032,321,481,40,2234976525,BM3D_TAU,"bm3d.bm3d(noisy_float01, sigma_psd=sigma/255)",24.032247,0.69412706,1856.768,ok,,Reference classical upper baseline for AWGN.
bsd68,test032,321,481,50,398220183,Noisy,"clean + AWGN, clipped to [0,1]",14.53123,0.31772304,0.0,ok,,same noisy image reused for all methods
bsd68,test032,321,481,50,398220183,Gaussian_SciPy,"scipy.ndimage.gaussian_filter(sigma_filter=1.5, reflect)",22.606372,0.60910177,2.75,ok,,Optimized replacement for Python-loop Gaussian filter.
bsd68,test032,321,481,50,398220183,Median_SciPy,"scipy.ndimage.median_filter(size=3, reflect)",20.606916,0.54784612,17.687,ok,,Optimized replacement for Python-loop median filter.
bsd68,test032,321,481,50,398220183,NLM_Skimage_Fast,"skimage.denoise_nl_means(fast_mode=True, h=0.8*sigma, sigma=known_sigma)",20.96288,0.45166228,356.252,ok,,Fast engineering baseline; not the original patchwise NLM runtime.
bsd68,test032,321,481,50,398220183,NLM_IPOL_Like,skimage.denoise_nl_means(fast_mode=False) with IPOL grayscale parameter schedule,21.953865,0.57531441,27547.419,ok,,Closer to IPOL patchwise parameters; can be very slow.
bsd68,test032,321,481,50,398220183,BM3D_TAU,"bm3d.bm3d(noisy_float01, sigma_psd=sigma/255)",23.02828,0.62137671,1455.918,ok,,Reference classical upper baseline for AWGN.
bsd68,test032,321,481,75,80387163,Noisy,"clean + AWGN, clipped to [0,1]",11.688965,0.19575398,0.0,ok,,same noisy image reused for all methods
bsd68,test032,321,481,75,80387163,Gaussian_SciPy,"scipy.ndimage.gaussian_filter(sigma_filter=1.5, reflect)",21.346265,0.53503921,1.828,ok,,Optimized replacement for Python-loop Gaussian filter.
bsd68,test032,321,481,75,80387163,Median_SciPy,"scipy.ndimage.median_filter(size=3, reflect)",17.800382,0.4103656,15.948,ok,,Optimized replacement for Python-loop median filter.
bsd68,test032,321,481,75,80387163,NLM_Skimage_Fast,"skimage.denoise_nl_means(fast_mode=True, h=0.8*sigma, sigma=known_sigma)",19.184853,0.27289969,349.286,ok,,Fast engineering baseline; not the original patchwise NLM runtime.
bsd68,test032,321,481,75,80387163,NLM_IPOL_Like,skimage.denoise_nl_means(fast_mode=False) with IPOL grayscale parameter schedule,19.557215,0.36170404,31756.402,ok,,Closer to IPOL patchwise parameters; can be very slow.
bsd68,test032,321,481,75,80387163,BM3D_TAU,"bm3d.bm3d(noisy_float01, sigma_psd=sigma/255)",21.224866,0.4772384,1375.609,ok,,Reference classical upper baseline for AWGN.
bsd68,test033,321,481,5,1474235040,Noisy,"clean + AWGN, clipped to [0,1]",34.150829,0.86423868,0.0,ok,,same noisy image reused for all methods
bsd68,test033,321,481,5,1474235040,Gaussian_SciPy,"scipy.ndimage.gaussian_filter(sigma_filter=1.5, reflect)",23.04886,0.75567206,2.3,ok,,Optimized replacement for Python-loop Gaussian filter.
bsd68,test033,321,481,5,1474235040,Median_SciPy,"scipy.ndimage.median_filter(size=3, reflect)",25.26595,0.83802285,16.211,ok,,Optimized replacement for Python-loop median filter.
bsd68,test033,321,481,5,1474235040,NLM_Skimage_Fast,"skimage.denoise_nl_means(fast_mode=True, h=0.8*sigma, sigma=known_sigma)",36.993094,0.97695424,284.479,ok,,Fast engineering baseline; not the original patchwise NLM runtime.
bsd68,test033,321,481,5,1474235040,NLM_IPOL_Like,skimage.denoise_nl_means(fast_mode=False) with IPOL grayscale parameter schedule,,,2390.456,ok,,Closer to IPOL patchwise parameters; can be very slow.
bsd68,test033,321,481,5,1474235040,BM3D_TAU,"bm3d.bm3d(noisy_float01, sigma_psd=sigma/255)",37.471076,0.97935452,1394.363,ok,,Reference classical upper baseline for AWGN.
bsd68,test033,321,481,10,1833657102,Noisy,"clean + AWGN, clipped to [0,1]",28.191902,0.69033043,0.0,ok,,same noisy image reused for all methods
bsd68,test033,321,481,10,1833657102,Gaussian_SciPy,"scipy.ndimage.gaussian_filter(sigma_filter=1.5, reflect)",23.004877,0.74260284,3.219,ok,,Optimized replacement for Python-loop Gaussian filter.
bsd68,test033,321,481,10,1833657102,Median_SciPy,"scipy.ndimage.median_filter(size=3, reflect)",24.928297,0.77159922,15.184,ok,,Optimized replacement for Python-loop median filter.
bsd68,test033,321,481,10,1833657102,NLM_Skimage_Fast,"skimage.denoise_nl_means(fast_mode=True, h=0.8*sigma, sigma=known_sigma)",32.085397,0.94675378,313.455,ok,,Fast engineering baseline; not the original patchwise NLM runtime.
bsd68,test033,321,481,10,1833657102,NLM_IPOL_Like,skimage.denoise_nl_means(fast_mode=False) with IPOL grayscale parameter schedule,30.577081,0.82422375,2554.777,ok,,Closer to IPOL patchwise parameters; can be very slow.
bsd68,test033,321,481,10,1833657102,BM3D_TAU,"bm3d.bm3d(noisy_float01, sigma_psd=sigma/255)",32.802082,0.9578586,1415.678,ok,,Reference classical upper baseline for AWGN.
bsd68,test033,321,481,15,671748097,Noisy,"clean + AWGN, clipped to [0,1]",24.714513,0.57581143,0.0,ok,,same noisy image reused for all methods
bsd68,test033,321,481,15,671748097,Gaussian_SciPy,"scipy.ndimage.gaussian_filter(sigma_filter=1.5, reflect)",22.931277,0.72447304,2.849,ok,,Optimized replacement for Python-loop Gaussian filter.
bsd68,test033,321,481,15,671748097,Median_SciPy,"scipy.ndimage.median_filter(size=3, reflect)",24.419914,0.69525612,15.438,ok,,Optimized replacement for Python-loop median filter.
bsd68,test033,321,481,15,671748097,NLM_Skimage_Fast,"skimage.denoise_nl_means(fast_mode=True, h=0.8*sigma, sigma=known_sigma)",29.158848,0.90723064,328.594,ok,,Fast engineering baseline; not the original patchwise NLM runtime.
bsd68,test033,321,481,15,671748097,NLM_IPOL_Like,skimage.denoise_nl_means(fast_mode=False) with IPOL grayscale parameter schedule,27.521409,0.71730371,2652.974,ok,,Closer to IPOL patchwise parameters; can be very slow.
bsd68,test033,321,481,15,671748097,BM3D_TAU,"bm3d.bm3d(noisy_float01, sigma_psd=sigma/255)",30.251035,0.93398579,1379.604,ok,,Reference classical upper baseline for AWGN.
bsd68,test033,321,481,20,593748060,Noisy,"clean + AWGN, clipped to [0,1]",22.263616,0.49728284,0.0,ok,,same noisy image reused for all methods
bsd68,test033,321,481,20,593748060,Gaussian_SciPy,"scipy.ndimage.gaussian_filter(sigma_filter=1.5, reflect)",22.82756,0.70000116,3.652,ok,,Optimized replacement for Python-loop Gaussian filter.
bsd68,test033,321,481,20,593748060,Median_SciPy,"scipy.ndimage.median_filter(size=3, reflect)",23.799387,0.62126624,16.47,ok,,Optimized replacement for Python-loop median filter.
bsd68,test033,321,481,20,593748060,NLM_Skimage_Fast,"skimage.denoise_nl_means(fast_mode=True, h=0.8*sigma, sigma=known_sigma)",27.27124,0.86526919,345.212,ok,,Fast engineering baseline; not the original patchwise NLM runtime.
bsd68,test033,321,481,20,593748060,NLM_IPOL_Like,skimage.denoise_nl_means(fast_mode=False) with IPOL grayscale parameter schedule,26.50867,0.74634819,3989.915,ok,,Closer to IPOL patchwise parameters; can be very slow.
bsd68,test033,321,481,20,593748060,BM3D_TAU,"bm3d.bm3d(noisy_float01, sigma_psd=sigma/255)",28.576173,0.90821988,1423.883,ok,,Reference classical upper baseline for AWGN.
bsd68,test033,321,481,25,3388422812,Noisy,"clean + AWGN, clipped to [0,1]",20.400902,0.43701416,0.0,ok,,same noisy image reused for all methods
bsd68,test033,321,481,25,3388422812,Gaussian_SciPy,"scipy.ndimage.gaussian_filter(sigma_filter=1.5, reflect)",22.714729,0.67314896,2.266,ok,,Optimized replacement for Python-loop Gaussian filter.
bsd68,test033,321,481,25,3388422812,Median_SciPy,"scipy.ndimage.median_filter(size=3, reflect)",23.205853,0.56113552,16.084,ok,,Optimized replacement for Python-loop median filter.
bsd68,test033,321,481,25,3388422812,NLM_Skimage_Fast,"skimage.denoise_nl_means(fast_mode=True, h=0.8*sigma, sigma=known_sigma)",25.819403,0.82227133,359.945,ok,,Fast engineering baseline; not the original patchwise NLM runtime.
bsd68,test033,321,481,25,3388422812,NLM_IPOL_Like,skimage.denoise_nl_means(fast_mode=False) with IPOL grayscale parameter schedule,25.329877,0.68559489,4148.407,ok,,Closer to IPOL patchwise parameters; can be very slow.
bsd68,test033,321,481,25,3388422812,BM3D_TAU,"bm3d.bm3d(noisy_float01, sigma_psd=sigma/255)",27.301919,0.88101832,1460.695,ok,,Reference classical upper baseline for AWGN.
bsd68,test033,321,481,30,954494290,Noisy,"clean + AWGN, clipped to [0,1]",18.899997,0.39014143,0.0,ok,,same noisy image reused for all methods
bsd68,test033,321,481,30,954494290,Gaussian_SciPy,"scipy.ndimage.gaussian_filter(sigma_filter=1.5, reflect)",22.547134,0.64438959,3.067,ok,,Optimized replacement for Python-loop Gaussian filter.
bsd68,test033,321,481,30,954494290,Median_SciPy,"scipy.ndimage.median_filter(size=3, reflect)",22.596402,0.51501212,16.352,ok,,Optimized replacement for Python-loop median filter.
bsd68,test033,321,481,30,954494290,NLM_Skimage_Fast,"skimage.denoise_nl_means(fast_mode=True, h=0.8*sigma, sigma=known_sigma)",24.638598,0.78107119,359.505,ok,,Fast engineering baseline; not the original patchwise NLM runtime.
bsd68,test033,321,481,30,954494290,NLM_IPOL_Like,skimage.denoise_nl_means(fast_mode=False) with IPOL grayscale parameter schedule,24.37986,0.63470509,4276.956,ok,,Closer to IPOL patchwise parameters; can be very slow.
bsd68,test033,321,481,30,954494290,BM3D_TAU,"bm3d.bm3d(noisy_float01, sigma_psd=sigma/255)",26.27379,0.8534748,1402.354,ok,,Reference classical upper baseline for AWGN.
bsd68,test033,321,481,35,694287368,Noisy,"clean + AWGN, clipped to [0,1]",17.6065,0.35027031,0.0,ok,,same noisy image reused for all methods
bsd68,test033,321,481,35,694287368,Gaussian_SciPy,"scipy.ndimage.gaussian_filter(sigma_filter=1.5, reflect)",22.362321,0.61804356,2.349,ok,,Optimized replacement for Python-loop Gaussian filter.
bsd68,test033,321,481,35,694287368,Median_SciPy,"scipy.ndimage.median_filter(size=3, reflect)",21.921665,0.47044109,16.559,ok,,Optimized replacement for Python-loop median filter.
bsd68,test033,321,481,35,694287368,NLM_Skimage_Fast,"skimage.denoise_nl_means(fast_mode=True, h=0.8*sigma, sigma=known_sigma)",23.653916,0.74200618,374.251,ok,,Fast engineering baseline; not the original patchwise NLM runtime.
bsd68,test033,321,481,35,694287368,NLM_IPOL_Like,skimage.denoise_nl_means(fast_mode=False) with IPOL grayscale parameter schedule,24.087319,0.66467455,17148.782,ok,,Closer to IPOL patchwise parameters; can be very slow.
bsd68,test033,321,481,35,694287368,BM3D_TAU,"bm3d.bm3d(noisy_float01, sigma_psd=sigma/255)",25.491253,0.83052777,1392.568,ok,,Reference classical upper baseline for AWGN.
bsd68,test033,321,481,40,1866465447,Noisy,"clean + AWGN, clipped to [0,1]",16.494606,0.3148309,0.0,ok,,same noisy image reused for all methods
bsd68,test033,321,481,40,1866465447,Gaussian_SciPy,"scipy.ndimage.gaussian_filter(sigma_filter=1.5, reflect)",22.176873,0.58957075,2.916,ok,,Optimized replacement for Python-loop Gaussian filter.
bsd68,test033,321,481,40,1866465447,Median_SciPy,"scipy.ndimage.median_filter(size=3, reflect)",21.316392,0.43460586,16.387,ok,,Optimized replacement for Python-loop median filter.
bsd68,test033,321,481,40,1866465447,NLM_Skimage_Fast,"skimage.denoise_nl_means(fast_mode=True, h=0.8*sigma, sigma=known_sigma)",22.799796,0.70028769,360.351,ok,,Fast engineering baseline; not the original patchwise NLM runtime.
bsd68,test033,321,481,40,1866465447,NLM_IPOL_Like,skimage.denoise_nl_means(fast_mode=False) with IPOL grayscale parameter schedule,23.557144,0.6168762,18084.634,ok,,Closer to IPOL patchwise parameters; can be very slow.
bsd68,test033,321,481,40,1866465447,BM3D_TAU,"bm3d.bm3d(noisy_float01, sigma_psd=sigma/255)",24.88468,0.80730134,1419.14,ok,,Reference classical upper baseline for AWGN.
bsd68,test033,321,481,50,1680983307,Noisy,"clean + AWGN, clipped to [0,1]",14.695807,0.25780635,0.0,ok,,same noisy image reused for all methods
bsd68,test033,321,481,50,1680983307,Gaussian_SciPy,"scipy.ndimage.gaussian_filter(sigma_filter=1.5, reflect)",21.700756,0.53644956,3.873,ok,,Optimized replacement for Python-loop Gaussian filter.
bsd68,test033,321,481,50,1680983307,Median_SciPy,"scipy.ndimage.median_filter(size=3, reflect)",20.124815,0.37543805,17.736,ok,,Optimized replacement for Python-loop median filter.
bsd68,test033,321,481,50,1680983307,NLM_Skimage_Fast,"skimage.denoise_nl_means(fast_mode=True, h=0.8*sigma, sigma=known_sigma)",21.303241,0.62082698,362.891,ok,,Fast engineering baseline; not the original patchwise NLM runtime.
bsd68,test033,321,481,50,1680983307,NLM_IPOL_Like,skimage.denoise_nl_means(fast_mode=False) with IPOL grayscale parameter schedule,22.761133,0.61228581,28050.191,ok,,Closer to IPOL patchwise parameters; can be very slow.
bsd68,test033,321,481,50,1680983307,BM3D_TAU,"bm3d.bm3d(noisy_float01, sigma_psd=sigma/255)",23.707851,0.76147236,1401.777,ok,,Reference classical upper baseline for AWGN.
bsd68,test033,321,481,75,344012080,Noisy,"clean + AWGN, clipped to [0,1]",11.821195,0.16879514,0.0,ok,,same noisy image reused for all methods
bsd68,test033,321,481,75,344012080,Gaussian_SciPy,"scipy.ndimage.gaussian_filter(sigma_filter=1.5, reflect)",20.493033,0.43787551,3.466,ok,,Optimized replacement for Python-loop Gaussian filter.
bsd68,test033,321,481,75,344012080,Median_SciPy,"scipy.ndimage.median_filter(size=3, reflect)",17.633293,0.27936581,16.351,ok,,Optimized replacement for Python-loop median filter.
bsd68,test033,321,481,75,344012080,NLM_Skimage_Fast,"skimage.denoise_nl_means(fast_mode=True, h=0.8*sigma, sigma=known_sigma)",19.038095,0.50112046,347.16,ok,,Fast engineering baseline; not the original patchwise NLM runtime.
bsd68,test033,321,481,75,344012080,NLM_IPOL_Like,skimage.denoise_nl_means(fast_mode=False) with IPOL grayscale parameter schedule,19.638331,0.52136942,31400.123,ok,,Closer to IPOL patchwise parameters; can be very slow.
bsd68,test033,321,481,75,344012080,BM3D_TAU,"bm3d.bm3d(noisy_float01, sigma_psd=sigma/255)",21.767729,0.67480096,1392.792,ok,,Reference classical upper baseline for AWGN.
bsd68,test034,481,321,5,1491654764,Noisy,"clean + AWGN, clipped to [0,1]",34.172472,0.8293296,0.0,ok,,same noisy image reused for all methods
bsd68,test034,481,321,5,1491654764,Gaussian_SciPy,"scipy.ndimage.gaussian_filter(sigma_filter=1.5, reflect)",30.83058,0.87259189,1.495,ok,,Optimized replacement for Python-loop Gaussian filter.
bsd68,test034,481,321,5,1491654764,Median_SciPy,"scipy.ndimage.median_filter(size=3, reflect)",35.674748,0.89781418,16.349,ok,,Optimized replacement for Python-loop median filter.
bsd68,test034,481,321,5,1491654764,NLM_Skimage_Fast,"skimage.denoise_nl_means(fast_mode=True, h=0.8*sigma, sigma=known_sigma)",38.286336,0.93518843,326.687,ok,,Fast engineering baseline; not the original patchwise NLM runtime.
bsd68,test034,481,321,5,1491654764,NLM_IPOL_Like,skimage.denoise_nl_means(fast_mode=False) with IPOL grayscale parameter schedule,36.51226,0.89988056,2616.06,ok,,Closer to IPOL patchwise parameters; can be very slow.
bsd68,test034,481,321,5,1491654764,BM3D_TAU,"bm3d.bm3d(noisy_float01, sigma_psd=sigma/255)",39.322535,0.94731221,1410.907,ok,,Reference classical upper baseline for AWGN.
bsd68,test034,481,321,10,1131438520,Noisy,"clean + AWGN, clipped to [0,1]",28.211983,0.58623096,0.0,ok,,same noisy image reused for all methods
bsd68,test034,481,321,10,1131438520,Gaussian_SciPy,"scipy.ndimage.gaussian_filter(sigma_filter=1.5, reflect)",30.604382,0.85765502,3.029,ok,,Optimized replacement for Python-loop Gaussian filter.
bsd68,test034,481,321,10,1131438520,Median_SciPy,"scipy.ndimage.median_filter(size=3, reflect)",33.088225,0.81513405,15.809,ok,,Optimized replacement for Python-loop median filter.
bsd68,test034,481,321,10,1131438520,NLM_Skimage_Fast,"skimage.denoise_nl_means(fast_mode=True, h=0.8*sigma, sigma=known_sigma)",35.301628,0.89461977,347.734,ok,,Fast engineering baseline; not the original patchwise NLM runtime.
bsd68,test034,481,321,10,1131438520,NLM_IPOL_Like,skimage.denoise_nl_means(fast_mode=False) with IPOL grayscale parameter schedule,31.573544,0.74864187,2727.86,ok,,Closer to IPOL patchwise parameters; can be very slow.
bsd68,test034,481,321,10,1131438520,BM3D_TAU,"bm3d.bm3d(noisy_float01, sigma_psd=sigma/255)",36.441253,0.91068405,1404.532,ok,,Reference classical upper baseline for AWGN.
bsd68,test034,481,321,15,3188840556,Noisy,"clean + AWGN, clipped to [0,1]",24.786517,0.42335137,0.0,ok,,same noisy image reused for all methods
bsd68,test034,481,321,15,3188840556,Gaussian_SciPy,"scipy.ndimage.gaussian_filter(sigma_filter=1.5, reflect)",30.237668,0.83532694,2.718,ok,,Optimized replacement for Python-loop Gaussian filter.
bsd68,test034,481,321,15,3188840556,Median_SciPy,"scipy.ndimage.median_filter(size=3, reflect)",30.730492,0.71644058,15.876,ok,,Optimized replacement for Python-loop median filter.
bsd68,test034,481,321,15,3188840556,NLM_Skimage_Fast,"skimage.denoise_nl_means(fast_mode=True, h=0.8*sigma, sigma=known_sigma)",33.411188,0.86525346,346.803,ok,,Fast engineering baseline; not the original patchwise NLM runtime.
bsd68,test034,481,321,15,3188840556,NLM_IPOL_Like,skimage.denoise_nl_means(fast_mode=False) with IPOL grayscale parameter schedule,28.689373,0.61694512,2763.991,ok,,Closer to IPOL patchwise parameters; can be very slow.
bsd68,test034,481,321,15,3188840556,BM3D_TAU,"bm3d.bm3d(noisy_float01, sigma_psd=sigma/255)",34.979144,0.89026368,1447.353,ok,,Reference classical upper baseline for AWGN.
bsd68,test034,481,321,20,1516915809,Noisy,"clean + AWGN, clipped to [0,1]",22.404618,0.32226322,0.0,ok,,same noisy image reused for all methods
bsd68,test034,481,321,20,1516915809,Gaussian_SciPy,"scipy.ndimage.gaussian_filter(sigma_filter=1.5, reflect)",29.780123,0.8094354,2.447,ok,,Optimized replacement for Python-loop Gaussian filter.
bsd68,test034,481,321,20,1516915809,Median_SciPy,"scipy.ndimage.median_filter(size=3, reflect)",28.835391,0.62308779,14.895,ok,,Optimized replacement for Python-loop median filter.
bsd68,test034,481,321,20,1516915809,NLM_Skimage_Fast,"skimage.denoise_nl_means(fast_mode=True, h=0.8*sigma, sigma=known_sigma)",32.027955,0.8424585,346.551,ok,,Fast engineering baseline; not the original patchwise NLM runtime.
bsd68,test034,481,321,20,1516915809,NLM_IPOL_Like,skimage.denoise_nl_means(fast_mode=False) with IPOL grayscale parameter schedule,29.611602,0.70084056,4408.617,ok,,Closer to IPOL patchwise parameters; can be very slow.
bsd68,test034,481,321,20,1516915809,BM3D_TAU,"bm3d.bm3d(noisy_float01, sigma_psd=sigma/255)",33.849321,0.87560519,1383.838,ok,,Reference classical upper baseline for AWGN.
bsd68,test034,481,321,25,2567030943,Noisy,"clean + AWGN, clipped to [0,1]",20.564637,0.25512885,0.0,ok,,same noisy image reused for all methods
bsd68,test034,481,321,25,2567030943,Gaussian_SciPy,"scipy.ndimage.gaussian_filter(sigma_filter=1.5, reflect)",29.192012,0.78005394,2.899,ok,,Optimized replacement for Python-loop Gaussian filter.
bsd68,test034,481,321,25,2567030943,Median_SciPy,"scipy.ndimage.median_filter(size=3, reflect)",27.213303,0.54253842,15.645,ok,,Optimized replacement for Python-loop median filter.
bsd68,test034,481,321,25,2567030943,NLM_Skimage_Fast,"skimage.denoise_nl_means(fast_mode=True, h=0.8*sigma, sigma=known_sigma)",30.984103,0.82508351,347.987,ok,,Fast engineering baseline; not the original patchwise NLM runtime.
bsd68,test034,481,321,25,2567030943,NLM_IPOL_Like,skimage.denoise_nl_means(fast_mode=False) with IPOL grayscale parameter schedule,28.28368,0.64917799,4574.868,ok,,Closer to IPOL patchwise parameters; can be very slow.
bsd68,test034,481,321,25,2567030943,BM3D_TAU,"bm3d.bm3d(noisy_float01, sigma_psd=sigma/255)",32.918898,0.86344391,1433.326,ok,,Reference classical upper baseline for AWGN.
bsd68,test034,481,321,30,1074425213,Noisy,"clean + AWGN, clipped to [0,1]",19.135614,0.21122199,0.0,ok,,same noisy image reused for all methods
bsd68,test034,481,321,30,1074425213,Gaussian_SciPy,"scipy.ndimage.gaussian_filter(sigma_filter=1.5, reflect)",28.606972,0.75068717,3.658,ok,,Optimized replacement for Python-loop Gaussian filter.
bsd68,test034,481,321,30,1074425213,Median_SciPy,"scipy.ndimage.median_filter(size=3, reflect)",25.872145,0.4740165,15.571,ok,,Optimized replacement for Python-loop median filter.
bsd68,test034,481,321,30,1074425213,NLM_Skimage_Fast,"skimage.denoise_nl_means(fast_mode=True, h=0.8*sigma, sigma=known_sigma)",29.921242,0.8083079,350.398,ok,,Fast engineering baseline; not the original patchwise NLM runtime.
bsd68,test034,481,321,30,1074425213,NLM_IPOL_Like,skimage.denoise_nl_means(fast_mode=False) with IPOL grayscale parameter schedule,27.338873,0.61506176,4535.532,ok,,Closer to IPOL patchwise parameters; can be very slow.
bsd68,test034,481,321,30,1074425213,BM3D_TAU,"bm3d.bm3d(noisy_float01, sigma_psd=sigma/255)",32.00392,0.85287129,1407.368,ok,,Reference classical upper baseline for AWGN.
bsd68,test034,481,321,35,1351819811,Noisy,"clean + AWGN, clipped to [0,1]",17.907872,0.17727997,0.0,ok,,same noisy image reused for all methods
bsd68,test034,481,321,35,1351819811,Gaussian_SciPy,"scipy.ndimage.gaussian_filter(sigma_filter=1.5, reflect)",27.880193,0.71959244,2.493,ok,,Optimized replacement for Python-loop Gaussian filter.
bsd68,test034,481,321,35,1351819811,Median_SciPy,"scipy.ndimage.median_filter(size=3, reflect)",24.71752,0.41922823,16.28,ok,,Optimized replacement for Python-loop median filter.
bsd68,test034,481,321,35,1351819811,NLM_Skimage_Fast,"skimage.denoise_nl_means(fast_mode=True, h=0.8*sigma, sigma=known_sigma)",28.95622,0.7936867,348.836,ok,,Fast engineering baseline; not the original patchwise NLM runtime.
bsd68,test034,481,321,35,1351819811,NLM_IPOL_Like,skimage.denoise_nl_means(fast_mode=False) with IPOL grayscale parameter schedule,27.788607,0.69335563,18874.781,ok,,Closer to IPOL patchwise parameters; can be very slow.
bsd68,test034,481,321,35,1351819811,BM3D_TAU,"bm3d.bm3d(noisy_float01, sigma_psd=sigma/255)",30.999833,0.8388467,1662.604,ok,,Reference classical upper baseline for AWGN.
bsd68,test034,481,321,40,3994013825,Noisy,"clean + AWGN, clipped to [0,1]",16.866888,0.15154834,0.0,ok,,same noisy image reused for all methods
bsd68,test034,481,321,40,3994013825,Gaussian_SciPy,"scipy.ndimage.gaussian_filter(sigma_filter=1.5, reflect)",27.204754,0.68618845,2.204,ok,,Optimized replacement for Python-loop Gaussian filter.
bsd68,test034,481,321,40,3994013825,Median_SciPy,"scipy.ndimage.median_filter(size=3, reflect)",23.643875,0.36917928,16.051,ok,,Optimized replacement for Python-loop median filter.
bsd68,test034,481,321,40,3994013825,NLM_Skimage_Fast,"skimage.denoise_nl_means(fast_mode=True, h=0.8*sigma, sigma=known_sigma)",28.096107,0.7813414,348.711,ok,,Fast engineering baseline; not the original patchwise NLM runtime.
bsd68,test034,481,321,40,3994013825,NLM_IPOL_Like,skimage.denoise_nl_means(fast_mode=False) with IPOL grayscale parameter schedule,27.011183,0.67654742,19303.699,ok,,Closer to IPOL patchwise parameters; can be very slow.
bsd68,test034,481,321,40,3994013825,BM3D_TAU,"bm3d.bm3d(noisy_float01, sigma_psd=sigma/255)",30.127842,0.82958204,1458.338,ok,,Reference classical upper baseline for AWGN.
bsd68,test034,481,321,50,2255331148,Noisy,"clean + AWGN, clipped to [0,1]",15.203645,0.11850464,0.0,ok,,same noisy image reused for all methods
bsd68,test034,481,321,50,2255331148,Gaussian_SciPy,"scipy.ndimage.gaussian_filter(sigma_filter=1.5, reflect)",25.826236,0.63416853,2.827,ok,,Optimized replacement for Python-loop Gaussian filter.
bsd68,test034,481,321,50,2255331148,Median_SciPy,"scipy.ndimage.median_filter(size=3, reflect)",21.947087,0.30125202,15.548,ok,,Optimized replacement for Python-loop median filter.
bsd68,test034,481,321,50,2255331148,NLM_Skimage_Fast,"skimage.denoise_nl_means(fast_mode=True, h=0.8*sigma, sigma=known_sigma)",26.273078,0.76040048,349.633,ok,,Fast engineering baseline; not the original patchwise NLM runtime.
bsd68,test034,481,321,50,2255331148,NLM_IPOL_Like,skimage.denoise_nl_means(fast_mode=False) with IPOL grayscale parameter schedule,26.319493,0.72794997,29491.03,ok,,Closer to IPOL patchwise parameters; can be very slow.
bsd68,test034,481,321,50,2255331148,BM3D_TAU,"bm3d.bm3d(noisy_float01, sigma_psd=sigma/255)",28.444662,0.81307767,1430.382,ok,,Reference classical upper baseline for AWGN.
bsd68,test034,481,321,75,1228370536,Noisy,"clean + AWGN, clipped to [0,1]",12.281811,0.07153796,0.0,ok,,same noisy image reused for all methods
bsd68,test034,481,321,75,1228370536,Gaussian_SciPy,"scipy.ndimage.gaussian_filter(sigma_filter=1.5, reflect)",22.563208,0.50457076,2.386,ok,,Optimized replacement for Python-loop Gaussian filter.
bsd68,test034,481,321,75,1228370536,Median_SciPy,"scipy.ndimage.median_filter(size=3, reflect)",18.77615,0.19538413,15.53,ok,,Optimized replacement for Python-loop median filter.
bsd68,test034,481,321,75,1228370536,NLM_Skimage_Fast,"skimage.denoise_nl_means(fast_mode=True, h=0.8*sigma, sigma=known_sigma)",22.217822,0.70212258,347.499,ok,,Fast engineering baseline; not the original patchwise NLM runtime.
bsd68,test034,481,321,75,1228370536,NLM_IPOL_Like,skimage.denoise_nl_means(fast_mode=False) with IPOL grayscale parameter schedule,22.678087,0.70676995,32212.026,ok,,Closer to IPOL patchwise parameters; can be very slow.
bsd68,test034,481,321,75,1228370536,BM3D_TAU,"bm3d.bm3d(noisy_float01, sigma_psd=sigma/255)",24.645032,0.76636267,1443.403,ok,,Reference classical upper baseline for AWGN.
bsd68,test035,321,481,5,393092007,Noisy,"clean + AWGN, clipped to [0,1]",34.184158,0.90156762,0.0,ok,,same noisy image reused for all methods
bsd68,test035,321,481,5,393092007,Gaussian_SciPy,"scipy.ndimage.gaussian_filter(sigma_filter=1.5, reflect)",25.321445,0.73896323,2.434,ok,,Optimized replacement for Python-loop Gaussian filter.
bsd68,test035,321,481,5,393092007,Median_SciPy,"scipy.ndimage.median_filter(size=3, reflect)",28.576953,0.8467013,15.839,ok,,Optimized replacement for Python-loop median filter.
bsd68,test035,321,481,5,393092007,NLM_Skimage_Fast,"skimage.denoise_nl_means(fast_mode=True, h=0.8*sigma, sigma=known_sigma)",35.924149,0.95695884,284.448,ok,,Fast engineering baseline; not the original patchwise NLM runtime.
bsd68,test035,321,481,5,393092007,NLM_IPOL_Like,skimage.denoise_nl_means(fast_mode=False) with IPOL grayscale parameter schedule,,,2386.591,ok,,Closer to IPOL patchwise parameters; can be very slow.
bsd68,test035,321,481,5,393092007,BM3D_TAU,"bm3d.bm3d(noisy_float01, sigma_psd=sigma/255)",36.669815,0.96612269,1331.457,ok,,Reference classical upper baseline for AWGN.
bsd68,test035,321,481,10,3173589805,Noisy,"clean + AWGN, clipped to [0,1]",28.150502,0.74126939,0.0,ok,,same noisy image reused for all methods
bsd68,test035,321,481,10,3173589805,Gaussian_SciPy,"scipy.ndimage.gaussian_filter(sigma_filter=1.5, reflect)",25.256296,0.73047434,3.541,ok,,Optimized replacement for Python-loop Gaussian filter.
bsd68,test035,321,481,10,3173589805,Median_SciPy,"scipy.ndimage.median_filter(size=3, reflect)",27.873437,0.79443647,16.631,ok,,Optimized replacement for Python-loop median filter.
bsd68,test035,321,481,10,3173589805,NLM_Skimage_Fast,"skimage.denoise_nl_means(fast_mode=True, h=0.8*sigma, sigma=known_sigma)",31.104509,0.88006212,337.378,ok,,Fast engineering baseline; not the original patchwise NLM runtime.
bsd68,test035,321,481,10,3173589805,NLM_IPOL_Like,skimage.denoise_nl_means(fast_mode=False) with IPOL grayscale parameter schedule,30.216116,0.82871753,2617.978,ok,,Closer to IPOL patchwise parameters; can be very slow.
bsd68,test035,321,481,10,3173589805,BM3D_TAU,"bm3d.bm3d(noisy_float01, sigma_psd=sigma/255)",32.247069,0.9149509,1356.727,ok,,Reference classical upper baseline for AWGN.
bsd68,test035,321,481,15,354126258,Noisy,"clean + AWGN, clipped to [0,1]",24.683424,0.61167424,0.0,ok,,same noisy image reused for all methods
bsd68,test035,321,481,15,354126258,Gaussian_SciPy,"scipy.ndimage.gaussian_filter(sigma_filter=1.5, reflect)",25.131265,0.71685646,2.593,ok,,Optimized replacement for Python-loop Gaussian filter.
bsd68,test035,321,481,15,354126258,Median_SciPy,"scipy.ndimage.median_filter(size=3, reflect)",26.955143,0.73191486,15.733,ok,,Optimized replacement for Python-loop median filter.
bsd68,test035,321,481,15,354126258,NLM_Skimage_Fast,"skimage.denoise_nl_means(fast_mode=True, h=0.8*sigma, sigma=known_sigma)",28.781103,0.81166292,355.243,ok,,Fast engineering baseline; not the original patchwise NLM runtime.
bsd68,test035,321,481,15,354126258,NLM_IPOL_Like,skimage.denoise_nl_means(fast_mode=False) with IPOL grayscale parameter schedule,27.331124,0.7226297,2738.553,ok,,Closer to IPOL patchwise parameters; can be very slow.
bsd68,test035,321,481,15,354126258,BM3D_TAU,"bm3d.bm3d(noisy_float01, sigma_psd=sigma/255)",29.956667,0.86237008,1350.942,ok,,Reference classical upper baseline for AWGN.
bsd68,test035,321,481,20,1655559015,Noisy,"clean + AWGN, clipped to [0,1]",22.259988,0.5116401,0.0,ok,,same noisy image reused for all methods
bsd68,test035,321,481,20,1655559015,Gaussian_SciPy,"scipy.ndimage.gaussian_filter(sigma_filter=1.5, reflect)",24.981574,0.69914811,2.349,ok,,Optimized replacement for Python-loop Gaussian filter.
bsd68,test035,321,481,20,1655559015,Median_SciPy,"scipy.ndimage.median_filter(size=3, reflect)",25.972615,0.6685949,16.78,ok,,Optimized replacement for Python-loop median filter.
bsd68,test035,321,481,20,1655559015,NLM_Skimage_Fast,"skimage.denoise_nl_means(fast_mode=True, h=0.8*sigma, sigma=known_sigma)",27.359672,0.75801591,354.187,ok,,Fast engineering baseline; not the original patchwise NLM runtime.
bsd68,test035,321,481,20,1655559015,NLM_IPOL_Like,skimage.denoise_nl_means(fast_mode=False) with IPOL grayscale parameter schedule,26.783406,0.73234009,4109.447,ok,,Closer to IPOL patchwise parameters; can be very slow.
bsd68,test035,321,481,20,1655559015,BM3D_TAU,"bm3d.bm3d(noisy_float01, sigma_psd=sigma/255)",28.560375,0.81739307,1390.975,ok,,Reference classical upper baseline for AWGN.
bsd68,test035,321,481,25,500776602,Noisy,"clean + AWGN, clipped to [0,1]",20.366432,0.4322026,0.0,ok,,same noisy image reused for all methods
bsd68,test035,321,481,25,500776602,Gaussian_SciPy,"scipy.ndimage.gaussian_filter(sigma_filter=1.5, reflect)",24.77204,0.67899306,3.186,ok,,Optimized replacement for Python-loop Gaussian filter.
bsd68,test035,321,481,25,500776602,Median_SciPy,"scipy.ndimage.median_filter(size=3, reflect)",24.975859,0.60759945,15.917,ok,,Optimized replacement for Python-loop median filter.
bsd68,test035,321,481,25,500776602,NLM_Skimage_Fast,"skimage.denoise_nl_means(fast_mode=True, h=0.8*sigma, sigma=known_sigma)",26.295782,0.71435628,357.667,ok,,Fast engineering baseline; not the original patchwise NLM runtime.
bsd68,test035,321,481,25,500776602,NLM_IPOL_Like,skimage.denoise_nl_means(fast_mode=False) with IPOL grayscale parameter schedule,25.586314,0.67363852,4247.901,ok,,Closer to IPOL patchwise parameters; can be very slow.
bsd68,test035,321,481,25,500776602,BM3D_TAU,"bm3d.bm3d(noisy_float01, sigma_psd=sigma/255)",27.545569,0.77946947,1393.749,ok,,Reference classical upper baseline for AWGN.
bsd68,test035,321,481,30,2223866673,Noisy,"clean + AWGN, clipped to [0,1]",18.902415,0.370851,0.0,ok,,same noisy image reused for all methods
bsd68,test035,321,481,30,2223866673,Gaussian_SciPy,"scipy.ndimage.gaussian_filter(sigma_filter=1.5, reflect)",24.563544,0.66042133,2.595,ok,,Optimized replacement for Python-loop Gaussian filter.
bsd68,test035,321,481,30,2223866673,Median_SciPy,"scipy.ndimage.median_filter(size=3, reflect)",24.09311,0.55721874,15.79,ok,,Optimized replacement for Python-loop median filter.
bsd68,test035,321,481,30,2223866673,NLM_Skimage_Fast,"skimage.denoise_nl_means(fast_mode=True, h=0.8*sigma, sigma=known_sigma)",25.384573,0.67334754,355.085,ok,,Fast engineering baseline; not the original patchwise NLM runtime.
bsd68,test035,321,481,30,2223866673,NLM_IPOL_Like,skimage.denoise_nl_means(fast_mode=False) with IPOL grayscale parameter schedule,24.732186,0.63061013,4398.836,ok,,Closer to IPOL patchwise parameters; can be very slow.
bsd68,test035,321,481,30,2223866673,BM3D_TAU,"bm3d.bm3d(noisy_float01, sigma_psd=sigma/255)",26.775162,0.74904961,1392.305,ok,,Reference classical upper baseline for AWGN.
bsd68,test035,321,481,35,4175477633,Noisy,"clean + AWGN, clipped to [0,1]",17.679791,0.32240568,0.0,ok,,same noisy image reused for all methods
bsd68,test035,321,481,35,4175477633,Gaussian_SciPy,"scipy.ndimage.gaussian_filter(sigma_filter=1.5, reflect)",24.306352,0.6384629,3.34,ok,,Optimized replacement for Python-loop Gaussian filter.
bsd68,test035,321,481,35,4175477633,Median_SciPy,"scipy.ndimage.median_filter(size=3, reflect)",23.214741,0.5106369,17.88,ok,,Optimized replacement for Python-loop median filter.
bsd68,test035,321,481,35,4175477633,NLM_Skimage_Fast,"skimage.denoise_nl_means(fast_mode=True, h=0.8*sigma, sigma=known_sigma)",24.64148,0.63727064,370.253,ok,,Fast engineering baseline; not the original patchwise NLM runtime.
bsd68,test035,321,481,35,4175477633,NLM_IPOL_Like,skimage.denoise_nl_means(fast_mode=False) with IPOL grayscale parameter schedule,24.67362,0.65247637,17632.567,ok,,Closer to IPOL patchwise parameters; can be very slow.
bsd68,test035,321,481,35,4175477633,BM3D_TAU,"bm3d.bm3d(noisy_float01, sigma_psd=sigma/255)",26.107468,0.71980188,1509.988,ok,,Reference classical upper baseline for AWGN.
bsd68,test035,321,481,40,2990942297,Noisy,"clean + AWGN, clipped to [0,1]",16.610631,0.28175908,0.0,ok,,same noisy image reused for all methods
bsd68,test035,321,481,40,2990942297,Gaussian_SciPy,"scipy.ndimage.gaussian_filter(sigma_filter=1.5, reflect)",23.982602,0.61539896,4.087,ok,,Optimized replacement for Python-loop Gaussian filter.
bsd68,test035,321,481,40,2990942297,Median_SciPy,"scipy.ndimage.median_filter(size=3, reflect)",22.385414,0.46919599,15.793,ok,,Optimized replacement for Python-loop median filter.
bsd68,test035,321,481,40,2990942297,NLM_Skimage_Fast,"skimage.denoise_nl_means(fast_mode=True, h=0.8*sigma, sigma=known_sigma)",23.859255,0.59892075,384.902,ok,,Fast engineering baseline; not the original patchwise NLM runtime.
bsd68,test035,321,481,40,2990942297,NLM_IPOL_Like,skimage.denoise_nl_means(fast_mode=False) with IPOL grayscale parameter schedule,24.075739,0.61379334,18297.517,ok,,Closer to IPOL patchwise parameters; can be very slow.
bsd68,test035,321,481,40,2990942297,BM3D_TAU,"bm3d.bm3d(noisy_float01, sigma_psd=sigma/255)",25.441854,0.69151464,1384.536,ok,,Reference classical upper baseline for AWGN.
bsd68,test035,321,481,50,1546835136,Noisy,"clean + AWGN, clipped to [0,1]",14.911277,0.2223132,0.0,ok,,same noisy image reused for all methods
bsd68,test035,321,481,50,1546835136,Gaussian_SciPy,"scipy.ndimage.gaussian_filter(sigma_filter=1.5, reflect)",23.412405,0.57387397,2.284,ok,,Optimized replacement for Python-loop Gaussian filter.
bsd68,test035,321,481,50,1546835136,Median_SciPy,"scipy.ndimage.median_filter(size=3, reflect)",20.96519,0.39845347,16.45,ok,,Optimized replacement for Python-loop median filter.
bsd68,test035,321,481,50,1546835136,NLM_Skimage_Fast,"skimage.denoise_nl_means(fast_mode=True, h=0.8*sigma, sigma=known_sigma)",22.760045,0.54495883,347.641,ok,,Fast engineering baseline; not the original patchwise NLM runtime.
bsd68,test035,321,481,50,1546835136,NLM_IPOL_Like,skimage.denoise_nl_means(fast_mode=False) with IPOL grayscale parameter schedule,23.395466,0.57802931,28734.744,ok,,Closer to IPOL patchwise parameters; can be very slow.
bsd68,test035,321,481,50,1546835136,BM3D_TAU,"bm3d.bm3d(noisy_float01, sigma_psd=sigma/255)",24.498989,0.64656153,1346.78,ok,,Reference classical upper baseline for AWGN.
bsd68,test035,321,481,75,1739399511,Noisy,"clean + AWGN, clipped to [0,1]",12.07766,0.13888331,0.0,ok,,same noisy image reused for all methods
bsd68,test035,321,481,75,1739399511,Gaussian_SciPy,"scipy.ndimage.gaussian_filter(sigma_filter=1.5, reflect)",21.506722,0.47682729,2.77,ok,,Optimized replacement for Python-loop Gaussian filter.
bsd68,test035,321,481,75,1739399511,Median_SciPy,"scipy.ndimage.median_filter(size=3, reflect)",18.120371,0.28088371,16.404,ok,,Optimized replacement for Python-loop median filter.
bsd68,test035,321,481,75,1739399511,NLM_Skimage_Fast,"skimage.denoise_nl_means(fast_mode=True, h=0.8*sigma, sigma=known_sigma)",20.28897,0.44232338,348.432,ok,,Fast engineering baseline; not the original patchwise NLM runtime.
bsd68,test035,321,481,75,1739399511,NLM_IPOL_Like,skimage.denoise_nl_means(fast_mode=False) with IPOL grayscale parameter schedule,20.673329,0.46208575,31181.006,ok,,Closer to IPOL patchwise parameters; can be very slow.
bsd68,test035,321,481,75,1739399511,BM3D_TAU,"bm3d.bm3d(noisy_float01, sigma_psd=sigma/255)",22.241964,0.55169881,1378.37,ok,,Reference classical upper baseline for AWGN.
bsd68,test036,321,481,5,1370619978,Noisy,"clean + AWGN, clipped to [0,1]",34.130793,0.9171175,0.0,ok,,same noisy image reused for all methods
bsd68,test036,321,481,5,1370619978,Gaussian_SciPy,"scipy.ndimage.gaussian_filter(sigma_filter=1.5, reflect)",26.859634,0.50128865,1.767,ok,,Optimized replacement for Python-loop Gaussian filter.
bsd68,test036,321,481,5,1370619978,Median_SciPy,"scipy.ndimage.median_filter(size=3, reflect)",27.512794,0.58712789,16.708,ok,,Optimized replacement for Python-loop median filter.
bsd68,test036,321,481,5,1370619978,NLM_Skimage_Fast,"skimage.denoise_nl_means(fast_mode=True, h=0.8*sigma, sigma=known_sigma)",34.356922,0.90332489,307.743,ok,,Fast engineering baseline; not the original patchwise NLM runtime.
bsd68,test036,321,481,5,1370619978,NLM_IPOL_Like,skimage.denoise_nl_means(fast_mode=False) with IPOL grayscale parameter schedule,34.631575,0.92541972,2567.069,ok,,Closer to IPOL patchwise parameters; can be very slow.
bsd68,test036,321,481,5,1370619978,BM3D_TAU,"bm3d.bm3d(noisy_float01, sigma_psd=sigma/255)",35.24908,0.93225254,1429.367,ok,,Reference classical upper baseline for AWGN.
bsd68,test036,321,481,10,994164097,Noisy,"clean + AWGN, clipped to [0,1]",28.12846,0.74629987,0.0,ok,,same noisy image reused for all methods
bsd68,test036,321,481,10,994164097,Gaussian_SciPy,"scipy.ndimage.gaussian_filter(sigma_filter=1.5, reflect)",26.776829,0.49654775,2.05,ok,,Optimized replacement for Python-loop Gaussian filter.
bsd68,test036,321,481,10,994164097,Median_SciPy,"scipy.ndimage.median_filter(size=3, reflect)",27.029316,0.55147302,15.466,ok,,Optimized replacement for Python-loop median filter.
bsd68,test036,321,481,10,994164097,NLM_Skimage_Fast,"skimage.denoise_nl_means(fast_mode=True, h=0.8*sigma, sigma=known_sigma)",29.458672,0.67625729,388.413,ok,,Fast engineering baseline; not the original patchwise NLM runtime.
bsd68,test036,321,481,10,994164097,NLM_IPOL_Like,skimage.denoise_nl_means(fast_mode=False) with IPOL grayscale parameter schedule,29.867752,0.79577112,2801.127,ok,,Closer to IPOL patchwise parameters; can be very slow.
bsd68,test036,321,481,10,994164097,BM3D_TAU,"bm3d.bm3d(noisy_float01, sigma_psd=sigma/255)",30.58109,0.76977424,1417.794,ok,,Reference classical upper baseline for AWGN.
bsd68,test036,321,481,15,3162859270,Noisy,"clean + AWGN, clipped to [0,1]",24.600251,0.57993525,0.0,ok,,same noisy image reused for all methods
bsd68,test036,321,481,15,3162859270,Gaussian_SciPy,"scipy.ndimage.gaussian_filter(sigma_filter=1.5, reflect)",26.632426,0.48655496,3.118,ok,,Optimized replacement for Python-loop Gaussian filter.
bsd68,test036,321,481,15,3162859270,Median_SciPy,"scipy.ndimage.median_filter(size=3, reflect)",26.34444,0.50416401,16.219,ok,,Optimized replacement for Python-loop median filter.
bsd68,test036,321,481,15,3162859270,NLM_Skimage_Fast,"skimage.denoise_nl_means(fast_mode=True, h=0.8*sigma, sigma=known_sigma)",28.086007,0.56903854,351.814,ok,,Fast engineering baseline; not the original patchwise NLM runtime.
bsd68,test036,321,481,15,3162859270,NLM_IPOL_Like,skimage.denoise_nl_means(fast_mode=False) with IPOL grayscale parameter schedule,27.287179,0.66992149,2849.984,ok,,Closer to IPOL patchwise parameters; can be very slow.
bsd68,test036,321,481,15,3162859270,BM3D_TAU,"bm3d.bm3d(noisy_float01, sigma_psd=sigma/255)",28.479676,0.6046926,1431.731,ok,,Reference classical upper baseline for AWGN.
bsd68,test036,321,481,20,4052356638,Noisy,"clean + AWGN, clipped to [0,1]",22.11667,0.44969392,0.0,ok,,same noisy image reused for all methods
bsd68,test036,321,481,20,4052356638,Gaussian_SciPy,"scipy.ndimage.gaussian_filter(sigma_filter=1.5, reflect)",26.439903,0.47459494,3.045,ok,,Optimized replacement for Python-loop Gaussian filter.
bsd68,test036,321,481,20,4052356638,Median_SciPy,"scipy.ndimage.median_filter(size=3, reflect)",25.566777,0.45437009,16.444,ok,,Optimized replacement for Python-loop median filter.
bsd68,test036,321,481,20,4052356638,NLM_Skimage_Fast,"skimage.denoise_nl_means(fast_mode=True, h=0.8*sigma, sigma=known_sigma)",27.416045,0.51506064,358.86,ok,,Fast engineering baseline; not the original patchwise NLM runtime.
bsd68,test036,321,481,20,4052356638,NLM_IPOL_Like,skimage.denoise_nl_means(fast_mode=False) with IPOL grayscale parameter schedule,26.88319,0.61096843,4439.72,ok,,Closer to IPOL patchwise parameters; can be very slow.
bsd68,test036,321,481,20,4052356638,BM3D_TAU,"bm3d.bm3d(noisy_float01, sigma_psd=sigma/255)",27.562815,0.51622446,1396.882,ok,,Reference classical upper baseline for AWGN.
bsd68,test036,321,481,25,558213044,Noisy,"clean + AWGN, clipped to [0,1]",20.199336,0.35361765,0.0,ok,,same noisy image reused for all methods
bsd68,test036,321,481,25,558213044,Gaussian_SciPy,"scipy.ndimage.gaussian_filter(sigma_filter=1.5, reflect)",26.204705,0.46131681,1.678,ok,,Optimized replacement for Python-loop Gaussian filter.
bsd68,test036,321,481,25,558213044,Median_SciPy,"scipy.ndimage.median_filter(size=3, reflect)",24.726902,0.40591732,15.932,ok,,Optimized replacement for Python-loop median filter.
bsd68,test036,321,481,25,558213044,NLM_Skimage_Fast,"skimage.denoise_nl_means(fast_mode=True, h=0.8*sigma, sigma=known_sigma)",27.054603,0.48739125,345.817,ok,,Fast engineering baseline; not the original patchwise NLM runtime.
bsd68,test036,321,481,25,558213044,NLM_IPOL_Like,skimage.denoise_nl_means(fast_mode=False) with IPOL grayscale parameter schedule,25.958803,0.54368638,4525.908,ok,,Closer to IPOL patchwise parameters; can be very slow.
bsd68,test036,321,481,25,558213044,BM3D_TAU,"bm3d.bm3d(noisy_float01, sigma_psd=sigma/255)",27.148724,0.47742767,1413.867,ok,,Reference classical upper baseline for AWGN.
bsd68,test036,321,481,30,2117408581,Noisy,"clean + AWGN, clipped to [0,1]",18.607635,0.28167173,0.0,ok,,same noisy image reused for all methods
bsd68,test036,321,481,30,2117408581,Gaussian_SciPy,"scipy.ndimage.gaussian_filter(sigma_filter=1.5, reflect)",25.940884,0.44388813,3.122,ok,,Optimized replacement for Python-loop Gaussian filter.
bsd68,test036,321,481,30,2117408581,Median_SciPy,"scipy.ndimage.median_filter(size=3, reflect)",23.899979,0.36098492,15.746,ok,,Optimized replacement for Python-loop median filter.
bsd68,test036,321,481,30,2117408581,NLM_Skimage_Fast,"skimage.denoise_nl_means(fast_mode=True, h=0.8*sigma, sigma=known_sigma)",26.700256,0.46447356,348.955,ok,,Fast engineering baseline; not the original patchwise NLM runtime.
bsd68,test036,321,481,30,2117408581,NLM_IPOL_Like,skimage.denoise_nl_means(fast_mode=False) with IPOL grayscale parameter schedule,25.06092,0.48222925,4583.022,ok,,Closer to IPOL patchwise parameters; can be very slow.
bsd68,test036,321,481,30,2117408581,BM3D_TAU,"bm3d.bm3d(noisy_float01, sigma_psd=sigma/255)",26.799625,0.4489349,1498.19,ok,,Reference classical upper baseline for AWGN.
bsd68,test036,321,481,35,3864284030,Noisy,"clean + AWGN, clipped to [0,1]",17.288962,0.23029355,0.0,ok,,same noisy image reused for all methods
bsd68,test036,321,481,35,3864284030,Gaussian_SciPy,"scipy.ndimage.gaussian_filter(sigma_filter=1.5, reflect)",25.666661,0.43187461,3.001,ok,,Optimized replacement for Python-loop Gaussian filter.
bsd68,test036,321,481,35,3864284030,Median_SciPy,"scipy.ndimage.median_filter(size=3, reflect)",23.091382,0.32136076,17.208,ok,,Optimized replacement for Python-loop median filter.
bsd68,test036,321,481,35,3864284030,NLM_Skimage_Fast,"skimage.denoise_nl_means(fast_mode=True, h=0.8*sigma, sigma=known_sigma)",26.39456,0.44963168,467.741,ok,,Fast engineering baseline; not the original patchwise NLM runtime.
bsd68,test036,321,481,35,3864284030,NLM_IPOL_Like,skimage.denoise_nl_means(fast_mode=False) with IPOL grayscale parameter schedule,25.493958,0.47511021,19466.949,ok,,Closer to IPOL patchwise parameters; can be very slow.
bsd68,test036,321,481,35,3864284030,BM3D_TAU,"bm3d.bm3d(noisy_float01, sigma_psd=sigma/255)",26.565284,0.43482606,1486.652,ok,,Reference classical upper baseline for AWGN.
bsd68,test036,321,481,40,1995813126,Noisy,"clean + AWGN, clipped to [0,1]",16.092784,0.18879649,0.0,ok,,same noisy image reused for all methods
bsd68,test036,321,481,40,1995813126,Gaussian_SciPy,"scipy.ndimage.gaussian_filter(sigma_filter=1.5, reflect)",25.289338,0.41046337,3.345,ok,,Optimized replacement for Python-loop Gaussian filter.
bsd68,test036,321,481,40,1995813126,Median_SciPy,"scipy.ndimage.median_filter(size=3, reflect)",22.233069,0.28133388,16.795,ok,,Optimized replacement for Python-loop median filter.
bsd68,test036,321,481,40,1995813126,NLM_Skimage_Fast,"skimage.denoise_nl_means(fast_mode=True, h=0.8*sigma, sigma=known_sigma)",26.126386,0.43694721,524.109,ok,,Fast engineering baseline; not the original patchwise NLM runtime.
bsd68,test036,321,481,40,1995813126,NLM_IPOL_Like,skimage.denoise_nl_means(fast_mode=False) with IPOL grayscale parameter schedule,24.877892,0.43273957,19617.996,ok,,Closer to IPOL patchwise parameters; can be very slow.
bsd68,test036,321,481,40,1995813126,BM3D_TAU,"bm3d.bm3d(noisy_float01, sigma_psd=sigma/255)",26.399379,0.42715323,1428.522,ok,,Reference classical upper baseline for AWGN.
bsd68,test036,321,481,50,1578633084,Noisy,"clean + AWGN, clipped to [0,1]",14.288878,0.13495646,0.0,ok,,same noisy image reused for all methods
bsd68,test036,321,481,50,1578633084,Gaussian_SciPy,"scipy.ndimage.gaussian_filter(sigma_filter=1.5, reflect)",24.625745,0.37739035,2.385,ok,,Optimized replacement for Python-loop Gaussian filter.
bsd68,test036,321,481,50,1578633084,Median_SciPy,"scipy.ndimage.median_filter(size=3, reflect)",20.850646,0.22726095,16.297,ok,,Optimized replacement for Python-loop median filter.
bsd68,test036,321,481,50,1578633084,NLM_Skimage_Fast,"skimage.denoise_nl_means(fast_mode=True, h=0.8*sigma, sigma=known_sigma)",25.556671,0.41129222,348.292,ok,,Fast engineering baseline; not the original patchwise NLM runtime.
bsd68,test036,321,481,50,1578633084,NLM_IPOL_Like,skimage.denoise_nl_means(fast_mode=False) with IPOL grayscale parameter schedule,25.159336,0.41258327,30411.597,ok,,Closer to IPOL patchwise parameters; can be very slow.
bsd68,test036,321,481,50,1578633084,BM3D_TAU,"bm3d.bm3d(noisy_float01, sigma_psd=sigma/255)",26.065128,0.40868718,1445.381,ok,,Reference classical upper baseline for AWGN.
bsd68,test036,321,481,75,3325821778,Noisy,"clean + AWGN, clipped to [0,1]",11.393667,0.07350351,0.0,ok,,same noisy image reused for all methods
bsd68,test036,321,481,75,3325821778,Gaussian_SciPy,"scipy.ndimage.gaussian_filter(sigma_filter=1.5, reflect)",23.243166,0.30627244,2.417,ok,,Optimized replacement for Python-loop Gaussian filter.
bsd68,test036,321,481,75,3325821778,Median_SciPy,"scipy.ndimage.median_filter(size=3, reflect)",17.885113,0.13983219,16.923,ok,,Optimized replacement for Python-loop median filter.
bsd68,test036,321,481,75,3325821778,NLM_Skimage_Fast,"skimage.denoise_nl_means(fast_mode=True, h=0.8*sigma, sigma=known_sigma)",24.716374,0.36734762,358.511,ok,,Fast engineering baseline; not the original patchwise NLM runtime.
bsd68,test036,321,481,75,3325821778,NLM_IPOL_Like,skimage.denoise_nl_means(fast_mode=False) with IPOL grayscale parameter schedule,24.831934,0.37457454,31650.703,ok,,Closer to IPOL patchwise parameters; can be very slow.
bsd68,test036,321,481,75,3325821778,BM3D_TAU,"bm3d.bm3d(noisy_float01, sigma_psd=sigma/255)",25.456159,0.38138794,1416.123,ok,,Reference classical upper baseline for AWGN.
bsd68,test037,321,481,5,890958067,Noisy,"clean + AWGN, clipped to [0,1]",34.162458,0.88542355,0.0,ok,,same noisy image reused for all methods
bsd68,test037,321,481,5,890958067,Gaussian_SciPy,"scipy.ndimage.gaussian_filter(sigma_filter=1.5, reflect)",26.445955,0.70902217,1.998,ok,,Optimized replacement for Python-loop Gaussian filter.
bsd68,test037,321,481,5,890958067,Median_SciPy,"scipy.ndimage.median_filter(size=3, reflect)",28.394202,0.78030481,15.288,ok,,Optimized replacement for Python-loop median filter.
bsd68,test037,321,481,5,890958067,NLM_Skimage_Fast,"skimage.denoise_nl_means(fast_mode=True, h=0.8*sigma, sigma=known_sigma)",36.171196,0.95297801,286.537,ok,,Fast engineering baseline; not the original patchwise NLM runtime.
bsd68,test037,321,481,5,890958067,NLM_IPOL_Like,skimage.denoise_nl_means(fast_mode=False) with IPOL grayscale parameter schedule,,,2438.194,ok,,Closer to IPOL patchwise parameters; can be very slow.
bsd68,test037,321,481,5,890958067,BM3D_TAU,"bm3d.bm3d(noisy_float01, sigma_psd=sigma/255)",36.967097,0.96379562,1366.36,ok,,Reference classical upper baseline for AWGN.
bsd68,test037,321,481,10,2231321808,Noisy,"clean + AWGN, clipped to [0,1]",28.156267,0.70185617,0.0,ok,,same noisy image reused for all methods
bsd68,test037,321,481,10,2231321808,Gaussian_SciPy,"scipy.ndimage.gaussian_filter(sigma_filter=1.5, reflect)",26.362045,0.69904041,1.686,ok,,Optimized replacement for Python-loop Gaussian filter.
bsd68,test037,321,481,10,2231321808,Median_SciPy,"scipy.ndimage.median_filter(size=3, reflect)",27.749661,0.72434589,15.452,ok,,Optimized replacement for Python-loop median filter.
bsd68,test037,321,481,10,2231321808,NLM_Skimage_Fast,"skimage.denoise_nl_means(fast_mode=True, h=0.8*sigma, sigma=known_sigma)",31.066338,0.8539853,354.463,ok,,Fast engineering baseline; not the original patchwise NLM runtime.
bsd68,test037,321,481,10,2231321808,NLM_IPOL_Like,skimage.denoise_nl_means(fast_mode=False) with IPOL grayscale parameter schedule,30.284849,0.79689218,2671.819,ok,,Closer to IPOL patchwise parameters; can be very slow.
bsd68,test037,321,481,10,2231321808,BM3D_TAU,"bm3d.bm3d(noisy_float01, sigma_psd=sigma/255)",32.536509,0.90794834,1333.885,ok,,Reference classical upper baseline for AWGN.
bsd68,test037,321,481,15,1298905674,Noisy,"clean + AWGN, clipped to [0,1]",24.680675,0.55696962,0.0,ok,,same noisy image reused for all methods
bsd68,test037,321,481,15,1298905674,Gaussian_SciPy,"scipy.ndimage.gaussian_filter(sigma_filter=1.5, reflect)",26.230383,0.68355159,2.9,ok,,Optimized replacement for Python-loop Gaussian filter.
bsd68,test037,321,481,15,1298905674,Median_SciPy,"scipy.ndimage.median_filter(size=3, reflect)",26.912181,0.65530097,16.969,ok,,Optimized replacement for Python-loop median filter.
bsd68,test037,321,481,15,1298905674,NLM_Skimage_Fast,"skimage.denoise_nl_means(fast_mode=True, h=0.8*sigma, sigma=known_sigma)",28.873843,0.76965357,360.632,ok,,Fast engineering baseline; not the original patchwise NLM runtime.
bsd68,test037,321,481,15,1298905674,NLM_IPOL_Like,skimage.denoise_nl_means(fast_mode=False) with IPOL grayscale parameter schedule,27.506073,0.68016716,2773.338,ok,,Closer to IPOL patchwise parameters; can be very slow.
bsd68,test037,321,481,15,1298905674,BM3D_TAU,"bm3d.bm3d(noisy_float01, sigma_psd=sigma/255)",30.189178,0.84046407,1390.852,ok,,Reference classical upper baseline for AWGN.
bsd68,test037,321,481,20,3768448452,Noisy,"clean + AWGN, clipped to [0,1]",22.237093,0.44881032,0.0,ok,,same noisy image reused for all methods
bsd68,test037,321,481,20,3768448452,Gaussian_SciPy,"scipy.ndimage.gaussian_filter(sigma_filter=1.5, reflect)",26.047241,0.66252379,2.251,ok,,Optimized replacement for Python-loop Gaussian filter.
bsd68,test037,321,481,20,3768448452,Median_SciPy,"scipy.ndimage.median_filter(size=3, reflect)",25.943967,0.58167978,15.804,ok,,Optimized replacement for Python-loop median filter.
bsd68,test037,321,481,20,3768448452,NLM_Skimage_Fast,"skimage.denoise_nl_means(fast_mode=True, h=0.8*sigma, sigma=known_sigma)",27.694842,0.71286898,355.649,ok,,Fast engineering baseline; not the original patchwise NLM runtime.
bsd68,test037,321,481,20,3768448452,NLM_IPOL_Like,skimage.denoise_nl_means(fast_mode=False) with IPOL grayscale parameter schedule,27.153552,0.68485962,4286.489,ok,,Closer to IPOL patchwise parameters; can be very slow.
bsd68,test037,321,481,20,3768448452,BM3D_TAU,"bm3d.bm3d(noisy_float01, sigma_psd=sigma/255)",28.817638,0.78174019,1350.372,ok,,Reference classical upper baseline for AWGN.
bsd68,test037,321,481,25,3269874063,Noisy,"clean + AWGN, clipped to [0,1]",20.389084,0.36975233,0.0,ok,,same noisy image reused for all methods
bsd68,test037,321,481,25,3269874063,Gaussian_SciPy,"scipy.ndimage.gaussian_filter(sigma_filter=1.5, reflect)",25.806073,0.64187391,3.136,ok,,Optimized replacement for Python-loop Gaussian filter.
bsd68,test037,321,481,25,3269874063,Median_SciPy,"scipy.ndimage.median_filter(size=3, reflect)",25.038555,0.52331663,15.631,ok,,Optimized replacement for Python-loop median filter.
bsd68,test037,321,481,25,3269874063,NLM_Skimage_Fast,"skimage.denoise_nl_means(fast_mode=True, h=0.8*sigma, sigma=known_sigma)",26.860425,0.67293725,355.812,ok,,Fast engineering baseline; not the original patchwise NLM runtime.
bsd68,test037,321,481,25,3269874063,NLM_IPOL_Like,skimage.denoise_nl_means(fast_mode=False) with IPOL grayscale parameter schedule,26.137139,0.62341035,4406.29,ok,,Closer to IPOL patchwise parameters; can be very slow.
bsd68,test037,321,481,25,3269874063,BM3D_TAU,"bm3d.bm3d(noisy_float01, sigma_psd=sigma/255)",27.920244,0.74041721,1389.03,ok,,Reference classical upper baseline for AWGN.
bsd68,test037,321,481,30,3691634242,Noisy,"clean + AWGN, clipped to [0,1]",18.916448,0.31083712,0.0,ok,,same noisy image reused for all methods
bsd68,test037,321,481,30,3691634242,Gaussian_SciPy,"scipy.ndimage.gaussian_filter(sigma_filter=1.5, reflect)",25.585855,0.61910138,2.252,ok,,Optimized replacement for Python-loop Gaussian filter.
bsd68,test037,321,481,30,3691634242,Median_SciPy,"scipy.ndimage.median_filter(size=3, reflect)",24.175455,0.4695258,16.106,ok,,Optimized replacement for Python-loop median filter.
bsd68,test037,321,481,30,3691634242,NLM_Skimage_Fast,"skimage.denoise_nl_means(fast_mode=True, h=0.8*sigma, sigma=known_sigma)",26.277178,0.64440605,364.54,ok,,Fast engineering baseline; not the original patchwise NLM runtime.
bsd68,test037,321,481,30,3691634242,NLM_IPOL_Like,skimage.denoise_nl_means(fast_mode=False) with IPOL grayscale parameter schedule,25.324163,0.57496308,4472.355,ok,,Closer to IPOL patchwise parameters; can be very slow.
bsd68,test037,321,481,30,3691634242,BM3D_TAU,"bm3d.bm3d(noisy_float01, sigma_psd=sigma/255)",27.294594,0.70341321,1377.863,ok,,Reference classical upper baseline for AWGN.
bsd68,test037,321,481,35,346312236,Noisy,"clean + AWGN, clipped to [0,1]",17.648219,0.26286307,0.0,ok,,same noisy image reused for all methods
bsd68,test037,321,481,35,346312236,Gaussian_SciPy,"scipy.ndimage.gaussian_filter(sigma_filter=1.5, reflect)",25.237185,0.59307248,2.692,ok,,Optimized replacement for Python-loop Gaussian filter.
bsd68,test037,321,481,35,346312236,Median_SciPy,"scipy.ndimage.median_filter(size=3, reflect)",23.276147,0.42072644,16.124,ok,,Optimized replacement for Python-loop median filter.
bsd68,test037,321,481,35,346312236,NLM_Skimage_Fast,"skimage.denoise_nl_means(fast_mode=True, h=0.8*sigma, sigma=known_sigma)",25.670994,0.6192031,351.799,ok,,Fast engineering baseline; not the original patchwise NLM runtime.
bsd68,test037,321,481,35,346312236,NLM_IPOL_Like,skimage.denoise_nl_means(fast_mode=False) with IPOL grayscale parameter schedule,25.332022,0.60002485,18523.512,ok,,Closer to IPOL patchwise parameters; can be very slow.
bsd68,test037,321,481,35,346312236,BM3D_TAU,"bm3d.bm3d(noisy_float01, sigma_psd=sigma/255)",26.717359,0.67536523,1382.484,ok,,Reference classical upper baseline for AWGN.
bsd68,test037,321,481,40,857189782,Noisy,"clean + AWGN, clipped to [0,1]",16.607886,0.22696122,0.0,ok,,same noisy image reused for all methods
bsd68,test037,321,481,40,857189782,Gaussian_SciPy,"scipy.ndimage.gaussian_filter(sigma_filter=1.5, reflect)",24.881235,0.56918909,2.162,ok,,Optimized replacement for Python-loop Gaussian filter.
bsd68,test037,321,481,40,857189782,Median_SciPy,"scipy.ndimage.median_filter(size=3, reflect)",22.44933,0.37870883,16.765,ok,,Optimized replacement for Python-loop median filter.
bsd68,test037,321,481,40,857189782,NLM_Skimage_Fast,"skimage.denoise_nl_means(fast_mode=True, h=0.8*sigma, sigma=known_sigma)",25.097564,0.59706653,350.279,ok,,Fast engineering baseline; not the original patchwise NLM runtime.
bsd68,test037,321,481,40,857189782,NLM_IPOL_Like,skimage.denoise_nl_means(fast_mode=False) with IPOL grayscale parameter schedule,24.898846,0.57911634,18896.081,ok,,Closer to IPOL patchwise parameters; can be very slow.
bsd68,test037,321,481,40,857189782,BM3D_TAU,"bm3d.bm3d(noisy_float01, sigma_psd=sigma/255)",26.198235,0.65003777,1387.094,ok,,Reference classical upper baseline for AWGN.
bsd68,test037,321,481,50,897655298,Noisy,"clean + AWGN, clipped to [0,1]",14.94189,0.17319417,0.0,ok,,same noisy image reused for all methods
bsd68,test037,321,481,50,897655298,Gaussian_SciPy,"scipy.ndimage.gaussian_filter(sigma_filter=1.5, reflect)",24.158735,0.52736821,2.106,ok,,Optimized replacement for Python-loop Gaussian filter.
bsd68,test037,321,481,50,897655298,Median_SciPy,"scipy.ndimage.median_filter(size=3, reflect)",21.044051,0.31524369,17.592,ok,,Optimized replacement for Python-loop median filter.
bsd68,test037,321,481,50,897655298,NLM_Skimage_Fast,"skimage.denoise_nl_means(fast_mode=True, h=0.8*sigma, sigma=known_sigma)",23.987724,0.55698752,350.765,ok,,Fast engineering baseline; not the original patchwise NLM runtime.
bsd68,test037,321,481,50,897655298,NLM_IPOL_Like,skimage.denoise_nl_means(fast_mode=False) with IPOL grayscale parameter schedule,24.359502,0.57983351,29942.726,ok,,Closer to IPOL patchwise parameters; can be very slow.
bsd68,test037,321,481,50,897655298,BM3D_TAU,"bm3d.bm3d(noisy_float01, sigma_psd=sigma/255)",25.330096,0.6143237,1421.611,ok,,Reference classical upper baseline for AWGN.
bsd68,test037,321,481,75,1583795711,Noisy,"clean + AWGN, clipped to [0,1]",12.07121,0.10316585,0.0,ok,,same noisy image reused for all methods
bsd68,test037,321,481,75,1583795711,Gaussian_SciPy,"scipy.ndimage.gaussian_filter(sigma_filter=1.5, reflect)",22.118575,0.4284152,3.328,ok,,Optimized replacement for Python-loop Gaussian filter.
bsd68,test037,321,481,75,1583795711,Median_SciPy,"scipy.ndimage.median_filter(size=3, reflect)",18.169462,0.21017654,15.539,ok,,Optimized replacement for Python-loop median filter.
bsd68,test037,321,481,75,1583795711,NLM_Skimage_Fast,"skimage.denoise_nl_means(fast_mode=True, h=0.8*sigma, sigma=known_sigma)",21.670076,0.48799711,346.379,ok,,Fast engineering baseline; not the original patchwise NLM runtime.
bsd68,test037,321,481,75,1583795711,NLM_IPOL_Like,skimage.denoise_nl_means(fast_mode=False) with IPOL grayscale parameter schedule,21.711954,0.49899683,31449.0,ok,,Closer to IPOL patchwise parameters; can be very slow.
bsd68,test037,321,481,75,1583795711,BM3D_TAU,"bm3d.bm3d(noisy_float01, sigma_psd=sigma/255)",23.363563,0.5536898,1459.139,ok,,Reference classical upper baseline for AWGN.
bsd68,test038,481,321,5,3378247393,Noisy,"clean + AWGN, clipped to [0,1]",34.148413,0.90654244,0.0,ok,,same noisy image reused for all methods
bsd68,test038,481,321,5,3378247393,Gaussian_SciPy,"scipy.ndimage.gaussian_filter(sigma_filter=1.5, reflect)",26.976978,0.74777545,2.878,ok,,Optimized replacement for Python-loop Gaussian filter.
bsd68,test038,481,321,5,3378247393,Median_SciPy,"scipy.ndimage.median_filter(size=3, reflect)",30.554375,0.87766411,16.06,ok,,Optimized replacement for Python-loop median filter.
bsd68,test038,481,321,5,3378247393,NLM_Skimage_Fast,"skimage.denoise_nl_means(fast_mode=True, h=0.8*sigma, sigma=known_sigma)",36.307275,0.95073636,294.283,ok,,Fast engineering baseline; not the original patchwise NLM runtime.
bsd68,test038,481,321,5,3378247393,NLM_IPOL_Like,skimage.denoise_nl_means(fast_mode=False) with IPOL grayscale parameter schedule,,,2421.823,ok,,Closer to IPOL patchwise parameters; can be very slow.
bsd68,test038,481,321,5,3378247393,BM3D_TAU,"bm3d.bm3d(noisy_float01, sigma_psd=sigma/255)",37.375395,0.96369477,1321.258,ok,,Reference classical upper baseline for AWGN.
bsd68,test038,481,321,10,2251305313,Noisy,"clean + AWGN, clipped to [0,1]",28.167631,0.74204359,0.0,ok,,same noisy image reused for all methods
bsd68,test038,481,321,10,2251305313,Gaussian_SciPy,"scipy.ndimage.gaussian_filter(sigma_filter=1.5, reflect)",26.88623,0.73970949,1.949,ok,,Optimized replacement for Python-loop Gaussian filter.
bsd68,test038,481,321,10,2251305313,Median_SciPy,"scipy.ndimage.median_filter(size=3, reflect)",29.424616,0.82463802,16.281,ok,,Optimized replacement for Python-loop median filter.
bsd68,test038,481,321,10,2251305313,NLM_Skimage_Fast,"skimage.denoise_nl_means(fast_mode=True, h=0.8*sigma, sigma=known_sigma)",31.989435,0.87643637,345.951,ok,,Fast engineering baseline; not the original patchwise NLM runtime.
bsd68,test038,481,321,10,2251305313,NLM_IPOL_Like,skimage.denoise_nl_means(fast_mode=False) with IPOL grayscale parameter schedule,30.366929,0.82403966,2677.753,ok,,Closer to IPOL patchwise parameters; can be very slow.
bsd68,test038,481,321,10,2251305313,BM3D_TAU,"bm3d.bm3d(noisy_float01, sigma_psd=sigma/255)",33.487796,0.91841939,1395.015,ok,,Reference classical upper baseline for AWGN.
bsd68,test038,481,321,15,2493776699,Noisy,"clean + AWGN, clipped to [0,1]",24.670507,0.59560455,0.0,ok,,same noisy image reused for all methods
bsd68,test038,481,321,15,2493776699,Gaussian_SciPy,"scipy.ndimage.gaussian_filter(sigma_filter=1.5, reflect)",26.722014,0.72659569,3.236,ok,,Optimized replacement for Python-loop Gaussian filter.
bsd68,test038,481,321,15,2493776699,Median_SciPy,"scipy.ndimage.median_filter(size=3, reflect)",28.183296,0.76011698,16.604,ok,,Optimized replacement for Python-loop median filter.
bsd68,test038,481,321,15,2493776699,NLM_Skimage_Fast,"skimage.denoise_nl_means(fast_mode=True, h=0.8*sigma, sigma=known_sigma)",29.580516,0.80294938,373.789,ok,,Fast engineering baseline; not the original patchwise NLM runtime.
bsd68,test038,481,321,15,2493776699,NLM_IPOL_Like,skimage.denoise_nl_means(fast_mode=False) with IPOL grayscale parameter schedule,27.463495,0.71095147,2767.819,ok,,Closer to IPOL patchwise parameters; can be very slow.
bsd68,test038,481,321,15,2493776699,BM3D_TAU,"bm3d.bm3d(noisy_float01, sigma_psd=sigma/255)",31.303387,0.87129429,1356.145,ok,,Reference classical upper baseline for AWGN.
bsd68,test038,481,321,20,53202455,Noisy,"clean + AWGN, clipped to [0,1]",22.169689,0.48238188,0.0,ok,,same noisy image reused for all methods
bsd68,test038,481,321,20,53202455,Gaussian_SciPy,"scipy.ndimage.gaussian_filter(sigma_filter=1.5, reflect)",26.527393,0.7101342,3.19,ok,,Optimized replacement for Python-loop Gaussian filter.
bsd68,test038,481,321,20,53202455,Median_SciPy,"scipy.ndimage.median_filter(size=3, reflect)",26.919844,0.6910995,15.509,ok,,Optimized replacement for Python-loop median filter.
bsd68,test038,481,321,20,53202455,NLM_Skimage_Fast,"skimage.denoise_nl_means(fast_mode=True, h=0.8*sigma, sigma=known_sigma)",28.04544,0.73917587,364.789,ok,,Fast engineering baseline; not the original patchwise NLM runtime.
bsd68,test038,481,321,20,53202455,NLM_IPOL_Like,skimage.denoise_nl_means(fast_mode=False) with IPOL grayscale parameter schedule,27.248303,0.71201951,4393.319,ok,,Closer to IPOL patchwise parameters; can be very slow.
bsd68,test038,481,321,20,53202455,BM3D_TAU,"bm3d.bm3d(noisy_float01, sigma_psd=sigma/255)",29.831411,0.82608604,1433.177,ok,,Reference classical upper baseline for AWGN.
bsd68,test038,481,321,25,1655669340,Noisy,"clean + AWGN, clipped to [0,1]",20.347704,0.39803193,0.0,ok,,same noisy image reused for all methods
bsd68,test038,481,321,25,1655669340,Gaussian_SciPy,"scipy.ndimage.gaussian_filter(sigma_filter=1.5, reflect)",26.287058,0.68894232,1.75,ok,,Optimized replacement for Python-loop Gaussian filter.
bsd68,test038,481,321,25,1655669340,Median_SciPy,"scipy.ndimage.median_filter(size=3, reflect)",25.806915,0.62635196,15.806,ok,,Optimized replacement for Python-loop median filter.
bsd68,test038,481,321,25,1655669340,NLM_Skimage_Fast,"skimage.denoise_nl_means(fast_mode=True, h=0.8*sigma, sigma=known_sigma)",26.908624,0.68058889,359.075,ok,,Fast engineering baseline; not the original patchwise NLM runtime.
bsd68,test038,481,321,25,1655669340,NLM_IPOL_Like,skimage.denoise_nl_means(fast_mode=False) with IPOL grayscale parameter schedule,26.132426,0.64932274,4379.993,ok,,Closer to IPOL patchwise parameters; can be very slow.
bsd68,test038,481,321,25,1655669340,BM3D_TAU,"bm3d.bm3d(noisy_float01, sigma_psd=sigma/255)",28.735617,0.78024249,1408.225,ok,,Reference classical upper baseline for AWGN.
bsd68,test038,481,321,30,420186301,Noisy,"clean + AWGN, clipped to [0,1]",18.861938,0.33380643,0.0,ok,,same noisy image reused for all methods
bsd68,test038,481,321,30,420186301,Gaussian_SciPy,"scipy.ndimage.gaussian_filter(sigma_filter=1.5, reflect)",25.992103,0.67082294,2.584,ok,,Optimized replacement for Python-loop Gaussian filter.
bsd68,test038,481,321,30,420186301,Median_SciPy,"scipy.ndimage.median_filter(size=3, reflect)",24.723996,0.56893196,16.585,ok,,Optimized replacement for Python-loop median filter.
bsd68,test038,481,321,30,420186301,NLM_Skimage_Fast,"skimage.denoise_nl_means(fast_mode=True, h=0.8*sigma, sigma=known_sigma)",26.03581,0.6357879,356.034,ok,,Fast engineering baseline; not the original patchwise NLM runtime.
bsd68,test038,481,321,30,420186301,NLM_IPOL_Like,skimage.denoise_nl_means(fast_mode=False) with IPOL grayscale parameter schedule,25.228495,0.59955132,4475.415,ok,,Closer to IPOL patchwise parameters; can be very slow.
bsd68,test038,481,321,30,420186301,BM3D_TAU,"bm3d.bm3d(noisy_float01, sigma_psd=sigma/255)",27.857786,0.74605979,1407.251,ok,,Reference classical upper baseline for AWGN.
bsd68,test038,481,321,35,2156053947,Noisy,"clean + AWGN, clipped to [0,1]",17.64233,0.28350233,0.0,ok,,same noisy image reused for all methods
bsd68,test038,481,321,35,2156053947,Gaussian_SciPy,"scipy.ndimage.gaussian_filter(sigma_filter=1.5, reflect)",25.66397,0.64443132,2.46,ok,,Optimized replacement for Python-loop Gaussian filter.
bsd68,test038,481,321,35,2156053947,Median_SciPy,"scipy.ndimage.median_filter(size=3, reflect)",23.737582,0.51526039,17.675,ok,,Optimized replacement for Python-loop median filter.
bsd68,test038,481,321,35,2156053947,NLM_Skimage_Fast,"skimage.denoise_nl_means(fast_mode=True, h=0.8*sigma, sigma=known_sigma)",25.340217,0.59272381,354.757,ok,,Fast engineering baseline; not the original patchwise NLM runtime.
bsd68,test038,481,321,35,2156053947,NLM_IPOL_Like,skimage.denoise_nl_means(fast_mode=False) with IPOL grayscale parameter schedule,25.366521,0.60928989,18408.642,ok,,Closer to IPOL patchwise parameters; can be very slow.
bsd68,test038,481,321,35,2156053947,BM3D_TAU,"bm3d.bm3d(noisy_float01, sigma_psd=sigma/255)",27.048763,0.70323647,1439.636,ok,,Reference classical upper baseline for AWGN.
bsd68,test038,481,321,40,498298467,Noisy,"clean + AWGN, clipped to [0,1]",16.601667,0.24330011,0.0,ok,,same noisy image reused for all methods
bsd68,test038,481,321,40,498298467,Gaussian_SciPy,"scipy.ndimage.gaussian_filter(sigma_filter=1.5, reflect)",25.286119,0.62153956,1.681,ok,,Optimized replacement for Python-loop Gaussian filter.
bsd68,test038,481,321,40,498298467,Median_SciPy,"scipy.ndimage.median_filter(size=3, reflect)",22.894686,0.47061999,16.492,ok,,Optimized replacement for Python-loop median filter.
bsd68,test038,481,321,40,498298467,NLM_Skimage_Fast,"skimage.denoise_nl_means(fast_mode=True, h=0.8*sigma, sigma=known_sigma)",24.778579,0.55757671,350.233,ok,,Fast engineering baseline; not the original patchwise NLM runtime.
bsd68,test038,481,321,40,498298467,NLM_IPOL_Like,skimage.denoise_nl_means(fast_mode=False) with IPOL grayscale parameter schedule,24.770436,0.56937057,18971.639,ok,,Closer to IPOL patchwise parameters; can be very slow.
bsd68,test038,481,321,40,498298467,BM3D_TAU,"bm3d.bm3d(noisy_float01, sigma_psd=sigma/255)",26.438196,0.6680374,1387.808,ok,,Reference classical upper baseline for AWGN.
bsd68,test038,481,321,50,1191958830,Noisy,"clean + AWGN, clipped to [0,1]",14.897145,0.1854546,0.0,ok,,same noisy image reused for all methods
bsd68,test038,481,321,50,1191958830,Gaussian_SciPy,"scipy.ndimage.gaussian_filter(sigma_filter=1.5, reflect)",24.534275,0.57690985,1.646,ok,,Optimized replacement for Python-loop Gaussian filter.
bsd68,test038,481,321,50,1191958830,Median_SciPy,"scipy.ndimage.median_filter(size=3, reflect)",21.329508,0.39302512,18.0,ok,,Optimized replacement for Python-loop median filter.
bsd68,test038,481,321,50,1191958830,NLM_Skimage_Fast,"skimage.denoise_nl_means(fast_mode=True, h=0.8*sigma, sigma=known_sigma)",23.875926,0.50689807,355.889,ok,,Fast engineering baseline; not the original patchwise NLM runtime.
bsd68,test038,481,321,50,1191958830,NLM_IPOL_Like,skimage.denoise_nl_means(fast_mode=False) with IPOL grayscale parameter schedule,24.031325,0.52526733,29869.7,ok,,Closer to IPOL patchwise parameters; can be very slow.
bsd68,test038,481,321,50,1191958830,BM3D_TAU,"bm3d.bm3d(noisy_float01, sigma_psd=sigma/255)",25.370564,0.6072766,1430.581,ok,,Reference classical upper baseline for AWGN.
bsd68,test038,481,321,75,1985235163,Noisy,"clean + AWGN, clipped to [0,1]",12.063667,0.10716556,0.0,ok,,same noisy image reused for all methods
bsd68,test038,481,321,75,1985235163,Gaussian_SciPy,"scipy.ndimage.gaussian_filter(sigma_filter=1.5, reflect)",22.394422,0.47545953,3.338,ok,,Optimized replacement for Python-loop Gaussian filter.
bsd68,test038,481,321,75,1985235163,Median_SciPy,"scipy.ndimage.median_filter(size=3, reflect)",18.31581,0.25831689,17.49,ok,,Optimized replacement for Python-loop median filter.
bsd68,test038,481,321,75,1985235163,NLM_Skimage_Fast,"skimage.denoise_nl_means(fast_mode=True, h=0.8*sigma, sigma=known_sigma)",21.78975,0.42653664,361.948,ok,,Fast engineering baseline; not the original patchwise NLM runtime.
bsd68,test038,481,321,75,1985235163,NLM_IPOL_Like,skimage.denoise_nl_means(fast_mode=False) with IPOL grayscale parameter schedule,21.774771,0.43209366,31672.973,ok,,Closer to IPOL patchwise parameters; can be very slow.
bsd68,test038,481,321,75,1985235163,BM3D_TAU,"bm3d.bm3d(noisy_float01, sigma_psd=sigma/255)",23.202469,0.50932037,1415.789,ok,,Reference classical upper baseline for AWGN.
bsd68,test039,481,321,5,1169116169,Noisy,"clean + AWGN, clipped to [0,1]",34.149898,0.8601788,0.0,ok,,same noisy image reused for all methods
bsd68,test039,481,321,5,1169116169,Gaussian_SciPy,"scipy.ndimage.gaussian_filter(sigma_filter=1.5, reflect)",29.223273,0.8967534,2.047,ok,,Optimized replacement for Python-loop Gaussian filter.
bsd68,test039,481,321,5,1169116169,Median_SciPy,"scipy.ndimage.median_filter(size=3, reflect)",36.33587,0.94888749,14.996,ok,,Optimized replacement for Python-loop median filter.
bsd68,test039,481,321,5,1169116169,NLM_Skimage_Fast,"skimage.denoise_nl_means(fast_mode=True, h=0.8*sigma, sigma=known_sigma)",39.363794,0.9696096,312.319,ok,,Fast engineering baseline; not the original patchwise NLM runtime.
bsd68,test039,481,321,5,1169116169,NLM_IPOL_Like,skimage.denoise_nl_means(fast_mode=False) with IPOL grayscale parameter schedule,36.362227,0.91762787,2464.686,ok,,Closer to IPOL patchwise parameters; can be very slow.
bsd68,test039,481,321,5,1169116169,BM3D_TAU,"bm3d.bm3d(noisy_float01, sigma_psd=sigma/255)",40.992383,0.97770844,1354.118,ok,,Reference classical upper baseline for AWGN.
bsd68,test039,481,321,10,1045252785,Noisy,"clean + AWGN, clipped to [0,1]",28.144284,0.64881104,0.0,ok,,same noisy image reused for all methods
bsd68,test039,481,321,10,1045252785,Gaussian_SciPy,"scipy.ndimage.gaussian_filter(sigma_filter=1.5, reflect)",29.066456,0.8842098,1.949,ok,,Optimized replacement for Python-loop Gaussian filter.
bsd68,test039,481,321,10,1045252785,Median_SciPy,"scipy.ndimage.median_filter(size=3, reflect)",33.264219,0.8789473,17.807,ok,,Optimized replacement for Python-loop median filter.
bsd68,test039,481,321,10,1045252785,NLM_Skimage_Fast,"skimage.denoise_nl_means(fast_mode=True, h=0.8*sigma, sigma=known_sigma)",35.231665,0.93165015,336.001,ok,,Fast engineering baseline; not the original patchwise NLM runtime.
bsd68,test039,481,321,10,1045252785,NLM_IPOL_Like,skimage.denoise_nl_means(fast_mode=False) with IPOL grayscale parameter schedule,31.085422,0.77815987,2639.475,ok,,Closer to IPOL patchwise parameters; can be very slow.
bsd68,test039,481,321,10,1045252785,BM3D_TAU,"bm3d.bm3d(noisy_float01, sigma_psd=sigma/255)",37.504904,0.9580376,1354.072,ok,,Reference classical upper baseline for AWGN.
bsd68,test039,481,321,15,3728865843,Noisy,"clean + AWGN, clipped to [0,1]",24.615453,0.49456004,0.0,ok,,same noisy image reused for all methods
bsd68,test039,481,321,15,3728865843,Gaussian_SciPy,"scipy.ndimage.gaussian_filter(sigma_filter=1.5, reflect)",28.840283,0.86569944,3.105,ok,,Optimized replacement for Python-loop Gaussian filter.
bsd68,test039,481,321,15,3728865843,Median_SciPy,"scipy.ndimage.median_filter(size=3, reflect)",30.768612,0.79334135,16.994,ok,,Optimized replacement for Python-loop median filter.
bsd68,test039,481,321,15,3728865843,NLM_Skimage_Fast,"skimage.denoise_nl_means(fast_mode=True, h=0.8*sigma, sigma=known_sigma)",32.701733,0.89213546,344.445,ok,,Fast engineering baseline; not the original patchwise NLM runtime.
bsd68,test039,481,321,15,3728865843,NLM_IPOL_Like,skimage.denoise_nl_means(fast_mode=False) with IPOL grayscale parameter schedule,27.960915,0.64693061,2736.159,ok,,Closer to IPOL patchwise parameters; can be very slow.
bsd68,test039,481,321,15,3728865843,BM3D_TAU,"bm3d.bm3d(noisy_float01, sigma_psd=sigma/255)",35.376003,0.93968249,1393.559,ok,,Reference classical upper baseline for AWGN.
bsd68,test039,481,321,20,3467170646,Noisy,"clean + AWGN, clipped to [0,1]",22.125086,0.39037189,0.0,ok,,same noisy image reused for all methods
bsd68,test039,481,321,20,3467170646,Gaussian_SciPy,"scipy.ndimage.gaussian_filter(sigma_filter=1.5, reflect)",28.516943,0.84114314,2.782,ok,,Optimized replacement for Python-loop Gaussian filter.
bsd68,test039,481,321,20,3467170646,Median_SciPy,"scipy.ndimage.median_filter(size=3, reflect)",28.774776,0.70923854,17.184,ok,,Optimized replacement for Python-loop median filter.
bsd68,test039,481,321,20,3467170646,NLM_Skimage_Fast,"skimage.denoise_nl_means(fast_mode=True, h=0.8*sigma, sigma=known_sigma)",30.979556,0.85551321,352.203,ok,,Fast engineering baseline; not the original patchwise NLM runtime.
bsd68,test039,481,321,20,3467170646,NLM_IPOL_Like,skimage.denoise_nl_means(fast_mode=False) with IPOL grayscale parameter schedule,28.461035,0.69498295,4231.525,ok,,Closer to IPOL patchwise parameters; can be very slow.
bsd68,test039,481,321,20,3467170646,BM3D_TAU,"bm3d.bm3d(noisy_float01, sigma_psd=sigma/255)",33.709562,0.91809613,1395.189,ok,,Reference classical upper baseline for AWGN.
bsd68,test039,481,321,25,4229923051,Noisy,"clean + AWGN, clipped to [0,1]",20.22407,0.31726695,0.0,ok,,same noisy image reused for all methods
bsd68,test039,481,321,25,4229923051,Gaussian_SciPy,"scipy.ndimage.gaussian_filter(sigma_filter=1.5, reflect)",28.117227,0.80990843,2.665,ok,,Optimized replacement for Python-loop Gaussian filter.
bsd68,test039,481,321,25,4229923051,Median_SciPy,"scipy.ndimage.median_filter(size=3, reflect)",27.079888,0.62685056,15.408,ok,,Optimized replacement for Python-loop median filter.
bsd68,test039,481,321,25,4229923051,NLM_Skimage_Fast,"skimage.denoise_nl_means(fast_mode=True, h=0.8*sigma, sigma=known_sigma)",29.58119,0.82047285,352.316,ok,,Fast engineering baseline; not the original patchwise NLM runtime.
bsd68,test039,481,321,25,4229923051,NLM_IPOL_Like,skimage.denoise_nl_means(fast_mode=False) with IPOL grayscale parameter schedule,27.017415,0.62102402,4341.626,ok,,Closer to IPOL patchwise parameters; can be very slow.
bsd68,test039,481,321,25,4229923051,BM3D_TAU,"bm3d.bm3d(noisy_float01, sigma_psd=sigma/255)",32.313764,0.89351016,1382.84,ok,,Reference classical upper baseline for AWGN.
bsd68,test039,481,321,30,1401205416,Noisy,"clean + AWGN, clipped to [0,1]",18.674672,0.26599658,0.0,ok,,same noisy image reused for all methods
bsd68,test039,481,321,30,1401205416,Gaussian_SciPy,"scipy.ndimage.gaussian_filter(sigma_filter=1.5, reflect)",27.73641,0.78094189,2.341,ok,,Optimized replacement for Python-loop Gaussian filter.
bsd68,test039,481,321,30,1401205416,Median_SciPy,"scipy.ndimage.median_filter(size=3, reflect)",25.733849,0.56332683,17.099,ok,,Optimized replacement for Python-loop median filter.
bsd68,test039,481,321,30,1401205416,NLM_Skimage_Fast,"skimage.denoise_nl_means(fast_mode=True, h=0.8*sigma, sigma=known_sigma)",28.592447,0.79271744,353.656,ok,,Fast engineering baseline; not the original patchwise NLM runtime.
bsd68,test039,481,321,30,1401205416,NLM_IPOL_Like,skimage.denoise_nl_means(fast_mode=False) with IPOL grayscale parameter schedule,25.881809,0.56044323,4393.478,ok,,Closer to IPOL patchwise parameters; can be very slow.
bsd68,test039,481,321,30,1401205416,BM3D_TAU,"bm3d.bm3d(noisy_float01, sigma_psd=sigma/255)",31.367092,0.87564036,1413.097,ok,,Reference classical upper baseline for AWGN.
bsd68,test039,481,321,35,1310426605,Noisy,"clean + AWGN, clipped to [0,1]",17.381273,0.22552606,0.0,ok,,same noisy image reused for all methods
bsd68,test039,481,321,35,1310426605,Gaussian_SciPy,"scipy.ndimage.gaussian_filter(sigma_filter=1.5, reflect)",27.219116,0.74813431,2.576,ok,,Optimized replacement for Python-loop Gaussian filter.
bsd68,test039,481,321,35,1310426605,Median_SciPy,"scipy.ndimage.median_filter(size=3, reflect)",24.513054,0.50300919,16.716,ok,,Optimized replacement for Python-loop median filter.
bsd68,test039,481,321,35,1310426605,NLM_Skimage_Fast,"skimage.denoise_nl_means(fast_mode=True, h=0.8*sigma, sigma=known_sigma)",27.550402,0.76379685,350.623,ok,,Fast engineering baseline; not the original patchwise NLM runtime.
bsd68,test039,481,321,35,1310426605,NLM_IPOL_Like,skimage.denoise_nl_means(fast_mode=False) with IPOL grayscale parameter schedule,26.181932,0.59985083,17557.976,ok,,Closer to IPOL patchwise parameters; can be very slow.
bsd68,test039,481,321,35,1310426605,BM3D_TAU,"bm3d.bm3d(noisy_float01, sigma_psd=sigma/255)",30.366876,0.85402813,1474.64,ok,,Reference classical upper baseline for AWGN.
bsd68,test039,481,321,40,4196274787,Noisy,"clean + AWGN, clipped to [0,1]",16.311926,0.19675694,0.0,ok,,same noisy image reused for all methods
bsd68,test039,481,321,40,4196274787,Gaussian_SciPy,"scipy.ndimage.gaussian_filter(sigma_filter=1.5, reflect)",26.795658,0.7182536,2.539,ok,,Optimized replacement for Python-loop Gaussian filter.
bsd68,test039,481,321,40,4196274787,Median_SciPy,"scipy.ndimage.median_filter(size=3, reflect)",23.4538,0.45527147,15.696,ok,,Optimized replacement for Python-loop median filter.
bsd68,test039,481,321,40,4196274787,NLM_Skimage_Fast,"skimage.denoise_nl_means(fast_mode=True, h=0.8*sigma, sigma=known_sigma)",26.853271,0.74318171,354.668,ok,,Fast engineering baseline; not the original patchwise NLM runtime.
bsd68,test039,481,321,40,4196274787,NLM_IPOL_Like,skimage.denoise_nl_means(fast_mode=False) with IPOL grayscale parameter schedule,25.558529,0.57010245,18001.776,ok,,Closer to IPOL patchwise parameters; can be very slow.
bsd68,test039,481,321,40,4196274787,BM3D_TAU,"bm3d.bm3d(noisy_float01, sigma_psd=sigma/255)",29.612639,0.83583393,1483.732,ok,,Reference classical upper baseline for AWGN.
bsd68,test039,481,321,50,3619880525,Noisy,"clean + AWGN, clipped to [0,1]",14.561376,0.15258365,0.0,ok,,same noisy image reused for all methods
bsd68,test039,481,321,50,3619880525,Gaussian_SciPy,"scipy.ndimage.gaussian_filter(sigma_filter=1.5, reflect)",25.827656,0.66132012,3.267,ok,,Optimized replacement for Python-loop Gaussian filter.
bsd68,test039,481,321,50,3619880525,Median_SciPy,"scipy.ndimage.median_filter(size=3, reflect)",21.597367,0.37385392,15.664,ok,,Optimized replacement for Python-loop median filter.
bsd68,test039,481,321,50,3619880525,NLM_Skimage_Fast,"skimage.denoise_nl_means(fast_mode=True, h=0.8*sigma, sigma=known_sigma)",25.324193,0.70170258,354.323,ok,,Fast engineering baseline; not the original patchwise NLM runtime.
bsd68,test039,481,321,50,3619880525,NLM_IPOL_Like,skimage.denoise_nl_means(fast_mode=False) with IPOL grayscale parameter schedule,25.499377,0.61998658,28293.236,ok,,Closer to IPOL patchwise parameters; can be very slow.
bsd68,test039,481,321,50,3619880525,BM3D_TAU,"bm3d.bm3d(noisy_float01, sigma_psd=sigma/255)",28.186267,0.80198249,1528.884,ok,,Reference classical upper baseline for AWGN.
bsd68,test039,481,321,75,1623693559,Noisy,"clean + AWGN, clipped to [0,1]",11.765312,0.09500408,0.0,ok,,same noisy image reused for all methods
bsd68,test039,481,321,75,1623693559,Gaussian_SciPy,"scipy.ndimage.gaussian_filter(sigma_filter=1.5, reflect)",23.621589,0.53707771,3.508,ok,,Optimized replacement for Python-loop Gaussian filter.
bsd68,test039,481,321,75,1623693559,Median_SciPy,"scipy.ndimage.median_filter(size=3, reflect)",18.32642,0.25099653,16.437,ok,,Optimized replacement for Python-loop median filter.
bsd68,test039,481,321,75,1623693559,NLM_Skimage_Fast,"skimage.denoise_nl_means(fast_mode=True, h=0.8*sigma, sigma=known_sigma)",22.1456,0.61583058,348.239,ok,,Fast engineering baseline; not the original patchwise NLM runtime.
bsd68,test039,481,321,75,1623693559,NLM_IPOL_Like,skimage.denoise_nl_means(fast_mode=False) with IPOL grayscale parameter schedule,22.745226,0.62843825,31047.11,ok,,Closer to IPOL patchwise parameters; can be very slow.
bsd68,test039,481,321,75,1623693559,BM3D_TAU,"bm3d.bm3d(noisy_float01, sigma_psd=sigma/255)",25.578846,0.73833306,1441.19,ok,,Reference classical upper baseline for AWGN.
bsd68,test040,321,481,5,1023699248,Noisy,"clean + AWGN, clipped to [0,1]",34.245755,0.89751485,0.0,ok,,same noisy image reused for all methods
bsd68,test040,321,481,5,1023699248,Gaussian_SciPy,"scipy.ndimage.gaussian_filter(sigma_filter=1.5, reflect)",24.810276,0.72059695,1.81,ok,,Optimized replacement for Python-loop Gaussian filter.
bsd68,test040,321,481,5,1023699248,Median_SciPy,"scipy.ndimage.median_filter(size=3, reflect)",28.389146,0.81766135,17.398,ok,,Optimized replacement for Python-loop median filter.
bsd68,test040,321,481,5,1023699248,NLM_Skimage_Fast,"skimage.denoise_nl_means(fast_mode=True, h=0.8*sigma, sigma=known_sigma)",35.894429,0.92192791,312.292,ok,,Fast engineering baseline; not the original patchwise NLM runtime.
bsd68,test040,321,481,5,1023699248,NLM_IPOL_Like,skimage.denoise_nl_means(fast_mode=False) with IPOL grayscale parameter schedule,,,2433.614,ok,,Closer to IPOL patchwise parameters; can be very slow.
bsd68,test040,321,481,5,1023699248,BM3D_TAU,"bm3d.bm3d(noisy_float01, sigma_psd=sigma/255)",36.866107,0.94378983,1354.434,ok,,Reference classical upper baseline for AWGN.
bsd68,test040,321,481,10,1222373854,Noisy,"clean + AWGN, clipped to [0,1]",28.298188,0.72652973,0.0,ok,,same noisy image reused for all methods
bsd68,test040,321,481,10,1222373854,Gaussian_SciPy,"scipy.ndimage.gaussian_filter(sigma_filter=1.5, reflect)",24.726869,0.71267048,2.551,ok,,Optimized replacement for Python-loop Gaussian filter.
bsd68,test040,321,481,10,1222373854,Median_SciPy,"scipy.ndimage.median_filter(size=3, reflect)",27.693146,0.76721697,15.966,ok,,Optimized replacement for Python-loop median filter.
bsd68,test040,321,481,10,1222373854,NLM_Skimage_Fast,"skimage.denoise_nl_means(fast_mode=True, h=0.8*sigma, sigma=known_sigma)",31.966723,0.84250002,326.483,ok,,Fast engineering baseline; not the original patchwise NLM runtime.
bsd68,test040,321,481,10,1222373854,NLM_IPOL_Like,skimage.denoise_nl_means(fast_mode=False) with IPOL grayscale parameter schedule,30.692828,0.81915957,2615.833,ok,,Closer to IPOL patchwise parameters; can be very slow.
bsd68,test040,321,481,10,1222373854,BM3D_TAU,"bm3d.bm3d(noisy_float01, sigma_psd=sigma/255)",32.993319,0.87676922,1399.819,ok,,Reference classical upper baseline for AWGN.
bsd68,test040,321,481,15,317711553,Noisy,"clean + AWGN, clipped to [0,1]",24.79988,0.58339746,0.0,ok,,same noisy image reused for all methods
bsd68,test040,321,481,15,317711553,Gaussian_SciPy,"scipy.ndimage.gaussian_filter(sigma_filter=1.5, reflect)",24.607894,0.70088226,3.149,ok,,Optimized replacement for Python-loop Gaussian filter.
bsd68,test040,321,481,15,317711553,Median_SciPy,"scipy.ndimage.median_filter(size=3, reflect)",26.824554,0.70412079,16.109,ok,,Optimized replacement for Python-loop median filter.
bsd68,test040,321,481,15,317711553,NLM_Skimage_Fast,"skimage.denoise_nl_means(fast_mode=True, h=0.8*sigma, sigma=known_sigma)",29.951906,0.79092572,338.211,ok,,Fast engineering baseline; not the original patchwise NLM runtime.
bsd68,test040,321,481,15,317711553,NLM_IPOL_Like,skimage.denoise_nl_means(fast_mode=False) with IPOL grayscale parameter schedule,27.832529,0.71313867,2698.635,ok,,Closer to IPOL patchwise parameters; can be very slow.
bsd68,test040,321,481,15,317711553,BM3D_TAU,"bm3d.bm3d(noisy_float01, sigma_psd=sigma/255)",31.046153,0.83255983,1345.136,ok,,Reference classical upper baseline for AWGN.
bsd68,test040,321,481,20,3798009920,Noisy,"clean + AWGN, clipped to [0,1]",22.340769,0.47907953,0.0,ok,,same noisy image reused for all methods
bsd68,test040,321,481,20,3798009920,Gaussian_SciPy,"scipy.ndimage.gaussian_filter(sigma_filter=1.5, reflect)",24.440187,0.68261972,2.17,ok,,Optimized replacement for Python-loop Gaussian filter.
bsd68,test040,321,481,20,3798009920,Median_SciPy,"scipy.ndimage.median_filter(size=3, reflect)",25.870581,0.63957867,15.62,ok,,Optimized replacement for Python-loop median filter.
bsd68,test040,321,481,20,3798009920,NLM_Skimage_Fast,"skimage.denoise_nl_means(fast_mode=True, h=0.8*sigma, sigma=known_sigma)",28.422591,0.74835369,347.408,ok,,Fast engineering baseline; not the original patchwise NLM runtime.
bsd68,test040,321,481,20,3798009920,NLM_IPOL_Like,skimage.denoise_nl_means(fast_mode=False) with IPOL grayscale parameter schedule,27.442599,0.71523285,4118.2,ok,,Closer to IPOL patchwise parameters; can be very slow.
bsd68,test040,321,481,20,3798009920,BM3D_TAU,"bm3d.bm3d(noisy_float01, sigma_psd=sigma/255)",29.689153,0.79717718,1392.351,ok,,Reference classical upper baseline for AWGN.
bsd68,test040,321,481,25,792780508,Noisy,"clean + AWGN, clipped to [0,1]",20.420347,0.40260078,0.0,ok,,same noisy image reused for all methods
bsd68,test040,321,481,25,792780508,Gaussian_SciPy,"scipy.ndimage.gaussian_filter(sigma_filter=1.5, reflect)",24.23024,0.66430462,3.185,ok,,Optimized replacement for Python-loop Gaussian filter.
bsd68,test040,321,481,25,792780508,Median_SciPy,"scipy.ndimage.median_filter(size=3, reflect)",24.904162,0.57823111,16.008,ok,,Optimized replacement for Python-loop median filter.
bsd68,test040,321,481,25,792780508,NLM_Skimage_Fast,"skimage.denoise_nl_means(fast_mode=True, h=0.8*sigma, sigma=known_sigma)",27.15118,0.71473305,363.256,ok,,Fast engineering baseline; not the original patchwise NLM runtime.
bsd68,test040,321,481,25,792780508,NLM_IPOL_Like,skimage.denoise_nl_means(fast_mode=False) with IPOL grayscale parameter schedule,26.128309,0.65926899,4217.748,ok,,Closer to IPOL patchwise parameters; can be very slow.
bsd68,test040,321,481,25,792780508,BM3D_TAU,"bm3d.bm3d(noisy_float01, sigma_psd=sigma/255)",28.610845,0.77284688,1365.546,ok,,Reference classical upper baseline for AWGN.
bsd68,test040,321,481,30,2811717853,Noisy,"clean + AWGN, clipped to [0,1]",18.851188,0.34298564,0.0,ok,,same noisy image reused for all methods
bsd68,test040,321,481,30,2811717853,Gaussian_SciPy,"scipy.ndimage.gaussian_filter(sigma_filter=1.5, reflect)",23.9838,0.64190604,1.978,ok,,Optimized replacement for Python-loop Gaussian filter.
bsd68,test040,321,481,30,2811717853,Median_SciPy,"scipy.ndimage.median_filter(size=3, reflect)",24.023362,0.52758097,17.096,ok,,Optimized replacement for Python-loop median filter.
bsd68,test040,321,481,30,2811717853,NLM_Skimage_Fast,"skimage.denoise_nl_means(fast_mode=True, h=0.8*sigma, sigma=known_sigma)",26.089392,0.68379975,354.891,ok,,Fast engineering baseline; not the original patchwise NLM runtime.
bsd68,test040,321,481,30,2811717853,NLM_IPOL_Like,skimage.denoise_nl_means(fast_mode=False) with IPOL grayscale parameter schedule,25.055233,0.6046018,4335.557,ok,,Closer to IPOL patchwise parameters; can be very slow.
bsd68,test040,321,481,30,2811717853,BM3D_TAU,"bm3d.bm3d(noisy_float01, sigma_psd=sigma/255)",27.707421,0.74728637,1417.728,ok,,Reference classical upper baseline for AWGN.
bsd68,test040,321,481,35,1598940986,Noisy,"clean + AWGN, clipped to [0,1]",17.580764,0.29970903,0.0,ok,,same noisy image reused for all methods
bsd68,test040,321,481,35,1598940986,Gaussian_SciPy,"scipy.ndimage.gaussian_filter(sigma_filter=1.5, reflect)",23.726026,0.62271769,2.465,ok,,Optimized replacement for Python-loop Gaussian filter.
bsd68,test040,321,481,35,1598940986,Median_SciPy,"scipy.ndimage.median_filter(size=3, reflect)",23.215414,0.48399526,16.312,ok,,Optimized replacement for Python-loop median filter.
bsd68,test040,321,481,35,1598940986,NLM_Skimage_Fast,"skimage.denoise_nl_means(fast_mode=True, h=0.8*sigma, sigma=known_sigma)",25.094817,0.65440412,354.984,ok,,Fast engineering baseline; not the original patchwise NLM runtime.
bsd68,test040,321,481,35,1598940986,NLM_IPOL_Like,skimage.denoise_nl_means(fast_mode=False) with IPOL grayscale parameter schedule,25.039113,0.6260433,17338.573,ok,,Closer to IPOL patchwise parameters; can be very slow.
bsd68,test040,321,481,35,1598940986,BM3D_TAU,"bm3d.bm3d(noisy_float01, sigma_psd=sigma/255)",26.942559,0.72845596,1419.558,ok,,Reference classical upper baseline for AWGN.
bsd68,test040,321,481,40,2122222474,Noisy,"clean + AWGN, clipped to [0,1]",16.450726,0.26483812,0.0,ok,,same noisy image reused for all methods
bsd68,test040,321,481,40,2122222474,Gaussian_SciPy,"scipy.ndimage.gaussian_filter(sigma_filter=1.5, reflect)",23.466154,0.60254409,1.944,ok,,Optimized replacement for Python-loop Gaussian filter.
bsd68,test040,321,481,40,2122222474,Median_SciPy,"scipy.ndimage.median_filter(size=3, reflect)",22.380039,0.44108509,15.928,ok,,Optimized replacement for Python-loop median filter.
bsd68,test040,321,481,40,2122222474,NLM_Skimage_Fast,"skimage.denoise_nl_means(fast_mode=True, h=0.8*sigma, sigma=known_sigma)",24.348827,0.63078146,354.523,ok,,Fast engineering baseline; not the original patchwise NLM runtime.
bsd68,test040,321,481,40,2122222474,NLM_IPOL_Like,skimage.denoise_nl_means(fast_mode=False) with IPOL grayscale parameter schedule,24.388579,0.59238333,17938.276,ok,,Closer to IPOL patchwise parameters; can be very slow.
bsd68,test040,321,481,40,2122222474,BM3D_TAU,"bm3d.bm3d(noisy_float01, sigma_psd=sigma/255)",26.297557,0.71173478,1553.725,ok,,Reference classical upper baseline for AWGN.
bsd68,test040,321,481,50,1231936227,Noisy,"clean + AWGN, clipped to [0,1]",14.679087,0.21277275,0.0,ok,,same noisy image reused for all methods
bsd68,test040,321,481,50,1231936227,Gaussian_SciPy,"scipy.ndimage.gaussian_filter(sigma_filter=1.5, reflect)",22.826902,0.55938272,3.579,ok,,Optimized replacement for Python-loop Gaussian filter.
bsd68,test040,321,481,50,1231936227,Median_SciPy,"scipy.ndimage.median_filter(size=3, reflect)",20.931827,0.37895552,16.578,ok,,Optimized replacement for Python-loop median filter.
bsd68,test040,321,481,50,1231936227,NLM_Skimage_Fast,"skimage.denoise_nl_means(fast_mode=True, h=0.8*sigma, sigma=known_sigma)",22.876964,0.57732727,353.736,ok,,Fast engineering baseline; not the original patchwise NLM runtime.
bsd68,test040,321,481,50,1231936227,NLM_IPOL_Like,skimage.denoise_nl_means(fast_mode=False) with IPOL grayscale parameter schedule,23.878454,0.5840684,27834.651,ok,,Closer to IPOL patchwise parameters; can be very slow.
bsd68,test040,321,481,50,1231936227,BM3D_TAU,"bm3d.bm3d(noisy_float01, sigma_psd=sigma/255)",25.071692,0.67739018,1590.706,ok,,Reference classical upper baseline for AWGN.
bsd68,test040,321,481,75,523145611,Noisy,"clean + AWGN, clipped to [0,1]",11.808147,0.13672864,0.0,ok,,same noisy image reused for all methods
bsd68,test040,321,481,75,523145611,Gaussian_SciPy,"scipy.ndimage.gaussian_filter(sigma_filter=1.5, reflect)",21.292674,0.46731101,2.912,ok,,Optimized replacement for Python-loop Gaussian filter.
bsd68,test040,321,481,75,523145611,Median_SciPy,"scipy.ndimage.median_filter(size=3, reflect)",18.076934,0.2711707,15.656,ok,,Optimized replacement for Python-loop median filter.
bsd68,test040,321,481,75,523145611,NLM_Skimage_Fast,"skimage.denoise_nl_means(fast_mode=True, h=0.8*sigma, sigma=known_sigma)",20.089774,0.47718885,348.487,ok,,Fast engineering baseline; not the original patchwise NLM runtime.
bsd68,test040,321,481,75,523145611,NLM_IPOL_Like,skimage.denoise_nl_means(fast_mode=False) with IPOL grayscale parameter schedule,20.960979,0.51157137,31007.848,ok,,Closer to IPOL patchwise parameters; can be very slow.
bsd68,test040,321,481,75,523145611,BM3D_TAU,"bm3d.bm3d(noisy_float01, sigma_psd=sigma/255)",22.763712,0.60717084,1656.07,ok,,Reference classical upper baseline for AWGN.
bsd68,test041,321,481,5,2621163621,Noisy,"clean + AWGN, clipped to [0,1]",34.177111,0.89681499,0.0,ok,,same noisy image reused for all methods
bsd68,test041,321,481,5,2621163621,Gaussian_SciPy,"scipy.ndimage.gaussian_filter(sigma_filter=1.5, reflect)",24.05475,0.70385823,1.487,ok,,Optimized replacement for Python-loop Gaussian filter.
bsd68,test041,321,481,5,2621163621,Median_SciPy,"scipy.ndimage.median_filter(size=3, reflect)",26.493403,0.80422273,15.401,ok,,Optimized replacement for Python-loop median filter.
bsd68,test041,321,481,5,2621163621,NLM_Skimage_Fast,"skimage.denoise_nl_means(fast_mode=True, h=0.8*sigma, sigma=known_sigma)",36.138072,0.96462204,347.899,ok,,Fast engineering baseline; not the original patchwise NLM runtime.
bsd68,test041,321,481,5,2621163621,NLM_IPOL_Like,skimage.denoise_nl_means(fast_mode=False) with IPOL grayscale parameter schedule,,,2362.936,ok,,Closer to IPOL patchwise parameters; can be very slow.
bsd68,test041,321,481,5,2621163621,BM3D_TAU,"bm3d.bm3d(noisy_float01, sigma_psd=sigma/255)",36.824257,0.97287635,1515.771,ok,,Reference classical upper baseline for AWGN.
bsd68,test041,321,481,10,1936554230,Noisy,"clean + AWGN, clipped to [0,1]",28.26438,0.74595074,0.0,ok,,same noisy image reused for all methods
bsd68,test041,321,481,10,1936554230,Gaussian_SciPy,"scipy.ndimage.gaussian_filter(sigma_filter=1.5, reflect)",24.007068,0.69442668,2.496,ok,,Optimized replacement for Python-loop Gaussian filter.
bsd68,test041,321,481,10,1936554230,Median_SciPy,"scipy.ndimage.median_filter(size=3, reflect)",26.043423,0.75098152,15.652,ok,,Optimized replacement for Python-loop median filter.
bsd68,test041,321,481,10,1936554230,NLM_Skimage_Fast,"skimage.denoise_nl_means(fast_mode=True, h=0.8*sigma, sigma=known_sigma)",31.183793,0.89629899,328.261,ok,,Fast engineering baseline; not the original patchwise NLM runtime.
bsd68,test041,321,481,10,1936554230,NLM_IPOL_Like,skimage.denoise_nl_means(fast_mode=False) with IPOL grayscale parameter schedule,30.317892,0.84280536,2582.535,ok,,Closer to IPOL patchwise parameters; can be very slow.
bsd68,test041,321,481,10,1936554230,BM3D_TAU,"bm3d.bm3d(noisy_float01, sigma_psd=sigma/255)",32.283846,0.92764978,1546.017,ok,,Reference classical upper baseline for AWGN.
bsd68,test041,321,481,15,1646699366,Noisy,"clean + AWGN, clipped to [0,1]",24.870537,0.62674481,0.0,ok,,same noisy image reused for all methods
bsd68,test041,321,481,15,1646699366,Gaussian_SciPy,"scipy.ndimage.gaussian_filter(sigma_filter=1.5, reflect)",23.92077,0.68100898,3.031,ok,,Optimized replacement for Python-loop Gaussian filter.
bsd68,test041,321,481,15,1646699366,Median_SciPy,"scipy.ndimage.median_filter(size=3, reflect)",25.392778,0.68801972,15.703,ok,,Optimized replacement for Python-loop median filter.
bsd68,test041,321,481,15,1646699366,NLM_Skimage_Fast,"skimage.denoise_nl_means(fast_mode=True, h=0.8*sigma, sigma=known_sigma)",28.666557,0.8275021,348.529,ok,,Fast engineering baseline; not the original patchwise NLM runtime.
bsd68,test041,321,481,15,1646699366,NLM_IPOL_Like,skimage.denoise_nl_means(fast_mode=False) with IPOL grayscale parameter schedule,27.492479,0.7501382,2695.068,ok,,Closer to IPOL patchwise parameters; can be very slow.
bsd68,test041,321,481,15,1646699366,BM3D_TAU,"bm3d.bm3d(noisy_float01, sigma_psd=sigma/255)",29.937893,0.877181,1370.337,ok,,Reference classical upper baseline for AWGN.
bsd68,test041,321,481,20,4072489319,Noisy,"clean + AWGN, clipped to [0,1]",22.48867,0.53362419,0.0,ok,,same noisy image reused for all methods
bsd68,test041,321,481,20,4072489319,Gaussian_SciPy,"scipy.ndimage.gaussian_filter(sigma_filter=1.5, reflect)",23.787023,0.66248463,2.58,ok,,Optimized replacement for Python-loop Gaussian filter.
bsd68,test041,321,481,20,4072489319,Median_SciPy,"scipy.ndimage.median_filter(size=3, reflect)",24.688632,0.62932987,14.888,ok,,Optimized replacement for Python-loop median filter.
bsd68,test041,321,481,20,4072489319,NLM_Skimage_Fast,"skimage.denoise_nl_means(fast_mode=True, h=0.8*sigma, sigma=known_sigma)",27.016617,0.76727918,355.213,ok,,Fast engineering baseline; not the original patchwise NLM runtime.
bsd68,test041,321,481,20,4072489319,NLM_IPOL_Like,skimage.denoise_nl_means(fast_mode=False) with IPOL grayscale parameter schedule,26.740872,0.76397347,4066.934,ok,,Closer to IPOL patchwise parameters; can be very slow.
bsd68,test041,321,481,20,4072489319,BM3D_TAU,"bm3d.bm3d(noisy_float01, sigma_psd=sigma/255)",28.331327,0.826989,1384.186,ok,,Reference classical upper baseline for AWGN.
bsd68,test041,321,481,25,923421891,Noisy,"clean + AWGN, clipped to [0,1]",20.650845,0.45852423,0.0,ok,,same noisy image reused for all methods
bsd68,test041,321,481,25,923421891,Gaussian_SciPy,"scipy.ndimage.gaussian_filter(sigma_filter=1.5, reflect)",23.617373,0.64074514,2.954,ok,,Optimized replacement for Python-loop Gaussian filter.
bsd68,test041,321,481,25,923421891,Median_SciPy,"scipy.ndimage.median_filter(size=3, reflect)",23.990776,0.57808669,15.942,ok,,Optimized replacement for Python-loop median filter.
bsd68,test041,321,481,25,923421891,NLM_Skimage_Fast,"skimage.denoise_nl_means(fast_mode=True, h=0.8*sigma, sigma=known_sigma)",25.729206,0.71179561,361.535,ok,,Fast engineering baseline; not the original patchwise NLM runtime.
bsd68,test041,321,481,25,923421891,NLM_IPOL_Like,skimage.denoise_nl_means(fast_mode=False) with IPOL grayscale parameter schedule,25.556402,0.70692853,4234.949,ok,,Closer to IPOL patchwise parameters; can be very slow.
bsd68,test041,321,481,25,923421891,BM3D_TAU,"bm3d.bm3d(noisy_float01, sigma_psd=sigma/255)",27.14556,0.78075108,1402.294,ok,,Reference classical upper baseline for AWGN.
bsd68,test041,321,481,30,1839848299,Noisy,"clean + AWGN, clipped to [0,1]",19.162716,0.39935565,0.0,ok,,same noisy image reused for all methods
bsd68,test041,321,481,30,1839848299,Gaussian_SciPy,"scipy.ndimage.gaussian_filter(sigma_filter=1.5, reflect)",23.395782,0.61767837,3.58,ok,,Optimized replacement for Python-loop Gaussian filter.
bsd68,test041,321,481,30,1839848299,Median_SciPy,"scipy.ndimage.median_filter(size=3, reflect)",23.212456,0.52567473,19.661,ok,,Optimized replacement for Python-loop median filter.
bsd68,test041,321,481,30,1839848299,NLM_Skimage_Fast,"skimage.denoise_nl_means(fast_mode=True, h=0.8*sigma, sigma=known_sigma)",24.715145,0.6662304,364.051,ok,,Fast engineering baseline; not the original patchwise NLM runtime.
bsd68,test041,321,481,30,1839848299,NLM_IPOL_Like,skimage.denoise_nl_means(fast_mode=False) with IPOL grayscale parameter schedule,24.617506,0.65349671,4411.757,ok,,Closer to IPOL patchwise parameters; can be very slow.
bsd68,test041,321,481,30,1839848299,BM3D_TAU,"bm3d.bm3d(noisy_float01, sigma_psd=sigma/255)",26.230563,0.74588264,1418.129,ok,,Reference classical upper baseline for AWGN.
bsd68,test041,321,481,35,3732622192,Noisy,"clean + AWGN, clipped to [0,1]",17.945405,0.35029896,0.0,ok,,same noisy image reused for all methods
bsd68,test041,321,481,35,3732622192,Gaussian_SciPy,"scipy.ndimage.gaussian_filter(sigma_filter=1.5, reflect)",23.173818,0.59721151,2.214,ok,,Optimized replacement for Python-loop Gaussian filter.
bsd68,test041,321,481,35,3732622192,Median_SciPy,"scipy.ndimage.median_filter(size=3, reflect)",22.572165,0.48689661,16.648,ok,,Optimized replacement for Python-loop median filter.
bsd68,test041,321,481,35,3732622192,NLM_Skimage_Fast,"skimage.denoise_nl_means(fast_mode=True, h=0.8*sigma, sigma=known_sigma)",23.861967,0.62464974,356.941,ok,,Fast engineering baseline; not the original patchwise NLM runtime.
bsd68,test041,321,481,35,3732622192,NLM_IPOL_Like,skimage.denoise_nl_means(fast_mode=False) with IPOL grayscale parameter schedule,24.283305,0.6452162,17613.304,ok,,Closer to IPOL patchwise parameters; can be very slow.
bsd68,test041,321,481,35,3732622192,BM3D_TAU,"bm3d.bm3d(noisy_float01, sigma_psd=sigma/255)",25.47623,0.71313954,1378.752,ok,,Reference classical upper baseline for AWGN.
bsd68,test041,321,481,40,1372267366,Noisy,"clean + AWGN, clipped to [0,1]",16.887942,0.3099235,0.0,ok,,same noisy image reused for all methods
bsd68,test041,321,481,40,1372267366,Gaussian_SciPy,"scipy.ndimage.gaussian_filter(sigma_filter=1.5, reflect)",22.859586,0.57030328,2.538,ok,,Optimized replacement for Python-loop Gaussian filter.
bsd68,test041,321,481,40,1372267366,Median_SciPy,"scipy.ndimage.median_filter(size=3, reflect)",21.862029,0.44983142,16.141,ok,,Optimized replacement for Python-loop median filter.
bsd68,test041,321,481,40,1372267366,NLM_Skimage_Fast,"skimage.denoise_nl_means(fast_mode=True, h=0.8*sigma, sigma=known_sigma)",23.07265,0.58463531,354.945,ok,,Fast engineering baseline; not the original patchwise NLM runtime.
bsd68,test041,321,481,40,1372267366,NLM_IPOL_Like,skimage.denoise_nl_means(fast_mode=False) with IPOL grayscale parameter schedule,23.643429,0.60231403,18113.169,ok,,Closer to IPOL patchwise parameters; can be very slow.
bsd68,test041,321,481,40,1372267366,BM3D_TAU,"bm3d.bm3d(noisy_float01, sigma_psd=sigma/255)",24.742394,0.6796869,1379.429,ok,,Reference classical upper baseline for AWGN.
bsd68,test041,321,481,50,2577629018,Noisy,"clean + AWGN, clipped to [0,1]",15.16912,0.24708673,0.0,ok,,same noisy image reused for all methods
bsd68,test041,321,481,50,2577629018,Gaussian_SciPy,"scipy.ndimage.gaussian_filter(sigma_filter=1.5, reflect)",22.279938,0.52662811,2.497,ok,,Optimized replacement for Python-loop Gaussian filter.
bsd68,test041,321,481,50,2577629018,Median_SciPy,"scipy.ndimage.median_filter(size=3, reflect)",20.683436,0.38880583,15.717,ok,,Optimized replacement for Python-loop median filter.
bsd68,test041,321,481,50,2577629018,NLM_Skimage_Fast,"skimage.denoise_nl_means(fast_mode=True, h=0.8*sigma, sigma=known_sigma)",21.822559,0.5180702,348.228,ok,,Fast engineering baseline; not the original patchwise NLM runtime.
bsd68,test041,321,481,50,2577629018,NLM_IPOL_Like,skimage.denoise_nl_means(fast_mode=False) with IPOL grayscale parameter schedule,22.656499,0.55439638,29817.762,ok,,Closer to IPOL patchwise parameters; can be very slow.
bsd68,test041,321,481,50,2577629018,BM3D_TAU,"bm3d.bm3d(noisy_float01, sigma_psd=sigma/255)",23.686233,0.62898598,1588.766,ok,,Reference classical upper baseline for AWGN.
bsd68,test041,321,481,75,3665731538,Noisy,"clean + AWGN, clipped to [0,1]",12.254242,0.15478236,0.0,ok,,same noisy image reused for all methods
bsd68,test041,321,481,75,3665731538,Gaussian_SciPy,"scipy.ndimage.gaussian_filter(sigma_filter=1.5, reflect)",20.480167,0.43226311,2.843,ok,,Optimized replacement for Python-loop Gaussian filter.
bsd68,test041,321,481,75,3665731538,Median_SciPy,"scipy.ndimage.median_filter(size=3, reflect)",18.068629,0.28200204,16.816,ok,,Optimized replacement for Python-loop median filter.
bsd68,test041,321,481,75,3665731538,NLM_Skimage_Fast,"skimage.denoise_nl_means(fast_mode=True, h=0.8*sigma, sigma=known_sigma)",19.39101,0.4070207,348.323,ok,,Fast engineering baseline; not the original patchwise NLM runtime.
bsd68,test041,321,481,75,3665731538,NLM_IPOL_Like,skimage.denoise_nl_means(fast_mode=False) with IPOL grayscale parameter schedule,19.666959,0.42859136,31330.204,ok,,Closer to IPOL patchwise parameters; can be very slow.
bsd68,test041,321,481,75,3665731538,BM3D_TAU,"bm3d.bm3d(noisy_float01, sigma_psd=sigma/255)",21.269008,0.52630711,1487.421,ok,,Reference classical upper baseline for AWGN.
bsd68,test042,321,481,5,579003406,Noisy,"clean + AWGN, clipped to [0,1]",34.158109,0.86244077,0.0,ok,,same noisy image reused for all methods
bsd68,test042,321,481,5,579003406,Gaussian_SciPy,"scipy.ndimage.gaussian_filter(sigma_filter=1.5, reflect)",25.114007,0.74329558,1.833,ok,,Optimized replacement for Python-loop Gaussian filter.
bsd68,test042,321,481,5,579003406,Median_SciPy,"scipy.ndimage.median_filter(size=3, reflect)",27.509537,0.80243786,15.815,ok,,Optimized replacement for Python-loop median filter.
bsd68,test042,321,481,5,579003406,NLM_Skimage_Fast,"skimage.denoise_nl_means(fast_mode=True, h=0.8*sigma, sigma=known_sigma)",36.707358,0.93861618,341.798,ok,,Fast engineering baseline; not the original patchwise NLM runtime.
bsd68,test042,321,481,5,579003406,NLM_IPOL_Like,skimage.denoise_nl_means(fast_mode=False) with IPOL grayscale parameter schedule,,,2549.771,ok,,Closer to IPOL patchwise parameters; can be very slow.
bsd68,test042,321,481,5,579003406,BM3D_TAU,"bm3d.bm3d(noisy_float01, sigma_psd=sigma/255)",37.847209,0.95876923,1404.943,ok,,Reference classical upper baseline for AWGN.
bsd68,test042,321,481,10,2737482723,Noisy,"clean + AWGN, clipped to [0,1]",28.181304,0.65839089,0.0,ok,,same noisy image reused for all methods
bsd68,test042,321,481,10,2737482723,Gaussian_SciPy,"scipy.ndimage.gaussian_filter(sigma_filter=1.5, reflect)",25.050676,0.73117103,3.11,ok,,Optimized replacement for Python-loop Gaussian filter.
bsd68,test042,321,481,10,2737482723,Median_SciPy,"scipy.ndimage.median_filter(size=3, reflect)",27.010923,0.73848111,16.447,ok,,Optimized replacement for Python-loop median filter.
bsd68,test042,321,481,10,2737482723,NLM_Skimage_Fast,"skimage.denoise_nl_means(fast_mode=True, h=0.8*sigma, sigma=known_sigma)",32.481338,0.86415672,337.058,ok,,Fast engineering baseline; not the original patchwise NLM runtime.
bsd68,test042,321,481,10,2737482723,NLM_IPOL_Like,skimage.denoise_nl_means(fast_mode=False) with IPOL grayscale parameter schedule,30.880171,0.78139356,2650.61,ok,,Closer to IPOL patchwise parameters; can be very slow.
bsd68,test042,321,481,10,2737482723,BM3D_TAU,"bm3d.bm3d(noisy_float01, sigma_psd=sigma/255)",33.783054,0.90530079,1388.367,ok,,Reference classical upper baseline for AWGN.
bsd68,test042,321,481,15,3995928849,Noisy,"clean + AWGN, clipped to [0,1]",24.66239,0.51054426,0.0,ok,,same noisy image reused for all methods
bsd68,test042,321,481,15,3995928849,Gaussian_SciPy,"scipy.ndimage.gaussian_filter(sigma_filter=1.5, reflect)",24.955672,0.71311843,3.006,ok,,Optimized replacement for Python-loop Gaussian filter.
bsd68,test042,321,481,15,3995928849,Median_SciPy,"scipy.ndimage.median_filter(size=3, reflect)",26.305862,0.66273263,16.902,ok,,Optimized replacement for Python-loop median filter.
bsd68,test042,321,481,15,3995928849,NLM_Skimage_Fast,"skimage.denoise_nl_means(fast_mode=True, h=0.8*sigma, sigma=known_sigma)",30.316012,0.8135768,339.947,ok,,Fast engineering baseline; not the original patchwise NLM runtime.
bsd68,test042,321,481,15,3995928849,NLM_IPOL_Like,skimage.denoise_nl_means(fast_mode=False) with IPOL grayscale parameter schedule,27.956268,0.65827059,2725.085,ok,,Closer to IPOL patchwise parameters; can be very slow.
bsd68,test042,321,481,15,3995928849,BM3D_TAU,"bm3d.bm3d(noisy_float01, sigma_psd=sigma/255)",31.59592,0.86035711,1408.039,ok,,Reference classical upper baseline for AWGN.
bsd68,test042,321,481,20,1188896145,Noisy,"clean + AWGN, clipped to [0,1]",22.1865,0.41104773,0.0,ok,,same noisy image reused for all methods
bsd68,test042,321,481,20,1188896145,Gaussian_SciPy,"scipy.ndimage.gaussian_filter(sigma_filter=1.5, reflect)",24.807483,0.68982386,2.736,ok,,Optimized replacement for Python-loop Gaussian filter.
bsd68,test042,321,481,20,1188896145,Median_SciPy,"scipy.ndimage.median_filter(size=3, reflect)",25.473835,0.58612825,15.308,ok,,Optimized replacement for Python-loop median filter.
bsd68,test042,321,481,20,1188896145,NLM_Skimage_Fast,"skimage.denoise_nl_means(fast_mode=True, h=0.8*sigma, sigma=known_sigma)",28.806,0.77443777,346.962,ok,,Fast engineering baseline; not the original patchwise NLM runtime.
bsd68,test042,321,481,20,1188896145,NLM_IPOL_Like,skimage.denoise_nl_means(fast_mode=False) with IPOL grayscale parameter schedule,27.619336,0.67856826,4231.246,ok,,Closer to IPOL patchwise parameters; can be very slow.
bsd68,test042,321,481,20,1188896145,BM3D_TAU,"bm3d.bm3d(noisy_float01, sigma_psd=sigma/255)",30.118685,0.82419089,1380.735,ok,,Reference classical upper baseline for AWGN.
bsd68,test042,321,481,25,3963925986,Noisy,"clean + AWGN, clipped to [0,1]",20.270565,0.34161506,0.0,ok,,same noisy image reused for all methods
bsd68,test042,321,481,25,3963925986,Gaussian_SciPy,"scipy.ndimage.gaussian_filter(sigma_filter=1.5, reflect)",24.646879,0.65965336,2.534,ok,,Optimized replacement for Python-loop Gaussian filter.
bsd68,test042,321,481,25,3963925986,Median_SciPy,"scipy.ndimage.median_filter(size=3, reflect)",24.575817,0.51345176,15.848,ok,,Optimized replacement for Python-loop median filter.
bsd68,test042,321,481,25,3963925986,NLM_Skimage_Fast,"skimage.denoise_nl_means(fast_mode=True, h=0.8*sigma, sigma=known_sigma)",27.627275,0.74105807,355.411,ok,,Fast engineering baseline; not the original patchwise NLM runtime.
bsd68,test042,321,481,25,3963925986,NLM_IPOL_Like,skimage.denoise_nl_means(fast_mode=False) with IPOL grayscale parameter schedule,26.31157,0.6047648,4311.516,ok,,Closer to IPOL patchwise parameters; can be very slow.
bsd68,test042,321,481,25,3963925986,BM3D_TAU,"bm3d.bm3d(noisy_float01, sigma_psd=sigma/255)",29.035888,0.79179471,1391.472,ok,,Reference classical upper baseline for AWGN.
bsd68,test042,321,481,30,1371833151,Noisy,"clean + AWGN, clipped to [0,1]",18.749458,0.29078555,0.0,ok,,same noisy image reused for all methods
bsd68,test042,321,481,30,1371833151,Gaussian_SciPy,"scipy.ndimage.gaussian_filter(sigma_filter=1.5, reflect)",24.439155,0.63374572,2.711,ok,,Optimized replacement for Python-loop Gaussian filter.
bsd68,test042,321,481,30,1371833151,Median_SciPy,"scipy.ndimage.median_filter(size=3, reflect)",23.79731,0.46119075,16.475,ok,,Optimized replacement for Python-loop median filter.
bsd68,test042,321,481,30,1371833151,NLM_Skimage_Fast,"skimage.denoise_nl_means(fast_mode=True, h=0.8*sigma, sigma=known_sigma)",26.637218,0.71262958,353.085,ok,,Fast engineering baseline; not the original patchwise NLM runtime.
bsd68,test042,321,481,30,1371833151,NLM_IPOL_Like,skimage.denoise_nl_means(fast_mode=False) with IPOL grayscale parameter schedule,25.369434,0.55034408,4394.591,ok,,Closer to IPOL patchwise parameters; can be very slow.
bsd68,test042,321,481,30,1371833151,BM3D_TAU,"bm3d.bm3d(noisy_float01, sigma_psd=sigma/255)",28.172837,0.76577187,1396.167,ok,,Reference classical upper baseline for AWGN.
bsd68,test042,321,481,35,1043137024,Noisy,"clean + AWGN, clipped to [0,1]",17.484657,0.2519179,0.0,ok,,same noisy image reused for all methods
bsd68,test042,321,481,35,1043137024,Gaussian_SciPy,"scipy.ndimage.gaussian_filter(sigma_filter=1.5, reflect)",24.202574,0.60625307,3.584,ok,,Optimized replacement for Python-loop Gaussian filter.
bsd68,test042,321,481,35,1043137024,Median_SciPy,"scipy.ndimage.median_filter(size=3, reflect)",22.95709,0.41077979,17.735,ok,,Optimized replacement for Python-loop median filter.
bsd68,test042,321,481,35,1043137024,NLM_Skimage_Fast,"skimage.denoise_nl_means(fast_mode=True, h=0.8*sigma, sigma=known_sigma)",25.705589,0.68524298,356.767,ok,,Fast engineering baseline; not the original patchwise NLM runtime.
bsd68,test042,321,481,35,1043137024,NLM_IPOL_Like,skimage.denoise_nl_means(fast_mode=False) with IPOL grayscale parameter schedule,25.375873,0.58445772,18029.656,ok,,Closer to IPOL patchwise parameters; can be very slow.
bsd68,test042,321,481,35,1043137024,BM3D_TAU,"bm3d.bm3d(noisy_float01, sigma_psd=sigma/255)",27.411469,0.74713222,1396.413,ok,,Reference classical upper baseline for AWGN.
bsd68,test042,321,481,40,3888464615,Noisy,"clean + AWGN, clipped to [0,1]",16.429579,0.2226521,0.0,ok,,same noisy image reused for all methods
bsd68,test042,321,481,40,3888464615,Gaussian_SciPy,"scipy.ndimage.gaussian_filter(sigma_filter=1.5, reflect)",23.953598,0.57668353,2.7,ok,,Optimized replacement for Python-loop Gaussian filter.
bsd68,test042,321,481,40,3888464615,Median_SciPy,"scipy.ndimage.median_filter(size=3, reflect)",22.149483,0.36996876,17.251,ok,,Optimized replacement for Python-loop median filter.
bsd68,test042,321,481,40,3888464615,NLM_Skimage_Fast,"skimage.denoise_nl_means(fast_mode=True, h=0.8*sigma, sigma=known_sigma)",24.996198,0.66264865,351.835,ok,,Fast engineering baseline; not the original patchwise NLM runtime.
bsd68,test042,321,481,40,3888464615,NLM_IPOL_Like,skimage.denoise_nl_means(fast_mode=False) with IPOL grayscale parameter schedule,24.900855,0.5589183,18438.32,ok,,Closer to IPOL patchwise parameters; can be very slow.
bsd68,test042,321,481,40,3888464615,BM3D_TAU,"bm3d.bm3d(noisy_float01, sigma_psd=sigma/255)",26.799658,0.72763383,1418.379,ok,,Reference classical upper baseline for AWGN.
bsd68,test042,321,481,50,1401016859,Noisy,"clean + AWGN, clipped to [0,1]",14.740173,0.1788048,0.0,ok,,same noisy image reused for all methods
bsd68,test042,321,481,50,1401016859,Gaussian_SciPy,"scipy.ndimage.gaussian_filter(sigma_filter=1.5, reflect)",23.409206,0.52395497,2.911,ok,,Optimized replacement for Python-loop Gaussian filter.
bsd68,test042,321,481,50,1401016859,Median_SciPy,"scipy.ndimage.median_filter(size=3, reflect)",20.730761,0.30542486,16.212,ok,,Optimized replacement for Python-loop median filter.
bsd68,test042,321,481,50,1401016859,NLM_Skimage_Fast,"skimage.denoise_nl_means(fast_mode=True, h=0.8*sigma, sigma=known_sigma)",23.836115,0.62532969,523.229,ok,,Fast engineering baseline; not the original patchwise NLM runtime.
bsd68,test042,321,481,50,1401016859,NLM_IPOL_Like,skimage.denoise_nl_means(fast_mode=False) with IPOL grayscale parameter schedule,24.682891,0.5975474,28742.026,ok,,Closer to IPOL patchwise parameters; can be very slow.
bsd68,test042,321,481,50,1401016859,BM3D_TAU,"bm3d.bm3d(noisy_float01, sigma_psd=sigma/255)",25.759123,0.69798518,1518.281,ok,,Reference classical upper baseline for AWGN.
bsd68,test042,321,481,75,3415495076,Noisy,"clean + AWGN, clipped to [0,1]",11.925874,0.11475366,0.0,ok,,same noisy image reused for all methods
bsd68,test042,321,481,75,3415495076,Gaussian_SciPy,"scipy.ndimage.gaussian_filter(sigma_filter=1.5, reflect)",21.878721,0.42774514,2.679,ok,,Optimized replacement for Python-loop Gaussian filter.
bsd68,test042,321,481,75,3415495076,Median_SciPy,"scipy.ndimage.median_filter(size=3, reflect)",17.945435,0.21232961,16.048,ok,,Optimized replacement for Python-loop median filter.
bsd68,test042,321,481,75,3415495076,NLM_Skimage_Fast,"skimage.denoise_nl_means(fast_mode=True, h=0.8*sigma, sigma=known_sigma)",21.247659,0.55142582,346.176,ok,,Fast engineering baseline; not the original patchwise NLM runtime.
bsd68,test042,321,481,75,3415495076,NLM_IPOL_Like,skimage.denoise_nl_means(fast_mode=False) with IPOL grayscale parameter schedule,22.052966,0.57623995,31279.962,ok,,Closer to IPOL patchwise parameters; can be very slow.
bsd68,test042,321,481,75,3415495076,BM3D_TAU,"bm3d.bm3d(noisy_float01, sigma_psd=sigma/255)",23.560557,0.6339875,1405.69,ok,,Reference classical upper baseline for AWGN.
bsd68,test043,321,481,5,1740587741,Noisy,"clean + AWGN, clipped to [0,1]",34.175023,0.88611322,0.0,ok,,same noisy image reused for all methods
bsd68,test043,321,481,5,1740587741,Gaussian_SciPy,"scipy.ndimage.gaussian_filter(sigma_filter=1.5, reflect)",25.356321,0.85777747,1.912,ok,,Optimized replacement for Python-loop Gaussian filter.
bsd68,test043,321,481,5,1740587741,Median_SciPy,"scipy.ndimage.median_filter(size=3, reflect)",29.636073,0.92457738,15.043,ok,,Optimized replacement for Python-loop median filter.
bsd68,test043,321,481,5,1740587741,NLM_Skimage_Fast,"skimage.denoise_nl_means(fast_mode=True, h=0.8*sigma, sigma=known_sigma)",37.448994,0.964977,303.653,ok,,Fast engineering baseline; not the original patchwise NLM runtime.
bsd68,test043,321,481,5,1740587741,NLM_IPOL_Like,skimage.denoise_nl_means(fast_mode=False) with IPOL grayscale parameter schedule,,,2397.824,ok,,Closer to IPOL patchwise parameters; can be very slow.
bsd68,test043,321,481,5,1740587741,BM3D_TAU,"bm3d.bm3d(noisy_float01, sigma_psd=sigma/255)",38.785835,0.97602261,1358.783,ok,,Reference classical upper baseline for AWGN.
bsd68,test043,321,481,10,3126122523,Noisy,"clean + AWGN, clipped to [0,1]",28.137376,0.70600384,0.0,ok,,same noisy image reused for all methods
bsd68,test043,321,481,10,3126122523,Gaussian_SciPy,"scipy.ndimage.gaussian_filter(sigma_filter=1.5, reflect)",25.267803,0.84646474,2.242,ok,,Optimized replacement for Python-loop Gaussian filter.
bsd68,test043,321,481,10,3126122523,Median_SciPy,"scipy.ndimage.median_filter(size=3, reflect)",28.675199,0.86443846,15.299,ok,,Optimized replacement for Python-loop median filter.
bsd68,test043,321,481,10,3126122523,NLM_Skimage_Fast,"skimage.denoise_nl_means(fast_mode=True, h=0.8*sigma, sigma=known_sigma)",33.110707,0.91659505,412.467,ok,,Fast engineering baseline; not the original patchwise NLM runtime.
bsd68,test043,321,481,10,3126122523,NLM_IPOL_Like,skimage.denoise_nl_means(fast_mode=False) with IPOL grayscale parameter schedule,30.616327,0.80976653,2576.989,ok,,Closer to IPOL patchwise parameters; can be very slow.
bsd68,test043,321,481,10,3126122523,BM3D_TAU,"bm3d.bm3d(noisy_float01, sigma_psd=sigma/255)",34.638833,0.94781152,1403.529,ok,,Reference classical upper baseline for AWGN.
bsd68,test043,321,481,15,2530584095,Noisy,"clean + AWGN, clipped to [0,1]",24.738077,0.57362408,0.0,ok,,same noisy image reused for all methods
bsd68,test043,321,481,15,2530584095,Gaussian_SciPy,"scipy.ndimage.gaussian_filter(sigma_filter=1.5, reflect)",25.166904,0.83115667,3.585,ok,,Optimized replacement for Python-loop Gaussian filter.
bsd68,test043,321,481,15,2530584095,Median_SciPy,"scipy.ndimage.median_filter(size=3, reflect)",27.618725,0.79414951,16.983,ok,,Optimized replacement for Python-loop median filter.
bsd68,test043,321,481,15,2530584095,NLM_Skimage_Fast,"skimage.denoise_nl_means(fast_mode=True, h=0.8*sigma, sigma=known_sigma)",30.821718,0.87311813,334.965,ok,,Fast engineering baseline; not the original patchwise NLM runtime.
bsd68,test043,321,481,15,2530584095,NLM_IPOL_Like,skimage.denoise_nl_means(fast_mode=False) with IPOL grayscale parameter schedule,27.747787,0.70575182,2679.286,ok,,Closer to IPOL patchwise parameters; can be very slow.
bsd68,test043,321,481,15,2530584095,BM3D_TAU,"bm3d.bm3d(noisy_float01, sigma_psd=sigma/255)",32.488173,0.92180467,1388.52,ok,,Reference classical upper baseline for AWGN.
bsd68,test043,321,481,20,1794604979,Noisy,"clean + AWGN, clipped to [0,1]",22.337647,0.47844688,0.0,ok,,same noisy image reused for all methods
bsd68,test043,321,481,20,1794604979,Gaussian_SciPy,"scipy.ndimage.gaussian_filter(sigma_filter=1.5, reflect)",24.978393,0.81036343,1.967,ok,,Optimized replacement for Python-loop Gaussian filter.
bsd68,test043,321,481,20,1794604979,Median_SciPy,"scipy.ndimage.median_filter(size=3, reflect)",26.486287,0.72303399,16.16,ok,,Optimized replacement for Python-loop median filter.
bsd68,test043,321,481,20,1794604979,NLM_Skimage_Fast,"skimage.denoise_nl_means(fast_mode=True, h=0.8*sigma, sigma=known_sigma)",29.156432,0.83343619,354.863,ok,,Fast engineering baseline; not the original patchwise NLM runtime.
bsd68,test043,321,481,20,1794604979,NLM_IPOL_Like,skimage.denoise_nl_means(fast_mode=False) with IPOL grayscale parameter schedule,27.626129,0.74157944,4050.219,ok,,Closer to IPOL patchwise parameters; can be very slow.
bsd68,test043,321,481,20,1794604979,BM3D_TAU,"bm3d.bm3d(noisy_float01, sigma_psd=sigma/255)",30.947832,0.89635888,1344.061,ok,,Reference classical upper baseline for AWGN.
bsd68,test043,321,481,25,2386826022,Noisy,"clean + AWGN, clipped to [0,1]",20.492672,0.40959653,0.0,ok,,same noisy image reused for all methods
bsd68,test043,321,481,25,2386826022,Gaussian_SciPy,"scipy.ndimage.gaussian_filter(sigma_filter=1.5, reflect)",24.775114,0.78663941,2.357,ok,,Optimized replacement for Python-loop Gaussian filter.
bsd68,test043,321,481,25,2386826022,Median_SciPy,"scipy.ndimage.median_filter(size=3, reflect)",25.398028,0.65583608,17.059,ok,,Optimized replacement for Python-loop median filter.
bsd68,test043,321,481,25,2386826022,NLM_Skimage_Fast,"skimage.denoise_nl_means(fast_mode=True, h=0.8*sigma, sigma=known_sigma)",27.800235,0.7975754,347.345,ok,,Fast engineering baseline; not the original patchwise NLM runtime.
bsd68,test043,321,481,25,2386826022,NLM_IPOL_Like,skimage.denoise_nl_means(fast_mode=False) with IPOL grayscale parameter schedule,26.411212,0.68510603,4337.846,ok,,Closer to IPOL patchwise parameters; can be very slow.
bsd68,test043,321,481,25,2386826022,BM3D_TAU,"bm3d.bm3d(noisy_float01, sigma_psd=sigma/255)",29.78766,0.87414372,1413.335,ok,,Reference classical upper baseline for AWGN.
bsd68,test043,321,481,30,1177659600,Noisy,"clean + AWGN, clipped to [0,1]",18.990068,0.35608036,0.0,ok,,same noisy image reused for all methods
bsd68,test043,321,481,30,1177659600,Gaussian_SciPy,"scipy.ndimage.gaussian_filter(sigma_filter=1.5, reflect)",24.525164,0.76063292,2.941,ok,,Optimized replacement for Python-loop Gaussian filter.
bsd68,test043,321,481,30,1177659600,Median_SciPy,"scipy.ndimage.median_filter(size=3, reflect)",24.434934,0.59789666,16.221,ok,,Optimized replacement for Python-loop median filter.
bsd68,test043,321,481,30,1177659600,NLM_Skimage_Fast,"skimage.denoise_nl_means(fast_mode=True, h=0.8*sigma, sigma=known_sigma)",26.635956,0.76681338,351.64,ok,,Fast engineering baseline; not the original patchwise NLM runtime.
bsd68,test043,321,481,30,1177659600,NLM_IPOL_Like,skimage.denoise_nl_means(fast_mode=False) with IPOL grayscale parameter schedule,25.362902,0.63848181,4350.103,ok,,Closer to IPOL patchwise parameters; can be very slow.
bsd68,test043,321,481,30,1177659600,BM3D_TAU,"bm3d.bm3d(noisy_float01, sigma_psd=sigma/255)",28.779914,0.85256794,1391.378,ok,,Reference classical upper baseline for AWGN.
bsd68,test043,321,481,35,3663021229,Noisy,"clean + AWGN, clipped to [0,1]",17.748998,0.31398992,0.0,ok,,same noisy image reused for all methods
bsd68,test043,321,481,35,3663021229,Gaussian_SciPy,"scipy.ndimage.gaussian_filter(sigma_filter=1.5, reflect)",24.185471,0.73241802,1.958,ok,,Optimized replacement for Python-loop Gaussian filter.
bsd68,test043,321,481,35,3663021229,Median_SciPy,"scipy.ndimage.median_filter(size=3, reflect)",23.468013,0.54500452,16.433,ok,,Optimized replacement for Python-loop median filter.
bsd68,test043,321,481,35,3663021229,NLM_Skimage_Fast,"skimage.denoise_nl_means(fast_mode=True, h=0.8*sigma, sigma=known_sigma)",25.492632,0.73438491,353.894,ok,,Fast engineering baseline; not the original patchwise NLM runtime.
bsd68,test043,321,481,35,3663021229,NLM_IPOL_Like,skimage.denoise_nl_means(fast_mode=False) with IPOL grayscale parameter schedule,25.231082,0.67065933,17246.055,ok,,Closer to IPOL patchwise parameters; can be very slow.
bsd68,test043,321,481,35,3663021229,BM3D_TAU,"bm3d.bm3d(noisy_float01, sigma_psd=sigma/255)",27.708128,0.82769513,1427.433,ok,,Reference classical upper baseline for AWGN.
bsd68,test043,321,481,40,914611553,Noisy,"clean + AWGN, clipped to [0,1]",16.731328,0.28178711,0.0,ok,,same noisy image reused for all methods
bsd68,test043,321,481,40,914611553,Gaussian_SciPy,"scipy.ndimage.gaussian_filter(sigma_filter=1.5, reflect)",23.91149,0.70915539,2.625,ok,,Optimized replacement for Python-loop Gaussian filter.
bsd68,test043,321,481,40,914611553,Median_SciPy,"scipy.ndimage.median_filter(size=3, reflect)",22.654268,0.50326619,15.825,ok,,Optimized replacement for Python-loop median filter.
bsd68,test043,321,481,40,914611553,NLM_Skimage_Fast,"skimage.denoise_nl_means(fast_mode=True, h=0.8*sigma, sigma=known_sigma)",24.61417,0.7084329,356.824,ok,,Fast engineering baseline; not the original patchwise NLM runtime.
bsd68,test043,321,481,40,914611553,NLM_IPOL_Like,skimage.denoise_nl_means(fast_mode=False) with IPOL grayscale parameter schedule,24.702074,0.6452712,17878.942,ok,,Closer to IPOL patchwise parameters; can be very slow.
bsd68,test043,321,481,40,914611553,BM3D_TAU,"bm3d.bm3d(noisy_float01, sigma_psd=sigma/255)",27.007891,0.81034674,1410.571,ok,,Reference classical upper baseline for AWGN.
bsd68,test043,321,481,50,1917808933,Noisy,"clean + AWGN, clipped to [0,1]",15.031732,0.23028998,0.0,ok,,same noisy image reused for all methods
bsd68,test043,321,481,50,1917808933,Gaussian_SciPy,"scipy.ndimage.gaussian_filter(sigma_filter=1.5, reflect)",23.197795,0.6538128,2.754,ok,,Optimized replacement for Python-loop Gaussian filter.
bsd68,test043,321,481,50,1917808933,Median_SciPy,"scipy.ndimage.median_filter(size=3, reflect)",21.105858,0.42999326,16.105,ok,,Optimized replacement for Python-loop median filter.
bsd68,test043,321,481,50,1917808933,NLM_Skimage_Fast,"skimage.denoise_nl_means(fast_mode=True, h=0.8*sigma, sigma=known_sigma)",22.840914,0.65416778,358.519,ok,,Fast engineering baseline; not the original patchwise NLM runtime.
bsd68,test043,321,481,50,1917808933,NLM_IPOL_Like,skimage.denoise_nl_means(fast_mode=False) with IPOL grayscale parameter schedule,23.956219,0.64489402,27865.034,ok,,Closer to IPOL patchwise parameters; can be very slow.
bsd68,test043,321,481,50,1917808933,BM3D_TAU,"bm3d.bm3d(noisy_float01, sigma_psd=sigma/255)",25.590552,0.77147637,1390.765,ok,,Reference classical upper baseline for AWGN.
bsd68,test043,321,481,75,3447110031,Noisy,"clean + AWGN, clipped to [0,1]",12.156135,0.1508462,0.0,ok,,same noisy image reused for all methods
bsd68,test043,321,481,75,3447110031,Gaussian_SciPy,"scipy.ndimage.gaussian_filter(sigma_filter=1.5, reflect)",21.226373,0.54097293,2.73,ok,,Optimized replacement for Python-loop Gaussian filter.
bsd68,test043,321,481,75,3447110031,Median_SciPy,"scipy.ndimage.median_filter(size=3, reflect)",18.25529,0.31347862,15.663,ok,,Optimized replacement for Python-loop median filter.
bsd68,test043,321,481,75,3447110031,NLM_Skimage_Fast,"skimage.denoise_nl_means(fast_mode=True, h=0.8*sigma, sigma=known_sigma)",19.333436,0.52404532,350.052,ok,,Fast engineering baseline; not the original patchwise NLM runtime.
bsd68,test043,321,481,75,3447110031,NLM_IPOL_Like,skimage.denoise_nl_means(fast_mode=False) with IPOL grayscale parameter schedule,20.38734,0.56463206,30806.744,ok,,Closer to IPOL patchwise parameters; can be very slow.
bsd68,test043,321,481,75,3447110031,BM3D_TAU,"bm3d.bm3d(noisy_float01, sigma_psd=sigma/255)",22.629906,0.6880191,1427.906,ok,,Reference classical upper baseline for AWGN.
bsd68,test044,321,481,5,551726293,Noisy,"clean + AWGN, clipped to [0,1]",34.159879,0.90634787,0.0,ok,,same noisy image reused for all methods
bsd68,test044,321,481,5,551726293,Gaussian_SciPy,"scipy.ndimage.gaussian_filter(sigma_filter=1.5, reflect)",23.377072,0.66995053,2.075,ok,,Optimized replacement for Python-loop Gaussian filter.
bsd68,test044,321,481,5,551726293,Median_SciPy,"scipy.ndimage.median_filter(size=3, reflect)",25.48971,0.80390957,15.175,ok,,Optimized replacement for Python-loop median filter.
bsd68,test044,321,481,5,551726293,NLM_Skimage_Fast,"skimage.denoise_nl_means(fast_mode=True, h=0.8*sigma, sigma=known_sigma)",36.178805,0.97132063,274.368,ok,,Fast engineering baseline; not the original patchwise NLM runtime.
bsd68,test044,321,481,5,551726293,NLM_IPOL_Like,skimage.denoise_nl_means(fast_mode=False) with IPOL grayscale parameter schedule,,,2348.118,ok,,Closer to IPOL patchwise parameters; can be very slow.
bsd68,test044,321,481,5,551726293,BM3D_TAU,"bm3d.bm3d(noisy_float01, sigma_psd=sigma/255)",36.766054,0.97690513,1331.542,ok,,Reference classical upper baseline for AWGN.
bsd68,test044,321,481,10,1956514417,Noisy,"clean + AWGN, clipped to [0,1]",28.20368,0.76235968,0.0,ok,,same noisy image reused for all methods
bsd68,test044,321,481,10,1956514417,Gaussian_SciPy,"scipy.ndimage.gaussian_filter(sigma_filter=1.5, reflect)",23.337054,0.6610499,3.241,ok,,Optimized replacement for Python-loop Gaussian filter.
bsd68,test044,321,481,10,1956514417,Median_SciPy,"scipy.ndimage.median_filter(size=3, reflect)",25.130548,0.7529026,16.234,ok,,Optimized replacement for Python-loop median filter.
bsd68,test044,321,481,10,1956514417,NLM_Skimage_Fast,"skimage.denoise_nl_means(fast_mode=True, h=0.8*sigma, sigma=known_sigma)",31.328106,0.91975057,314.024,ok,,Fast engineering baseline; not the original patchwise NLM runtime.
bsd68,test044,321,481,10,1956514417,NLM_IPOL_Like,skimage.denoise_nl_means(fast_mode=False) with IPOL grayscale parameter schedule,29.99925,0.84346721,2574.659,ok,,Closer to IPOL patchwise parameters; can be very slow.
bsd68,test044,321,481,10,1956514417,BM3D_TAU,"bm3d.bm3d(noisy_float01, sigma_psd=sigma/255)",32.326202,0.94551787,1377.045,ok,,Reference classical upper baseline for AWGN.
bsd68,test044,321,481,15,3970575237,Noisy,"clean + AWGN, clipped to [0,1]",24.666299,0.6438945,0.0,ok,,same noisy image reused for all methods
bsd68,test044,321,481,15,3970575237,Gaussian_SciPy,"scipy.ndimage.gaussian_filter(sigma_filter=1.5, reflect)",23.258235,0.64695483,3.47,ok,,Optimized replacement for Python-loop Gaussian filter.
bsd68,test044,321,481,15,3970575237,Median_SciPy,"scipy.ndimage.median_filter(size=3, reflect)",24.555579,0.69076688,17.43,ok,,Optimized replacement for Python-loop median filter.
bsd68,test044,321,481,15,3970575237,NLM_Skimage_Fast,"skimage.denoise_nl_means(fast_mode=True, h=0.8*sigma, sigma=known_sigma)",28.396303,0.84959704,346.141,ok,,Fast engineering baseline; not the original patchwise NLM runtime.
bsd68,test044,321,481,15,3970575237,NLM_IPOL_Like,skimage.denoise_nl_means(fast_mode=False) with IPOL grayscale parameter schedule,26.972807,0.74215376,2711.841,ok,,Closer to IPOL patchwise parameters; can be very slow.
bsd68,test044,321,481,15,3970575237,BM3D_TAU,"bm3d.bm3d(noisy_float01, sigma_psd=sigma/255)",29.975954,0.90941504,1398.77,ok,,Reference classical upper baseline for AWGN.
bsd68,test044,321,481,20,3224444163,Noisy,"clean + AWGN, clipped to [0,1]",22.208416,0.55116584,0.0,ok,,same noisy image reused for all methods
bsd68,test044,321,481,20,3224444163,Gaussian_SciPy,"scipy.ndimage.gaussian_filter(sigma_filter=1.5, reflect)",23.172273,0.63042052,2.525,ok,,Optimized replacement for Python-loop Gaussian filter.
bsd68,test044,321,481,20,3224444163,Median_SciPy,"scipy.ndimage.median_filter(size=3, reflect)",23.931599,0.62968334,15.742,ok,,Optimized replacement for Python-loop median filter.
bsd68,test044,321,481,20,3224444163,NLM_Skimage_Fast,"skimage.denoise_nl_means(fast_mode=True, h=0.8*sigma, sigma=known_sigma)",26.43021,0.77706977,360.444,ok,,Fast engineering baseline; not the original patchwise NLM runtime.
bsd68,test044,321,481,20,3224444163,NLM_IPOL_Like,skimage.denoise_nl_means(fast_mode=False) with IPOL grayscale parameter schedule,26.097695,0.74214265,4035.09,ok,,Closer to IPOL patchwise parameters; can be very slow.
bsd68,test044,321,481,20,3224444163,BM3D_TAU,"bm3d.bm3d(noisy_float01, sigma_psd=sigma/255)",28.350279,0.86865529,1380.864,ok,,Reference classical upper baseline for AWGN.
bsd68,test044,321,481,25,2346514692,Noisy,"clean + AWGN, clipped to [0,1]",20.337391,0.47608418,0.0,ok,,same noisy image reused for all methods
bsd68,test044,321,481,25,2346514692,Gaussian_SciPy,"scipy.ndimage.gaussian_filter(sigma_filter=1.5, reflect)",23.036525,0.60966325,3.372,ok,,Optimized replacement for Python-loop Gaussian filter.
bsd68,test044,321,481,25,2346514692,Median_SciPy,"scipy.ndimage.median_filter(size=3, reflect)",23.302326,0.57410102,16.633,ok,,Optimized replacement for Python-loop median filter.
bsd68,test044,321,481,25,2346514692,NLM_Skimage_Fast,"skimage.denoise_nl_means(fast_mode=True, h=0.8*sigma, sigma=known_sigma)",25.005143,0.70821745,365.132,ok,,Fast engineering baseline; not the original patchwise NLM runtime.
bsd68,test044,321,481,25,2346514692,NLM_IPOL_Like,skimage.denoise_nl_means(fast_mode=False) with IPOL grayscale parameter schedule,24.874901,0.67575932,4207.593,ok,,Closer to IPOL patchwise parameters; can be very slow.
bsd68,test044,321,481,25,2346514692,BM3D_TAU,"bm3d.bm3d(noisy_float01, sigma_psd=sigma/255)",27.028952,0.82220116,1354.916,ok,,Reference classical upper baseline for AWGN.
bsd68,test044,321,481,30,2378899792,Noisy,"clean + AWGN, clipped to [0,1]",18.889198,0.41601218,0.0,ok,,same noisy image reused for all methods
bsd68,test044,321,481,30,2378899792,Gaussian_SciPy,"scipy.ndimage.gaussian_filter(sigma_filter=1.5, reflect)",22.898998,0.59162726,2.765,ok,,Optimized replacement for Python-loop Gaussian filter.
bsd68,test044,321,481,30,2378899792,Median_SciPy,"scipy.ndimage.median_filter(size=3, reflect)",22.629605,0.52552861,16.034,ok,,Optimized replacement for Python-loop median filter.
bsd68,test044,321,481,30,2378899792,NLM_Skimage_Fast,"skimage.denoise_nl_means(fast_mode=True, h=0.8*sigma, sigma=known_sigma)",24.007251,0.65467467,358.392,ok,,Fast engineering baseline; not the original patchwise NLM runtime.
bsd68,test044,321,481,30,2378899792,NLM_IPOL_Like,skimage.denoise_nl_means(fast_mode=False) with IPOL grayscale parameter schedule,24.068094,0.62855667,4366.834,ok,,Closer to IPOL patchwise parameters; can be very slow.
bsd68,test044,321,481,30,2378899792,BM3D_TAU,"bm3d.bm3d(noisy_float01, sigma_psd=sigma/255)",26.064662,0.78427382,1393.988,ok,,Reference classical upper baseline for AWGN.
bsd68,test044,321,481,35,2377604643,Noisy,"clean + AWGN, clipped to [0,1]",17.61952,0.36377082,0.0,ok,,same noisy image reused for all methods
bsd68,test044,321,481,35,2377604643,Gaussian_SciPy,"scipy.ndimage.gaussian_filter(sigma_filter=1.5, reflect)",22.720131,0.56671721,3.076,ok,,Optimized replacement for Python-loop Gaussian filter.
bsd68,test044,321,481,35,2377604643,Median_SciPy,"scipy.ndimage.median_filter(size=3, reflect)",22.025056,0.48213791,16.713,ok,,Optimized replacement for Python-loop median filter.
bsd68,test044,321,481,35,2377604643,NLM_Skimage_Fast,"skimage.denoise_nl_means(fast_mode=True, h=0.8*sigma, sigma=known_sigma)",23.208362,0.60254592,359.886,ok,,Fast engineering baseline; not the original patchwise NLM runtime.
bsd68,test044,321,481,35,2377604643,NLM_IPOL_Like,skimage.denoise_nl_means(fast_mode=False) with IPOL grayscale parameter schedule,23.82694,0.63453144,17955.462,ok,,Closer to IPOL patchwise parameters; can be very slow.
bsd68,test044,321,481,35,2377604643,BM3D_TAU,"bm3d.bm3d(noisy_float01, sigma_psd=sigma/255)",25.205274,0.7367808,1414.513,ok,,Reference classical upper baseline for AWGN.
bsd68,test044,321,481,40,1482612473,Noisy,"clean + AWGN, clipped to [0,1]",16.611259,0.32202191,0.0,ok,,same noisy image reused for all methods
bsd68,test044,321,481,40,1482612473,Gaussian_SciPy,"scipy.ndimage.gaussian_filter(sigma_filter=1.5, reflect)",22.542681,0.5482699,2.367,ok,,Optimized replacement for Python-loop Gaussian filter.
bsd68,test044,321,481,40,1482612473,Median_SciPy,"scipy.ndimage.median_filter(size=3, reflect)",21.385068,0.4433104,16.507,ok,,Optimized replacement for Python-loop median filter.
bsd68,test044,321,481,40,1482612473,NLM_Skimage_Fast,"skimage.denoise_nl_means(fast_mode=True, h=0.8*sigma, sigma=known_sigma)",22.62098,0.56326898,352.336,ok,,Fast engineering baseline; not the original patchwise NLM runtime.
bsd68,test044,321,481,40,1482612473,NLM_IPOL_Like,skimage.denoise_nl_means(fast_mode=False) with IPOL grayscale parameter schedule,23.396927,0.60847774,18610.576,ok,,Closer to IPOL patchwise parameters; can be very slow.
bsd68,test044,321,481,40,1482612473,BM3D_TAU,"bm3d.bm3d(noisy_float01, sigma_psd=sigma/255)",24.554825,0.70279123,1402.359,ok,,Reference classical upper baseline for AWGN.
bsd68,test044,321,481,50,2910385799,Noisy,"clean + AWGN, clipped to [0,1]",14.903704,0.25546014,0.0,ok,,same noisy image reused for all methods
bsd68,test044,321,481,50,2910385799,Gaussian_SciPy,"scipy.ndimage.gaussian_filter(sigma_filter=1.5, reflect)",22.106472,0.50921733,2.892,ok,,Optimized replacement for Python-loop Gaussian filter.
bsd68,test044,321,481,50,2910385799,Median_SciPy,"scipy.ndimage.median_filter(size=3, reflect)",20.202043,0.3804558,17.122,ok,,Optimized replacement for Python-loop median filter.
bsd68,test044,321,481,50,2910385799,NLM_Skimage_Fast,"skimage.denoise_nl_means(fast_mode=True, h=0.8*sigma, sigma=known_sigma)",21.675911,0.50107587,348.318,ok,,Fast engineering baseline; not the original patchwise NLM runtime.
bsd68,test044,321,481,50,2910385799,NLM_IPOL_Like,skimage.denoise_nl_means(fast_mode=False) with IPOL grayscale parameter schedule,22.583487,0.58612882,29324.586,ok,,Closer to IPOL patchwise parameters; can be very slow.
bsd68,test044,321,481,50,2910385799,BM3D_TAU,"bm3d.bm3d(noisy_float01, sigma_psd=sigma/255)",23.4104,0.63624933,1388.07,ok,,Reference classical upper baseline for AWGN.
bsd68,test044,321,481,75,1035792265,Noisy,"clean + AWGN, clipped to [0,1]",12.036883,0.15610899,0.0,ok,,same noisy image reused for all methods
bsd68,test044,321,481,75,1035792265,Gaussian_SciPy,"scipy.ndimage.gaussian_filter(sigma_filter=1.5, reflect)",20.747862,0.41943312,2.991,ok,,Optimized replacement for Python-loop Gaussian filter.
bsd68,test044,321,481,75,1035792265,Median_SciPy,"scipy.ndimage.median_filter(size=3, reflect)",17.688664,0.26977719,15.641,ok,,Optimized replacement for Python-loop median filter.
bsd68,test044,321,481,75,1035792265,NLM_Skimage_Fast,"skimage.denoise_nl_means(fast_mode=True, h=0.8*sigma, sigma=known_sigma)",20.035494,0.39800068,347.739,ok,,Fast engineering baseline; not the original patchwise NLM runtime.
bsd68,test044,321,481,75,1035792265,NLM_IPOL_Like,skimage.denoise_nl_means(fast_mode=False) with IPOL grayscale parameter schedule,20.264401,0.44143687,31789.227,ok,,Closer to IPOL patchwise parameters; can be very slow.
bsd68,test044,321,481,75,1035792265,BM3D_TAU,"bm3d.bm3d(noisy_float01, sigma_psd=sigma/255)",21.406017,0.5085211,1536.151,ok,,Reference classical upper baseline for AWGN.
bsd68,test045,481,321,5,3676817226,Noisy,"clean + AWGN, clipped to [0,1]",34.177785,0.80553295,0.0,ok,,same noisy image reused for all methods
bsd68,test045,481,321,5,3676817226,Gaussian_SciPy,"scipy.ndimage.gaussian_filter(sigma_filter=1.5, reflect)",32.603393,0.84981999,1.668,ok,,Optimized replacement for Python-loop Gaussian filter.
bsd68,test045,481,321,5,3676817226,Median_SciPy,"scipy.ndimage.median_filter(size=3, reflect)",34.688166,0.87797556,16.719,ok,,Optimized replacement for Python-loop median filter.
bsd68,test045,481,321,5,3676817226,NLM_Skimage_Fast,"skimage.denoise_nl_means(fast_mode=True, h=0.8*sigma, sigma=known_sigma)",39.22378,0.95274683,338.078,ok,,Fast engineering baseline; not the original patchwise NLM runtime.
bsd68,test045,481,321,5,3676817226,NLM_IPOL_Like,skimage.denoise_nl_means(fast_mode=False) with IPOL grayscale parameter schedule,36.915256,0.89726086,2669.533,ok,,Closer to IPOL patchwise parameters; can be very slow.
bsd68,test045,481,321,5,3676817226,BM3D_TAU,"bm3d.bm3d(noisy_float01, sigma_psd=sigma/255)",40.424311,0.96379354,1390.552,ok,,Reference classical upper baseline for AWGN.
bsd68,test045,481,321,10,616584196,Noisy,"clean + AWGN, clipped to [0,1]",28.117435,0.54192636,0.0,ok,,same noisy image reused for all methods
bsd68,test045,481,321,10,616584196,Gaussian_SciPy,"scipy.ndimage.gaussian_filter(sigma_filter=1.5, reflect)",32.295882,0.83254186,2.038,ok,,Optimized replacement for Python-loop Gaussian filter.
bsd68,test045,481,321,10,616584196,Median_SciPy,"scipy.ndimage.median_filter(size=3, reflect)",32.54433,0.78231372,16.167,ok,,Optimized replacement for Python-loop median filter.
bsd68,test045,481,321,10,616584196,NLM_Skimage_Fast,"skimage.denoise_nl_means(fast_mode=True, h=0.8*sigma, sigma=known_sigma)",35.219482,0.89583645,356.363,ok,,Fast engineering baseline; not the original patchwise NLM runtime.
bsd68,test045,481,321,10,616584196,NLM_IPOL_Like,skimage.denoise_nl_means(fast_mode=False) with IPOL grayscale parameter schedule,31.75659,0.72732967,2801.785,ok,,Closer to IPOL patchwise parameters; can be very slow.
bsd68,test045,481,321,10,616584196,BM3D_TAU,"bm3d.bm3d(noisy_float01, sigma_psd=sigma/255)",37.024887,0.93023642,1424.452,ok,,Reference classical upper baseline for AWGN.
bsd68,test045,481,321,15,2653261716,Noisy,"clean + AWGN, clipped to [0,1]",24.60075,0.37214171,0.0,ok,,same noisy image reused for all methods
bsd68,test045,481,321,15,2653261716,Gaussian_SciPy,"scipy.ndimage.gaussian_filter(sigma_filter=1.5, reflect)",31.790206,0.80339294,1.983,ok,,Optimized replacement for Python-loop Gaussian filter.
bsd68,test045,481,321,15,2653261716,Median_SciPy,"scipy.ndimage.median_filter(size=3, reflect)",30.439647,0.66994919,16.085,ok,,Optimized replacement for Python-loop median filter.
bsd68,test045,481,321,15,2653261716,NLM_Skimage_Fast,"skimage.denoise_nl_means(fast_mode=True, h=0.8*sigma, sigma=known_sigma)",33.203672,0.85003055,357.021,ok,,Fast engineering baseline; not the original patchwise NLM runtime.
bsd68,test045,481,321,15,2653261716,NLM_IPOL_Like,skimage.denoise_nl_means(fast_mode=False) with IPOL grayscale parameter schedule,28.67882,0.57021639,2871.498,ok,,Closer to IPOL patchwise parameters; can be very slow.
bsd68,test045,481,321,15,2653261716,BM3D_TAU,"bm3d.bm3d(noisy_float01, sigma_psd=sigma/255)",35.078888,0.89599128,1465.658,ok,,Reference classical upper baseline for AWGN.
bsd68,test045,481,321,20,123848779,Noisy,"clean + AWGN, clipped to [0,1]",22.135802,0.27076186,0.0,ok,,same noisy image reused for all methods
bsd68,test045,481,321,20,123848779,Gaussian_SciPy,"scipy.ndimage.gaussian_filter(sigma_filter=1.5, reflect)",31.220878,0.76991259,2.523,ok,,Optimized replacement for Python-loop Gaussian filter.
bsd68,test045,481,321,20,123848779,Median_SciPy,"scipy.ndimage.median_filter(size=3, reflect)",28.642058,0.56574865,15.034,ok,,Optimized replacement for Python-loop median filter.
bsd68,test045,481,321,20,123848779,NLM_Skimage_Fast,"skimage.denoise_nl_means(fast_mode=True, h=0.8*sigma, sigma=known_sigma)",32.056407,0.81871133,359.947,ok,,Fast engineering baseline; not the original patchwise NLM runtime.
bsd68,test045,481,321,20,123848779,NLM_IPOL_Like,skimage.denoise_nl_means(fast_mode=False) with IPOL grayscale parameter schedule,29.58691,0.63167561,4552.406,ok,,Closer to IPOL patchwise parameters; can be very slow.
bsd68,test045,481,321,20,123848779,BM3D_TAU,"bm3d.bm3d(noisy_float01, sigma_psd=sigma/255)",34.031787,0.87232911,1382.204,ok,,Reference classical upper baseline for AWGN.
bsd68,test045,481,321,25,1815326686,Noisy,"clean + AWGN, clipped to [0,1]",20.195777,0.20168971,0.0,ok,,same noisy image reused for all methods
bsd68,test045,481,321,25,1815326686,Gaussian_SciPy,"scipy.ndimage.gaussian_filter(sigma_filter=1.5, reflect)",30.557085,0.73132442,2.735,ok,,Optimized replacement for Python-loop Gaussian filter.
bsd68,test045,481,321,25,1815326686,Median_SciPy,"scipy.ndimage.median_filter(size=3, reflect)",27.040677,0.47679403,16.15,ok,,Optimized replacement for Python-loop median filter.
bsd68,test045,481,321,25,1815326686,NLM_Skimage_Fast,"skimage.denoise_nl_means(fast_mode=True, h=0.8*sigma, sigma=known_sigma)",31.141688,0.78977469,346.177,ok,,Fast engineering baseline; not the original patchwise NLM runtime.
bsd68,test045,481,321,25,1815326686,NLM_IPOL_Like,skimage.denoise_nl_means(fast_mode=False) with IPOL grayscale parameter schedule,28.034946,0.54034304,4702.559,ok,,Closer to IPOL patchwise parameters; can be very slow.
bsd68,test045,481,321,25,1815326686,BM3D_TAU,"bm3d.bm3d(noisy_float01, sigma_psd=sigma/255)",33.074491,0.84713468,1451.593,ok,,Reference classical upper baseline for AWGN.
bsd68,test045,481,321,30,148175999,Noisy,"clean + AWGN, clipped to [0,1]",18.676797,0.15852737,0.0,ok,,same noisy image reused for all methods
bsd68,test045,481,321,30,148175999,Gaussian_SciPy,"scipy.ndimage.gaussian_filter(sigma_filter=1.5, reflect)",29.912379,0.69282857,1.972,ok,,Optimized replacement for Python-loop Gaussian filter.
bsd68,test045,481,321,30,148175999,Median_SciPy,"scipy.ndimage.median_filter(size=3, reflect)",25.740015,0.40851085,16.146,ok,,Optimized replacement for Python-loop median filter.
bsd68,test045,481,321,30,148175999,NLM_Skimage_Fast,"skimage.denoise_nl_means(fast_mode=True, h=0.8*sigma, sigma=known_sigma)",30.570975,0.76762492,358.651,ok,,Fast engineering baseline; not the original patchwise NLM runtime.
bsd68,test045,481,321,30,148175999,NLM_IPOL_Like,skimage.denoise_nl_means(fast_mode=False) with IPOL grayscale parameter schedule,26.966824,0.47657627,4646.174,ok,,Closer to IPOL patchwise parameters; can be very slow.
bsd68,test045,481,321,30,148175999,BM3D_TAU,"bm3d.bm3d(noisy_float01, sigma_psd=sigma/255)",32.435886,0.82920241,1404.545,ok,,Reference classical upper baseline for AWGN.
bsd68,test045,481,321,35,3562862920,Noisy,"clean + AWGN, clipped to [0,1]",17.301284,0.12386262,0.0,ok,,same noisy image reused for all methods
bsd68,test045,481,321,35,3562862920,Gaussian_SciPy,"scipy.ndimage.gaussian_filter(sigma_filter=1.5, reflect)",29.181208,0.64910289,2.846,ok,,Optimized replacement for Python-loop Gaussian filter.
bsd68,test045,481,321,35,3562862920,Median_SciPy,"scipy.ndimage.median_filter(size=3, reflect)",24.531182,0.34736361,17.086,ok,,Optimized replacement for Python-loop median filter.
bsd68,test045,481,321,35,3562862920,NLM_Skimage_Fast,"skimage.denoise_nl_means(fast_mode=True, h=0.8*sigma, sigma=known_sigma)",29.902876,0.74278529,354.624,ok,,Fast engineering baseline; not the original patchwise NLM runtime.
bsd68,test045,481,321,35,3562862920,NLM_IPOL_Like,skimage.denoise_nl_means(fast_mode=False) with IPOL grayscale parameter schedule,27.624309,0.53103722,19629.762,ok,,Closer to IPOL patchwise parameters; can be very slow.
bsd68,test045,481,321,35,3562862920,BM3D_TAU,"bm3d.bm3d(noisy_float01, sigma_psd=sigma/255)",31.787922,0.81010623,1428.967,ok,,Reference classical upper baseline for AWGN.
bsd68,test045,481,321,40,230490044,Noisy,"clean + AWGN, clipped to [0,1]",16.231616,0.10328586,0.0,ok,,same noisy image reused for all methods
bsd68,test045,481,321,40,230490044,Gaussian_SciPy,"scipy.ndimage.gaussian_filter(sigma_filter=1.5, reflect)",28.574523,0.61739442,1.497,ok,,Optimized replacement for Python-loop Gaussian filter.
bsd68,test045,481,321,40,230490044,Median_SciPy,"scipy.ndimage.median_filter(size=3, reflect)",23.507598,0.30344683,16.659,ok,,Optimized replacement for Python-loop median filter.
bsd68,test045,481,321,40,230490044,NLM_Skimage_Fast,"skimage.denoise_nl_means(fast_mode=True, h=0.8*sigma, sigma=known_sigma)",29.423849,0.72803124,346.77,ok,,Fast engineering baseline; not the original patchwise NLM runtime.
bsd68,test045,481,321,40,230490044,NLM_IPOL_Like,skimage.denoise_nl_means(fast_mode=False) with IPOL grayscale parameter schedule,27.06578,0.50699598,19819.892,ok,,Closer to IPOL patchwise parameters; can be very slow.
bsd68,test045,481,321,40,230490044,BM3D_TAU,"bm3d.bm3d(noisy_float01, sigma_psd=sigma/255)",31.328874,0.79881092,1450.71,ok,,Reference classical upper baseline for AWGN.
bsd68,test045,481,321,50,2132667294,Noisy,"clean + AWGN, clipped to [0,1]",14.421604,0.07255981,0.0,ok,,same noisy image reused for all methods
bsd68,test045,481,321,50,2132667294,Gaussian_SciPy,"scipy.ndimage.gaussian_filter(sigma_filter=1.5, reflect)",27.326808,0.54290726,1.657,ok,,Optimized replacement for Python-loop Gaussian filter.
bsd68,test045,481,321,50,2132667294,Median_SciPy,"scipy.ndimage.median_filter(size=3, reflect)",21.633822,0.22746099,16.217,ok,,Optimized replacement for Python-loop median filter.
bsd68,test045,481,321,50,2132667294,NLM_Skimage_Fast,"skimage.denoise_nl_means(fast_mode=True, h=0.8*sigma, sigma=known_sigma)",28.695235,0.69769412,350.578,ok,,Fast engineering baseline; not the original patchwise NLM runtime.
bsd68,test045,481,321,50,2132667294,NLM_IPOL_Like,skimage.denoise_nl_means(fast_mode=False) with IPOL grayscale parameter schedule,27.474272,0.56156743,30818.553,ok,,Closer to IPOL patchwise parameters; can be very slow.
bsd68,test045,481,321,50,2132667294,BM3D_TAU,"bm3d.bm3d(noisy_float01, sigma_psd=sigma/255)",30.638471,0.7752251,1446.469,ok,,Reference classical upper baseline for AWGN.
bsd68,test045,481,321,75,793896782,Noisy,"clean + AWGN, clipped to [0,1]",11.564462,0.03872255,0.0,ok,,same noisy image reused for all methods
bsd68,test045,481,321,75,793896782,Gaussian_SciPy,"scipy.ndimage.gaussian_filter(sigma_filter=1.5, reflect)",24.668931,0.41265921,1.963,ok,,Optimized replacement for Python-loop Gaussian filter.
bsd68,test045,481,321,75,793896782,Median_SciPy,"scipy.ndimage.median_filter(size=3, reflect)",18.249535,0.12850875,16.914,ok,,Optimized replacement for Python-loop median filter.
bsd68,test045,481,321,75,793896782,NLM_Skimage_Fast,"skimage.denoise_nl_means(fast_mode=True, h=0.8*sigma, sigma=known_sigma)",27.008749,0.68013226,345.716,ok,,Fast engineering baseline; not the original patchwise NLM runtime.
bsd68,test045,481,321,75,793896782,NLM_IPOL_Like,skimage.denoise_nl_means(fast_mode=False) with IPOL grayscale parameter schedule,26.272553,0.62833041,31944.785,ok,,Closer to IPOL patchwise parameters; can be very slow.
bsd68,test045,481,321,75,793896782,BM3D_TAU,"bm3d.bm3d(noisy_float01, sigma_psd=sigma/255)",28.44577,0.73244201,1406.733,ok,,Reference classical upper baseline for AWGN.
bsd68,test046,321,481,5,281343861,Noisy,"clean + AWGN, clipped to [0,1]",34.251669,0.94966456,0.0,ok,,same noisy image reused for all methods
bsd68,test046,321,481,5,281343861,Gaussian_SciPy,"scipy.ndimage.gaussian_filter(sigma_filter=1.5, reflect)",21.451549,0.62615254,2.037,ok,,Optimized replacement for Python-loop Gaussian filter.
bsd68,test046,321,481,5,281343861,Median_SciPy,"scipy.ndimage.median_filter(size=3, reflect)",24.52672,0.79522836,15.604,ok,,Optimized replacement for Python-loop median filter.
bsd68,test046,321,481,5,281343861,NLM_Skimage_Fast,"skimage.denoise_nl_means(fast_mode=True, h=0.8*sigma, sigma=known_sigma)",34.807548,0.9534065,269.004,ok,,Fast engineering baseline; not the original patchwise NLM runtime.
bsd68,test046,321,481,5,281343861,NLM_IPOL_Like,skimage.denoise_nl_means(fast_mode=False) with IPOL grayscale parameter schedule,,,2271.302,ok,,Closer to IPOL patchwise parameters; can be very slow.
bsd68,test046,321,481,5,281343861,BM3D_TAU,"bm3d.bm3d(noisy_float01, sigma_psd=sigma/255)",35.553924,0.96607651,1318.458,ok,,Reference classical upper baseline for AWGN.
bsd68,test046,321,481,10,16295902,Noisy,"clean + AWGN, clipped to [0,1]",28.25014,0.84516131,0.0,ok,,same noisy image reused for all methods
bsd68,test046,321,481,10,16295902,Gaussian_SciPy,"scipy.ndimage.gaussian_filter(sigma_filter=1.5, reflect)",21.415962,0.62199312,2.045,ok,,Optimized replacement for Python-loop Gaussian filter.
bsd68,test046,321,481,10,16295902,Median_SciPy,"scipy.ndimage.median_filter(size=3, reflect)",24.220354,0.76658372,15.787,ok,,Optimized replacement for Python-loop median filter.
bsd68,test046,321,481,10,16295902,NLM_Skimage_Fast,"skimage.denoise_nl_means(fast_mode=True, h=0.8*sigma, sigma=known_sigma)",29.943256,0.87351695,320.631,ok,,Fast engineering baseline; not the original patchwise NLM runtime.
bsd68,test046,321,481,10,16295902,NLM_IPOL_Like,skimage.denoise_nl_means(fast_mode=False) with IPOL grayscale parameter schedule,29.59704,0.88447173,2531.234,ok,,Closer to IPOL patchwise parameters; can be very slow.
bsd68,test046,321,481,10,16295902,BM3D_TAU,"bm3d.bm3d(noisy_float01, sigma_psd=sigma/255)",30.980825,0.90944662,1377.788,ok,,Reference classical upper baseline for AWGN.
bsd68,test046,321,481,15,3877427261,Noisy,"clean + AWGN, clipped to [0,1]",24.743397,0.73849084,0.0,ok,,same noisy image reused for all methods
bsd68,test046,321,481,15,3877427261,Gaussian_SciPy,"scipy.ndimage.gaussian_filter(sigma_filter=1.5, reflect)",21.366012,0.6162823,2.009,ok,,Optimized replacement for Python-loop Gaussian filter.
bsd68,test046,321,481,15,3877427261,Median_SciPy,"scipy.ndimage.median_filter(size=3, reflect)",23.784976,0.730433,18.856,ok,,Optimized replacement for Python-loop median filter.
bsd68,test046,321,481,15,3877427261,NLM_Skimage_Fast,"skimage.denoise_nl_means(fast_mode=True, h=0.8*sigma, sigma=known_sigma)",27.399128,0.79978164,356.821,ok,,Fast engineering baseline; not the original patchwise NLM runtime.
bsd68,test046,321,481,15,3877427261,NLM_IPOL_Like,skimage.denoise_nl_means(fast_mode=False) with IPOL grayscale parameter schedule,26.720293,0.80650475,2658.001,ok,,Closer to IPOL patchwise parameters; can be very slow.
bsd68,test046,321,481,15,3877427261,BM3D_TAU,"bm3d.bm3d(noisy_float01, sigma_psd=sigma/255)",28.581909,0.85413766,1338.932,ok,,Reference classical upper baseline for AWGN.
bsd68,test046,321,481,20,2328292752,Noisy,"clean + AWGN, clipped to [0,1]",22.272865,0.64587537,0.0,ok,,same noisy image reused for all methods
bsd68,test046,321,481,20,2328292752,Gaussian_SciPy,"scipy.ndimage.gaussian_filter(sigma_filter=1.5, reflect)",21.283363,0.60660126,2.318,ok,,Optimized replacement for Python-loop Gaussian filter.
bsd68,test046,321,481,20,2328292752,Median_SciPy,"scipy.ndimage.median_filter(size=3, reflect)",23.240855,0.69078748,16.593,ok,,Optimized replacement for Python-loop median filter.
bsd68,test046,321,481,20,2328292752,NLM_Skimage_Fast,"skimage.denoise_nl_means(fast_mode=True, h=0.8*sigma, sigma=known_sigma)",25.716527,0.73541781,358.789,ok,,Fast engineering baseline; not the original patchwise NLM runtime.
bsd68,test046,321,481,20,2328292752,NLM_IPOL_Like,skimage.denoise_nl_means(fast_mode=False) with IPOL grayscale parameter schedule,25.375167,0.77478093,3834.029,ok,,Closer to IPOL patchwise parameters; can be very slow.
bsd68,test046,321,481,20,2328292752,BM3D_TAU,"bm3d.bm3d(noisy_float01, sigma_psd=sigma/255)",26.981649,0.80497474,1316.93,ok,,Reference classical upper baseline for AWGN.
bsd68,test046,321,481,25,2851153964,Noisy,"clean + AWGN, clipped to [0,1]",20.40073,0.56838048,0.0,ok,,same noisy image reused for all methods
bsd68,test046,321,481,25,2851153964,Gaussian_SciPy,"scipy.ndimage.gaussian_filter(sigma_filter=1.5, reflect)",21.182291,0.5959697,2.543,ok,,Optimized replacement for Python-loop Gaussian filter.
bsd68,test046,321,481,25,2851153964,Median_SciPy,"scipy.ndimage.median_filter(size=3, reflect)",22.676436,0.65047726,16.249,ok,,Optimized replacement for Python-loop median filter.
bsd68,test046,321,481,25,2851153964,NLM_Skimage_Fast,"skimage.denoise_nl_means(fast_mode=True, h=0.8*sigma, sigma=known_sigma)",24.470219,0.67991546,354.762,ok,,Fast engineering baseline; not the original patchwise NLM runtime.
bsd68,test046,321,481,25,2851153964,NLM_IPOL_Like,skimage.denoise_nl_means(fast_mode=False) with IPOL grayscale parameter schedule,24.276107,0.72502627,4035.869,ok,,Closer to IPOL patchwise parameters; can be very slow.
bsd68,test046,321,481,25,2851153964,BM3D_TAU,"bm3d.bm3d(noisy_float01, sigma_psd=sigma/255)",25.807058,0.76096039,1391.124,ok,,Reference classical upper baseline for AWGN.
bsd68,test046,321,481,30,2150170823,Noisy,"clean + AWGN, clipped to [0,1]",18.870089,0.50344098,0.0,ok,,same noisy image reused for all methods
bsd68,test046,321,481,30,2150170823,Gaussian_SciPy,"scipy.ndimage.gaussian_filter(sigma_filter=1.5, reflect)",21.068974,0.58181035,2.186,ok,,Optimized replacement for Python-loop Gaussian filter.
bsd68,test046,321,481,30,2150170823,Median_SciPy,"scipy.ndimage.median_filter(size=3, reflect)",22.0822,0.6081028,15.81,ok,,Optimized replacement for Python-loop median filter.
bsd68,test046,321,481,30,2150170823,NLM_Skimage_Fast,"skimage.denoise_nl_means(fast_mode=True, h=0.8*sigma, sigma=known_sigma)",23.520452,0.63399831,366.832,ok,,Fast engineering baseline; not the original patchwise NLM runtime.
bsd68,test046,321,481,30,2150170823,NLM_IPOL_Like,skimage.denoise_nl_means(fast_mode=False) with IPOL grayscale parameter schedule,23.350033,0.67968501,4180.865,ok,,Closer to IPOL patchwise parameters; can be very slow.
bsd68,test046,321,481,30,2150170823,BM3D_TAU,"bm3d.bm3d(noisy_float01, sigma_psd=sigma/255)",24.885229,0.72115194,1330.919,ok,,Reference classical upper baseline for AWGN.
bsd68,test046,321,481,35,485720096,Noisy,"clean + AWGN, clipped to [0,1]",17.615956,0.44975564,0.0,ok,,same noisy image reused for all methods
bsd68,test046,321,481,35,485720096,Gaussian_SciPy,"scipy.ndimage.gaussian_filter(sigma_filter=1.5, reflect)",20.941798,0.56980265,1.699,ok,,Optimized replacement for Python-loop Gaussian filter.
bsd68,test046,321,481,35,485720096,Median_SciPy,"scipy.ndimage.median_filter(size=3, reflect)",21.491145,0.57152919,16.825,ok,,Optimized replacement for Python-loop median filter.
bsd68,test046,321,481,35,485720096,NLM_Skimage_Fast,"skimage.denoise_nl_means(fast_mode=True, h=0.8*sigma, sigma=known_sigma)",22.61385,0.59061057,372.804,ok,,Fast engineering baseline; not the original patchwise NLM runtime.
bsd68,test046,321,481,35,485720096,NLM_IPOL_Like,skimage.denoise_nl_means(fast_mode=False) with IPOL grayscale parameter schedule,22.907545,0.65960366,16226.888,ok,,Closer to IPOL patchwise parameters; can be very slow.
bsd68,test046,321,481,35,485720096,BM3D_TAU,"bm3d.bm3d(noisy_float01, sigma_psd=sigma/255)",24.061533,0.68366135,1377.742,ok,,Reference classical upper baseline for AWGN.
bsd68,test046,321,481,40,3841696520,Noisy,"clean + AWGN, clipped to [0,1]",16.523817,0.40215607,0.0,ok,,same noisy image reused for all methods
bsd68,test046,321,481,40,3841696520,Gaussian_SciPy,"scipy.ndimage.gaussian_filter(sigma_filter=1.5, reflect)",20.780424,0.55501025,3.754,ok,,Optimized replacement for Python-loop Gaussian filter.
bsd68,test046,321,481,40,3841696520,Median_SciPy,"scipy.ndimage.median_filter(size=3, reflect)",20.910208,0.53750987,15.347,ok,,Optimized replacement for Python-loop median filter.
bsd68,test046,321,481,40,3841696520,NLM_Skimage_Fast,"skimage.denoise_nl_means(fast_mode=True, h=0.8*sigma, sigma=known_sigma)",21.829488,0.54861546,353.925,ok,,Fast engineering baseline; not the original patchwise NLM runtime.
bsd68,test046,321,481,40,3841696520,NLM_IPOL_Like,skimage.denoise_nl_means(fast_mode=False) with IPOL grayscale parameter schedule,22.393574,0.62561778,16957.555,ok,,Closer to IPOL patchwise parameters; can be very slow.
bsd68,test046,321,481,40,3841696520,BM3D_TAU,"bm3d.bm3d(noisy_float01, sigma_psd=sigma/255)",23.378945,0.65061351,1406.631,ok,,Reference classical upper baseline for AWGN.
bsd68,test046,321,481,50,2900594718,Noisy,"clean + AWGN, clipped to [0,1]",14.834796,0.33201844,0.0,ok,,same noisy image reused for all methods
bsd68,test046,321,481,50,2900594718,Gaussian_SciPy,"scipy.ndimage.gaussian_filter(sigma_filter=1.5, reflect)",20.460789,0.52663736,3.19,ok,,Optimized replacement for Python-loop Gaussian filter.
bsd68,test046,321,481,50,2900594718,Median_SciPy,"scipy.ndimage.median_filter(size=3, reflect)",19.796089,0.47548013,16.392,ok,,Optimized replacement for Python-loop median filter.
bsd68,test046,321,481,50,2900594718,NLM_Skimage_Fast,"skimage.denoise_nl_means(fast_mode=True, h=0.8*sigma, sigma=known_sigma)",20.631551,0.47939419,354.619,ok,,Fast engineering baseline; not the original patchwise NLM runtime.
bsd68,test046,321,481,50,2900594718,NLM_IPOL_Like,skimage.denoise_nl_means(fast_mode=False) with IPOL grayscale parameter schedule,21.695702,0.57264371,26890.079,ok,,Closer to IPOL patchwise parameters; can be very slow.
bsd68,test046,321,481,50,2900594718,BM3D_TAU,"bm3d.bm3d(noisy_float01, sigma_psd=sigma/255)",22.237592,0.58672259,1373.271,ok,,Reference classical upper baseline for AWGN.
bsd68,test046,321,481,75,1636451543,Noisy,"clean + AWGN, clipped to [0,1]",11.964261,0.22043647,0.0,ok,,same noisy image reused for all methods
bsd68,test046,321,481,75,1636451543,Gaussian_SciPy,"scipy.ndimage.gaussian_filter(sigma_filter=1.5, reflect)",19.457883,0.45676593,2.774,ok,,Optimized replacement for Python-loop Gaussian filter.
bsd68,test046,321,481,75,1636451543,Median_SciPy,"scipy.ndimage.median_filter(size=3, reflect)",17.409765,0.36122271,16.521,ok,,Optimized replacement for Python-loop median filter.
bsd68,test046,321,481,75,1636451543,NLM_Skimage_Fast,"skimage.denoise_nl_means(fast_mode=True, h=0.8*sigma, sigma=known_sigma)",18.333418,0.33517481,347.239,ok,,Fast engineering baseline; not the original patchwise NLM runtime.
bsd68,test046,321,481,75,1636451543,NLM_IPOL_Like,skimage.denoise_nl_means(fast_mode=False) with IPOL grayscale parameter schedule,19.236603,0.41217666,30661.031,ok,,Closer to IPOL patchwise parameters; can be very slow.
bsd68,test046,321,481,75,1636451543,BM3D_TAU,"bm3d.bm3d(noisy_float01, sigma_psd=sigma/255)",20.122426,0.46362346,1411.735,ok,,Reference classical upper baseline for AWGN.
bsd68,test047,321,481,5,296138762,Noisy,"clean + AWGN, clipped to [0,1]",34.1559,0.95302418,0.0,ok,,same noisy image reused for all methods
bsd68,test047,321,481,5,296138762,Gaussian_SciPy,"scipy.ndimage.gaussian_filter(sigma_filter=1.5, reflect)",23.991838,0.66705355,2.22,ok,,Optimized replacement for Python-loop Gaussian filter.
bsd68,test047,321,481,5,296138762,Median_SciPy,"scipy.ndimage.median_filter(size=3, reflect)",26.3644,0.81665728,14.401,ok,,Optimized replacement for Python-loop median filter.
bsd68,test047,321,481,5,296138762,NLM_Skimage_Fast,"skimage.denoise_nl_means(fast_mode=True, h=0.8*sigma, sigma=known_sigma)",35.093467,0.96551416,247.327,ok,,Fast engineering baseline; not the original patchwise NLM runtime.
bsd68,test047,321,481,5,296138762,NLM_IPOL_Like,skimage.denoise_nl_means(fast_mode=False) with IPOL grayscale parameter schedule,34.689329,0.96139424,2217.992,ok,,Closer to IPOL patchwise parameters; can be very slow.
bsd68,test047,321,481,5,296138762,BM3D_TAU,"bm3d.bm3d(noisy_float01, sigma_psd=sigma/255)",35.851022,0.9729044,1303.097,ok,,Reference classical upper baseline for AWGN.
bsd68,test047,321,481,10,768295706,Noisy,"clean + AWGN, clipped to [0,1]",28.150599,0.84869947,0.0,ok,,same noisy image reused for all methods
bsd68,test047,321,481,10,768295706,Gaussian_SciPy,"scipy.ndimage.gaussian_filter(sigma_filter=1.5, reflect)",23.952149,0.66379776,1.757,ok,,Optimized replacement for Python-loop Gaussian filter.
bsd68,test047,321,481,10,768295706,Median_SciPy,"scipy.ndimage.median_filter(size=3, reflect)",25.902002,0.78857476,14.874,ok,,Optimized replacement for Python-loop median filter.
bsd68,test047,321,481,10,768295706,NLM_Skimage_Fast,"skimage.denoise_nl_means(fast_mode=True, h=0.8*sigma, sigma=known_sigma)",30.198252,0.89524327,317.655,ok,,Fast engineering baseline; not the original patchwise NLM runtime.
bsd68,test047,321,481,10,768295706,NLM_IPOL_Like,skimage.denoise_nl_means(fast_mode=False) with IPOL grayscale parameter schedule,29.456549,0.88493963,2529.431,ok,,Closer to IPOL patchwise parameters; can be very slow.
bsd68,test047,321,481,10,768295706,BM3D_TAU,"bm3d.bm3d(noisy_float01, sigma_psd=sigma/255)",31.360098,0.92894191,1321.407,ok,,Reference classical upper baseline for AWGN.
bsd68,test047,321,481,15,4126283636,Noisy,"clean + AWGN, clipped to [0,1]",24.632982,0.73293813,0.0,ok,,same noisy image reused for all methods
bsd68,test047,321,481,15,4126283636,Gaussian_SciPy,"scipy.ndimage.gaussian_filter(sigma_filter=1.5, reflect)",23.87126,0.65635987,3.26,ok,,Optimized replacement for Python-loop Gaussian filter.
bsd68,test047,321,481,15,4126283636,Median_SciPy,"scipy.ndimage.median_filter(size=3, reflect)",25.297866,0.7506683,16.142,ok,,Optimized replacement for Python-loop median filter.
bsd68,test047,321,481,15,4126283636,NLM_Skimage_Fast,"skimage.denoise_nl_means(fast_mode=True, h=0.8*sigma, sigma=known_sigma)",27.521503,0.81035478,356.697,ok,,Fast engineering baseline; not the original patchwise NLM runtime.
bsd68,test047,321,481,15,4126283636,NLM_IPOL_Like,skimage.denoise_nl_means(fast_mode=False) with IPOL grayscale parameter schedule,26.527056,0.79611936,2692.379,ok,,Closer to IPOL patchwise parameters; can be very slow.
bsd68,test047,321,481,15,4126283636,BM3D_TAU,"bm3d.bm3d(noisy_float01, sigma_psd=sigma/255)",28.950822,0.87677383,1305.842,ok,,Reference classical upper baseline for AWGN.
bsd68,test047,321,481,20,2390878581,Noisy,"clean + AWGN, clipped to [0,1]",22.135365,0.62786609,0.0,ok,,same noisy image reused for all methods
bsd68,test047,321,481,20,2390878581,Gaussian_SciPy,"scipy.ndimage.gaussian_filter(sigma_filter=1.5, reflect)",23.776087,0.64902064,1.969,ok,,Optimized replacement for Python-loop Gaussian filter.
bsd68,test047,321,481,20,2390878581,Median_SciPy,"scipy.ndimage.median_filter(size=3, reflect)",24.638785,0.71142635,15.618,ok,,Optimized replacement for Python-loop median filter.
bsd68,test047,321,481,20,2390878581,NLM_Skimage_Fast,"skimage.denoise_nl_means(fast_mode=True, h=0.8*sigma, sigma=known_sigma)",25.783478,0.7328833,368.889,ok,,Fast engineering baseline; not the original patchwise NLM runtime.
bsd68,test047,321,481,20,2390878581,NLM_IPOL_Like,skimage.denoise_nl_means(fast_mode=False) with IPOL grayscale parameter schedule,25.459961,0.76796914,3923.725,ok,,Closer to IPOL patchwise parameters; can be very slow.
bsd68,test047,321,481,20,2390878581,BM3D_TAU,"bm3d.bm3d(noisy_float01, sigma_psd=sigma/255)",27.348169,0.82525178,1372.369,ok,,Reference classical upper baseline for AWGN.
bsd68,test047,321,481,25,3325361599,Noisy,"clean + AWGN, clipped to [0,1]",20.188569,0.53494178,0.0,ok,,same noisy image reused for all methods
bsd68,test047,321,481,25,3325361599,Gaussian_SciPy,"scipy.ndimage.gaussian_filter(sigma_filter=1.5, reflect)",23.642128,0.63823597,3.433,ok,,Optimized replacement for Python-loop Gaussian filter.
bsd68,test047,321,481,25,3325361599,Median_SciPy,"scipy.ndimage.median_filter(size=3, reflect)",23.867468,0.66471153,16.306,ok,,Optimized replacement for Python-loop median filter.
bsd68,test047,321,481,25,3325361599,NLM_Skimage_Fast,"skimage.denoise_nl_means(fast_mode=True, h=0.8*sigma, sigma=known_sigma)",24.604914,0.66204996,366.19,ok,,Fast engineering baseline; not the original patchwise NLM runtime.
bsd68,test047,321,481,25,3325361599,NLM_IPOL_Like,skimage.denoise_nl_means(fast_mode=False) with IPOL grayscale parameter schedule,24.296675,0.70361975,4131.818,ok,,Closer to IPOL patchwise parameters; can be very slow.
bsd68,test047,321,481,25,3325361599,BM3D_TAU,"bm3d.bm3d(noisy_float01, sigma_psd=sigma/255)",26.158196,0.77226156,1365.198,ok,,Reference classical upper baseline for AWGN.
bsd68,test047,321,481,30,1370966752,Noisy,"clean + AWGN, clipped to [0,1]",18.644722,0.46005396,0.0,ok,,same noisy image reused for all methods
bsd68,test047,321,481,30,1370966752,Gaussian_SciPy,"scipy.ndimage.gaussian_filter(sigma_filter=1.5, reflect)",23.477456,0.62357849,3.886,ok,,Optimized replacement for Python-loop Gaussian filter.
bsd68,test047,321,481,30,1370966752,Median_SciPy,"scipy.ndimage.median_filter(size=3, reflect)",23.144195,0.6193948,19.84,ok,,Optimized replacement for Python-loop median filter.
bsd68,test047,321,481,30,1370966752,NLM_Skimage_Fast,"skimage.denoise_nl_means(fast_mode=True, h=0.8*sigma, sigma=known_sigma)",23.712796,0.6027819,406.121,ok,,Fast engineering baseline; not the original patchwise NLM runtime.
bsd68,test047,321,481,30,1370966752,NLM_IPOL_Like,skimage.denoise_nl_means(fast_mode=False) with IPOL grayscale parameter schedule,23.399018,0.64826734,4276.685,ok,,Closer to IPOL patchwise parameters; can be very slow.
bsd68,test047,321,481,30,1370966752,BM3D_TAU,"bm3d.bm3d(noisy_float01, sigma_psd=sigma/255)",25.297455,0.72521194,1421.818,ok,,Reference classical upper baseline for AWGN.
bsd68,test047,321,481,35,2374793769,Noisy,"clean + AWGN, clipped to [0,1]",17.366605,0.399154,0.0,ok,,same noisy image reused for all methods
bsd68,test047,321,481,35,2374793769,Gaussian_SciPy,"scipy.ndimage.gaussian_filter(sigma_filter=1.5, reflect)",23.292415,0.60833746,3.06,ok,,Optimized replacement for Python-loop Gaussian filter.
bsd68,test047,321,481,35,2374793769,Median_SciPy,"scipy.ndimage.median_filter(size=3, reflect)",22.427033,0.57436655,17.527,ok,,Optimized replacement for Python-loop median filter.
bsd68,test047,321,481,35,2374793769,NLM_Skimage_Fast,"skimage.denoise_nl_means(fast_mode=True, h=0.8*sigma, sigma=known_sigma)",23.007009,0.54951438,358.832,ok,,Fast engineering baseline; not the original patchwise NLM runtime.
bsd68,test047,321,481,35,2374793769,NLM_IPOL_Like,skimage.denoise_nl_means(fast_mode=False) with IPOL grayscale parameter schedule,23.285255,0.63396122,17005.744,ok,,Closer to IPOL patchwise parameters; can be very slow.
bsd68,test047,321,481,35,2374793769,BM3D_TAU,"bm3d.bm3d(noisy_float01, sigma_psd=sigma/255)",24.623037,0.68135703,1383.346,ok,,Reference classical upper baseline for AWGN.
bsd68,test047,321,481,40,3487798585,Noisy,"clean + AWGN, clipped to [0,1]",16.263801,0.34827933,0.0,ok,,same noisy image reused for all methods
bsd68,test047,321,481,40,3487798585,Gaussian_SciPy,"scipy.ndimage.gaussian_filter(sigma_filter=1.5, reflect)",23.127087,0.59922616,3.087,ok,,Optimized replacement for Python-loop Gaussian filter.
bsd68,test047,321,481,40,3487798585,Median_SciPy,"scipy.ndimage.median_filter(size=3, reflect)",21.733122,0.53809842,16.853,ok,,Optimized replacement for Python-loop median filter.
bsd68,test047,321,481,40,3487798585,NLM_Skimage_Fast,"skimage.denoise_nl_means(fast_mode=True, h=0.8*sigma, sigma=known_sigma)",22.498922,0.50868943,352.208,ok,,Fast engineering baseline; not the original patchwise NLM runtime.
bsd68,test047,321,481,40,3487798585,NLM_IPOL_Like,skimage.denoise_nl_means(fast_mode=False) with IPOL grayscale parameter schedule,22.803898,0.59421401,17820.503,ok,,Closer to IPOL patchwise parameters; can be very slow.
bsd68,test047,321,481,40,3487798585,BM3D_TAU,"bm3d.bm3d(noisy_float01, sigma_psd=sigma/255)",24.081831,0.64830844,1395.098,ok,,Reference classical upper baseline for AWGN.
bsd68,test047,321,481,50,2729810513,Noisy,"clean + AWGN, clipped to [0,1]",14.506176,0.27100211,0.0,ok,,same noisy image reused for all methods
bsd68,test047,321,481,50,2729810513,Gaussian_SciPy,"scipy.ndimage.gaussian_filter(sigma_filter=1.5, reflect)",22.687102,0.56804554,3.276,ok,,Optimized replacement for Python-loop Gaussian filter.
bsd68,test047,321,481,50,2729810513,Median_SciPy,"scipy.ndimage.median_filter(size=3, reflect)",20.455096,0.46795413,17.009,ok,,Optimized replacement for Python-loop median filter.
bsd68,test047,321,481,50,2729810513,NLM_Skimage_Fast,"skimage.denoise_nl_means(fast_mode=True, h=0.8*sigma, sigma=known_sigma)",21.667466,0.43438112,347.329,ok,,Fast engineering baseline; not the original patchwise NLM runtime.
bsd68,test047,321,481,50,2729810513,NLM_IPOL_Like,skimage.denoise_nl_means(fast_mode=False) with IPOL grayscale parameter schedule,22.338475,0.53949511,28429.082,ok,,Closer to IPOL patchwise parameters; can be very slow.
bsd68,test047,321,481,50,2729810513,BM3D_TAU,"bm3d.bm3d(noisy_float01, sigma_psd=sigma/255)",23.18331,0.58094386,1397.375,ok,,Reference classical upper baseline for AWGN.
bsd68,test047,321,481,75,1495284980,Noisy,"clean + AWGN, clipped to [0,1]",11.659441,0.16215271,0.0,ok,,same noisy image reused for all methods
bsd68,test047,321,481,75,1495284980,Gaussian_SciPy,"scipy.ndimage.gaussian_filter(sigma_filter=1.5, reflect)",21.495246,0.48078462,3.146,ok,,Optimized replacement for Python-loop Gaussian filter.
bsd68,test047,321,481,75,1495284980,Median_SciPy,"scipy.ndimage.median_filter(size=3, reflect)",17.701817,0.32707008,16.23,ok,,Optimized replacement for Python-loop median filter.
bsd68,test047,321,481,75,1495284980,NLM_Skimage_Fast,"skimage.denoise_nl_means(fast_mode=True, h=0.8*sigma, sigma=known_sigma)",20.225928,0.29790588,345.802,ok,,Fast engineering baseline; not the original patchwise NLM runtime.
bsd68,test047,321,481,75,1495284980,NLM_IPOL_Like,skimage.denoise_nl_means(fast_mode=False) with IPOL grayscale parameter schedule,20.423086,0.3566839,31508.856,ok,,Closer to IPOL patchwise parameters; can be very slow.
bsd68,test047,321,481,75,1495284980,BM3D_TAU,"bm3d.bm3d(noisy_float01, sigma_psd=sigma/255)",21.641708,0.44138046,1395.948,ok,,Reference classical upper baseline for AWGN.
bsd68,test048,321,481,5,2379215397,Noisy,"clean + AWGN, clipped to [0,1]",34.38592,0.89515186,0.0,ok,,same noisy image reused for all methods
bsd68,test048,321,481,5,2379215397,Gaussian_SciPy,"scipy.ndimage.gaussian_filter(sigma_filter=1.5, reflect)",23.708989,0.83305824,1.572,ok,,Optimized replacement for Python-loop Gaussian filter.
bsd68,test048,321,481,5,2379215397,Median_SciPy,"scipy.ndimage.median_filter(size=3, reflect)",29.483753,0.92710775,14.705,ok,,Optimized replacement for Python-loop median filter.
bsd68,test048,321,481,5,2379215397,NLM_Skimage_Fast,"skimage.denoise_nl_means(fast_mode=True, h=0.8*sigma, sigma=known_sigma)",37.620176,0.97561745,296.062,ok,,Fast engineering baseline; not the original patchwise NLM runtime.
bsd68,test048,321,481,5,2379215397,NLM_IPOL_Like,skimage.denoise_nl_means(fast_mode=False) with IPOL grayscale parameter schedule,,,2372.46,ok,,Closer to IPOL patchwise parameters; can be very slow.
bsd68,test048,321,481,5,2379215397,BM3D_TAU,"bm3d.bm3d(noisy_float01, sigma_psd=sigma/255)",38.680009,0.98214257,1341.708,ok,,Reference classical upper baseline for AWGN.
bsd68,test048,321,481,10,2276938867,Noisy,"clean + AWGN, clipped to [0,1]",28.48877,0.74385029,0.0,ok,,same noisy image reused for all methods
bsd68,test048,321,481,10,2276938867,Gaussian_SciPy,"scipy.ndimage.gaussian_filter(sigma_filter=1.5, reflect)",23.623197,0.82311148,1.677,ok,,Optimized replacement for Python-loop Gaussian filter.
bsd68,test048,321,481,10,2276938867,Median_SciPy,"scipy.ndimage.median_filter(size=3, reflect)",28.575204,0.87244315,15.934,ok,,Optimized replacement for Python-loop median filter.
bsd68,test048,321,481,10,2276938867,NLM_Skimage_Fast,"skimage.denoise_nl_means(fast_mode=True, h=0.8*sigma, sigma=known_sigma)",32.963878,0.94149694,324.021,ok,,Fast engineering baseline; not the original patchwise NLM runtime.
bsd68,test048,321,481,10,2276938867,NLM_IPOL_Like,skimage.denoise_nl_means(fast_mode=False) with IPOL grayscale parameter schedule,30.979949,0.84899485,2521.162,ok,,Closer to IPOL patchwise parameters; can be very slow.
bsd68,test048,321,481,10,2276938867,BM3D_TAU,"bm3d.bm3d(noisy_float01, sigma_psd=sigma/255)",34.437474,0.96262297,1367.622,ok,,Reference classical upper baseline for AWGN.
bsd68,test048,321,481,15,2709509932,Noisy,"clean + AWGN, clipped to [0,1]",25.050289,0.63194069,0.0,ok,,same noisy image reused for all methods
bsd68,test048,321,481,15,2709509932,Gaussian_SciPy,"scipy.ndimage.gaussian_filter(sigma_filter=1.5, reflect)",23.47548,0.80733579,3.437,ok,,Optimized replacement for Python-loop Gaussian filter.
bsd68,test048,321,481,15,2709509932,Median_SciPy,"scipy.ndimage.median_filter(size=3, reflect)",27.475937,0.81097792,16.379,ok,,Optimized replacement for Python-loop median filter.
bsd68,test048,321,481,15,2709509932,NLM_Skimage_Fast,"skimage.denoise_nl_means(fast_mode=True, h=0.8*sigma, sigma=known_sigma)",30.163502,0.90212271,336.781,ok,,Fast engineering baseline; not the original patchwise NLM runtime.
bsd68,test048,321,481,15,2709509932,NLM_IPOL_Like,skimage.denoise_nl_means(fast_mode=False) with IPOL grayscale parameter schedule,27.947475,0.75994398,2606.202,ok,,Closer to IPOL patchwise parameters; can be very slow.
bsd68,test048,321,481,15,2709509932,BM3D_TAU,"bm3d.bm3d(noisy_float01, sigma_psd=sigma/255)",31.870051,0.94232182,1356.38,ok,,Reference classical upper baseline for AWGN.
bsd68,test048,321,481,20,4139237146,Noisy,"clean + AWGN, clipped to [0,1]",22.63998,0.54783179,0.0,ok,,same noisy image reused for all methods
bsd68,test048,321,481,20,4139237146,Gaussian_SciPy,"scipy.ndimage.gaussian_filter(sigma_filter=1.5, reflect)",23.285142,0.78770183,3.09,ok,,Optimized replacement for Python-loop Gaussian filter.
bsd68,test048,321,481,20,4139237146,Median_SciPy,"scipy.ndimage.median_filter(size=3, reflect)",26.342808,0.74471894,15.576,ok,,Optimized replacement for Python-loop median filter.
bsd68,test048,321,481,20,4139237146,NLM_Skimage_Fast,"skimage.denoise_nl_means(fast_mode=True, h=0.8*sigma, sigma=known_sigma)",28.116503,0.860497,352.419,ok,,Fast engineering baseline; not the original patchwise NLM runtime.
bsd68,test048,321,481,20,4139237146,NLM_IPOL_Like,skimage.denoise_nl_means(fast_mode=False) with IPOL grayscale parameter schedule,27.377323,0.7897787,3913.909,ok,,Closer to IPOL patchwise parameters; can be very slow.
bsd68,test048,321,481,20,4139237146,BM3D_TAU,"bm3d.bm3d(noisy_float01, sigma_psd=sigma/255)",30.012487,0.92056257,1378.182,ok,,Reference classical upper baseline for AWGN.
bsd68,test048,321,481,25,1272839176,Noisy,"clean + AWGN, clipped to [0,1]",20.78724,0.48385239,0.0,ok,,same noisy image reused for all methods
bsd68,test048,321,481,25,1272839176,Gaussian_SciPy,"scipy.ndimage.gaussian_filter(sigma_filter=1.5, reflect)",23.071002,0.76510642,2.444,ok,,Optimized replacement for Python-loop Gaussian filter.
bsd68,test048,321,481,25,1272839176,Median_SciPy,"scipy.ndimage.median_filter(size=3, reflect)",25.326302,0.69098251,16.727,ok,,Optimized replacement for Python-loop median filter.
bsd68,test048,321,481,25,1272839176,NLM_Skimage_Fast,"skimage.denoise_nl_means(fast_mode=True, h=0.8*sigma, sigma=known_sigma)",26.606341,0.82317482,353.552,ok,,Fast engineering baseline; not the original patchwise NLM runtime.
bsd68,test048,321,481,25,1272839176,NLM_IPOL_Like,skimage.denoise_nl_means(fast_mode=False) with IPOL grayscale parameter schedule,26.005435,0.74229191,4072.538,ok,,Closer to IPOL patchwise parameters; can be very slow.
bsd68,test048,321,481,25,1272839176,BM3D_TAU,"bm3d.bm3d(noisy_float01, sigma_psd=sigma/255)",28.619387,0.89824114,1516.628,ok,,Reference classical upper baseline for AWGN.
bsd68,test048,321,481,30,622275483,Noisy,"clean + AWGN, clipped to [0,1]",19.283796,0.43190128,0.0,ok,,same noisy image reused for all methods
bsd68,test048,321,481,30,622275483,Gaussian_SciPy,"scipy.ndimage.gaussian_filter(sigma_filter=1.5, reflect)",22.79789,0.74302133,3.344,ok,,Optimized replacement for Python-loop Gaussian filter.
bsd68,test048,321,481,30,622275483,Median_SciPy,"scipy.ndimage.median_filter(size=3, reflect)",24.345057,0.63954489,17.685,ok,,Optimized replacement for Python-loop median filter.
bsd68,test048,321,481,30,622275483,NLM_Skimage_Fast,"skimage.denoise_nl_means(fast_mode=True, h=0.8*sigma, sigma=known_sigma)",25.24984,0.78610696,383.023,ok,,Fast engineering baseline; not the original patchwise NLM runtime.
bsd68,test048,321,481,30,622275483,NLM_IPOL_Like,skimage.denoise_nl_means(fast_mode=False) with IPOL grayscale parameter schedule,24.919148,0.69721381,4288.403,ok,,Closer to IPOL patchwise parameters; can be very slow.
bsd68,test048,321,481,30,622275483,BM3D_TAU,"bm3d.bm3d(noisy_float01, sigma_psd=sigma/255)",27.32318,0.87613778,1377.789,ok,,Reference classical upper baseline for AWGN.
bsd68,test048,321,481,35,1092734636,Noisy,"clean + AWGN, clipped to [0,1]",18.079277,0.39082006,0.0,ok,,same noisy image reused for all methods
bsd68,test048,321,481,35,1092734636,Gaussian_SciPy,"scipy.ndimage.gaussian_filter(sigma_filter=1.5, reflect)",22.548043,0.72118169,3.224,ok,,Optimized replacement for Python-loop Gaussian filter.
bsd68,test048,321,481,35,1092734636,Median_SciPy,"scipy.ndimage.median_filter(size=3, reflect)",23.48961,0.59957174,15.815,ok,,Optimized replacement for Python-loop median filter.
bsd68,test048,321,481,35,1092734636,NLM_Skimage_Fast,"skimage.denoise_nl_means(fast_mode=True, h=0.8*sigma, sigma=known_sigma)",24.17452,0.75187689,358.789,ok,,Fast engineering baseline; not the original patchwise NLM runtime.
bsd68,test048,321,481,35,1092734636,NLM_IPOL_Like,skimage.denoise_nl_means(fast_mode=False) with IPOL grayscale parameter schedule,24.604037,0.73092954,17531.012,ok,,Closer to IPOL patchwise parameters; can be very slow.
bsd68,test048,321,481,35,1092734636,BM3D_TAU,"bm3d.bm3d(noisy_float01, sigma_psd=sigma/255)",26.402666,0.85543363,1379.302,ok,,Reference classical upper baseline for AWGN.
bsd68,test048,321,481,40,933156475,Noisy,"clean + AWGN, clipped to [0,1]",17.010772,0.35392921,0.0,ok,,same noisy image reused for all methods
bsd68,test048,321,481,40,933156475,Gaussian_SciPy,"scipy.ndimage.gaussian_filter(sigma_filter=1.5, reflect)",22.212842,0.69515444,2.99,ok,,Optimized replacement for Python-loop Gaussian filter.
bsd68,test048,321,481,40,933156475,Median_SciPy,"scipy.ndimage.median_filter(size=3, reflect)",22.60281,0.55661203,17.076,ok,,Optimized replacement for Python-loop median filter.
bsd68,test048,321,481,40,933156475,NLM_Skimage_Fast,"skimage.denoise_nl_means(fast_mode=True, h=0.8*sigma, sigma=known_sigma)",23.185751,0.71956538,363.112,ok,,Fast engineering baseline; not the original patchwise NLM runtime.
bsd68,test048,321,481,40,933156475,NLM_IPOL_Like,skimage.denoise_nl_means(fast_mode=False) with IPOL grayscale parameter schedule,23.830359,0.69838019,17132.524,ok,,Closer to IPOL patchwise parameters; can be very slow.
bsd68,test048,321,481,40,933156475,BM3D_TAU,"bm3d.bm3d(noisy_float01, sigma_psd=sigma/255)",25.422167,0.82934713,1373.382,ok,,Reference classical upper baseline for AWGN.
bsd68,test048,321,481,50,2181599536,Noisy,"clean + AWGN, clipped to [0,1]",15.282425,0.2956602,0.0,ok,,same noisy image reused for all methods
bsd68,test048,321,481,50,2181599536,Gaussian_SciPy,"scipy.ndimage.gaussian_filter(sigma_filter=1.5, reflect)",21.569684,0.65312841,3.724,ok,,Optimized replacement for Python-loop Gaussian filter.
bsd68,test048,321,481,50,2181599536,Median_SciPy,"scipy.ndimage.median_filter(size=3, reflect)",21.21493,0.4956494,16.989,ok,,Optimized replacement for Python-loop median filter.
bsd68,test048,321,481,50,2181599536,NLM_Skimage_Fast,"skimage.denoise_nl_means(fast_mode=True, h=0.8*sigma, sigma=known_sigma)",21.406176,0.66249198,355.913,ok,,Fast engineering baseline; not the original patchwise NLM runtime.
bsd68,test048,321,481,50,2181599536,NLM_IPOL_Like,skimage.denoise_nl_means(fast_mode=False) with IPOL grayscale parameter schedule,22.620676,0.68621985,26713.455,ok,,Closer to IPOL patchwise parameters; can be very slow.
bsd68,test048,321,481,50,2181599536,BM3D_TAU,"bm3d.bm3d(noisy_float01, sigma_psd=sigma/255)",23.911704,0.78972054,1369.253,ok,,Reference classical upper baseline for AWGN.
bsd68,test048,321,481,75,4177340456,Noisy,"clean + AWGN, clipped to [0,1]",12.37489,0.20275382,0.0,ok,,same noisy image reused for all methods
bsd68,test048,321,481,75,4177340456,Gaussian_SciPy,"scipy.ndimage.gaussian_filter(sigma_filter=1.5, reflect)",19.767066,0.55140691,2.652,ok,,Optimized replacement for Python-loop Gaussian filter.
bsd68,test048,321,481,75,4177340456,Median_SciPy,"scipy.ndimage.median_filter(size=3, reflect)",18.379428,0.37872097,16.18,ok,,Optimized replacement for Python-loop median filter.
bsd68,test048,321,481,75,4177340456,NLM_Skimage_Fast,"skimage.denoise_nl_means(fast_mode=True, h=0.8*sigma, sigma=known_sigma)",17.810099,0.50893572,348.055,ok,,Fast engineering baseline; not the original patchwise NLM runtime.
bsd68,test048,321,481,75,4177340456,NLM_IPOL_Like,skimage.denoise_nl_means(fast_mode=False) with IPOL grayscale parameter schedule,19.095884,0.58411777,30390.632,ok,,Closer to IPOL patchwise parameters; can be very slow.
bsd68,test048,321,481,75,4177340456,BM3D_TAU,"bm3d.bm3d(noisy_float01, sigma_psd=sigma/255)",21.007841,0.69272486,1384.211,ok,,Reference classical upper baseline for AWGN.
bsd68,test049,321,481,5,1738753453,Noisy,"clean + AWGN, clipped to [0,1]",34.52857,0.85051518,0.0,ok,,same noisy image reused for all methods
bsd68,test049,321,481,5,1738753453,Gaussian_SciPy,"scipy.ndimage.gaussian_filter(sigma_filter=1.5, reflect)",30.387899,0.82452907,1.456,ok,,Optimized replacement for Python-loop Gaussian filter.
bsd68,test049,321,481,5,1738753453,Median_SciPy,"scipy.ndimage.median_filter(size=3, reflect)",32.63604,0.8654413,15.064,ok,,Optimized replacement for Python-loop median filter.
bsd68,test049,321,481,5,1738753453,NLM_Skimage_Fast,"skimage.denoise_nl_means(fast_mode=True, h=0.8*sigma, sigma=known_sigma)",37.153972,0.92624674,334.943,ok,,Fast engineering baseline; not the original patchwise NLM runtime.
bsd68,test049,321,481,5,1738753453,NLM_IPOL_Like,skimage.denoise_nl_means(fast_mode=False) with IPOL grayscale parameter schedule,,,2637.426,ok,,Closer to IPOL patchwise parameters; can be very slow.
bsd68,test049,321,481,5,1738753453,BM3D_TAU,"bm3d.bm3d(noisy_float01, sigma_psd=sigma/255)",38.182958,0.94514478,1330.158,ok,,Reference classical upper baseline for AWGN.
bsd68,test049,321,481,10,932627731,Noisy,"clean + AWGN, clipped to [0,1]",28.512508,0.61805525,0.0,ok,,same noisy image reused for all methods
bsd68,test049,321,481,10,932627731,Gaussian_SciPy,"scipy.ndimage.gaussian_filter(sigma_filter=1.5, reflect)",30.069994,0.81147323,3.574,ok,,Optimized replacement for Python-loop Gaussian filter.
bsd68,test049,321,481,10,932627731,Median_SciPy,"scipy.ndimage.median_filter(size=3, reflect)",31.275526,0.79401535,17.025,ok,,Optimized replacement for Python-loop median filter.
bsd68,test049,321,481,10,932627731,NLM_Skimage_Fast,"skimage.denoise_nl_means(fast_mode=True, h=0.8*sigma, sigma=known_sigma)",33.389977,0.86014433,346.485,ok,,Fast engineering baseline; not the original patchwise NLM runtime.
bsd68,test049,321,481,10,932627731,NLM_IPOL_Like,skimage.denoise_nl_means(fast_mode=False) with IPOL grayscale parameter schedule,31.647374,0.78320313,2743.995,ok,,Closer to IPOL patchwise parameters; can be very slow.
bsd68,test049,321,481,10,932627731,BM3D_TAU,"bm3d.bm3d(noisy_float01, sigma_psd=sigma/255)",34.305426,0.8860165,1392.447,ok,,Reference classical upper baseline for AWGN.
bsd68,test049,321,481,15,885997583,Noisy,"clean + AWGN, clipped to [0,1]",25.014242,0.44930376,0.0,ok,,same noisy image reused for all methods
bsd68,test049,321,481,15,885997583,Gaussian_SciPy,"scipy.ndimage.gaussian_filter(sigma_filter=1.5, reflect)",29.638987,0.79152596,3.336,ok,,Optimized replacement for Python-loop Gaussian filter.
bsd68,test049,321,481,15,885997583,Median_SciPy,"scipy.ndimage.median_filter(size=3, reflect)",29.756983,0.70545743,16.099,ok,,Optimized replacement for Python-loop median filter.
bsd68,test049,321,481,15,885997583,NLM_Skimage_Fast,"skimage.denoise_nl_means(fast_mode=True, h=0.8*sigma, sigma=known_sigma)",31.521141,0.82180546,349.727,ok,,Fast engineering baseline; not the original patchwise NLM runtime.
bsd68,test049,321,481,15,885997583,NLM_IPOL_Like,skimage.denoise_nl_means(fast_mode=False) with IPOL grayscale parameter schedule,28.757489,0.66342001,2846.165,ok,,Closer to IPOL patchwise parameters; can be very slow.
bsd68,test049,321,481,15,885997583,BM3D_TAU,"bm3d.bm3d(noisy_float01, sigma_psd=sigma/255)",32.375933,0.84731518,1397.704,ok,,Reference classical upper baseline for AWGN.
bsd68,test049,321,481,20,27815782,Noisy,"clean + AWGN, clipped to [0,1]",22.5571,0.3375003,0.0,ok,,same noisy image reused for all methods
bsd68,test049,321,481,20,27815782,Gaussian_SciPy,"scipy.ndimage.gaussian_filter(sigma_filter=1.5, reflect)",29.039256,0.76582542,2.592,ok,,Optimized replacement for Python-loop Gaussian filter.
bsd68,test049,321,481,20,27815782,Median_SciPy,"scipy.ndimage.median_filter(size=3, reflect)",28.270028,0.61857839,14.988,ok,,Optimized replacement for Python-loop median filter.
bsd68,test049,321,481,20,27815782,NLM_Skimage_Fast,"skimage.denoise_nl_means(fast_mode=True, h=0.8*sigma, sigma=known_sigma)",30.215748,0.79434047,519.948,ok,,Fast engineering baseline; not the original patchwise NLM runtime.
bsd68,test049,321,481,20,27815782,NLM_IPOL_Like,skimage.denoise_nl_means(fast_mode=False) with IPOL grayscale parameter schedule,28.812205,0.69829599,4501.515,ok,,Closer to IPOL patchwise parameters; can be very slow.
bsd68,test049,321,481,20,27815782,BM3D_TAU,"bm3d.bm3d(noisy_float01, sigma_psd=sigma/255)",31.074999,0.82178885,1407.154,ok,,Reference classical upper baseline for AWGN.
bsd68,test049,321,481,25,1235493033,Noisy,"clean + AWGN, clipped to [0,1]",20.65324,0.26155587,0.0,ok,,same noisy image reused for all methods
bsd68,test049,321,481,25,1235493033,Gaussian_SciPy,"scipy.ndimage.gaussian_filter(sigma_filter=1.5, reflect)",28.381127,0.73688948,2.492,ok,,Optimized replacement for Python-loop Gaussian filter.
bsd68,test049,321,481,25,1235493033,Median_SciPy,"scipy.ndimage.median_filter(size=3, reflect)",26.907603,0.53978458,15.675,ok,,Optimized replacement for Python-loop median filter.
bsd68,test049,321,481,25,1235493033,NLM_Skimage_Fast,"skimage.denoise_nl_means(fast_mode=True, h=0.8*sigma, sigma=known_sigma)",29.138972,0.77174796,352.545,ok,,Fast engineering baseline; not the original patchwise NLM runtime.
bsd68,test049,321,481,25,1235493033,NLM_IPOL_Like,skimage.denoise_nl_means(fast_mode=False) with IPOL grayscale parameter schedule,27.448661,0.63780987,4567.108,ok,,Closer to IPOL patchwise parameters; can be very slow.
bsd68,test049,321,481,25,1235493033,BM3D_TAU,"bm3d.bm3d(noisy_float01, sigma_psd=sigma/255)",30.011329,0.79889224,1380.532,ok,,Reference classical upper baseline for AWGN.
bsd68,test049,321,481,30,3887592178,Noisy,"clean + AWGN, clipped to [0,1]",19.152081,0.21076635,0.0,ok,,same noisy image reused for all methods
bsd68,test049,321,481,30,3887592178,Gaussian_SciPy,"scipy.ndimage.gaussian_filter(sigma_filter=1.5, reflect)",27.697175,0.70359006,3.629,ok,,Optimized replacement for Python-loop Gaussian filter.
bsd68,test049,321,481,30,3887592178,Median_SciPy,"scipy.ndimage.median_filter(size=3, reflect)",25.725693,0.47000744,16.279,ok,,Optimized replacement for Python-loop median filter.
bsd68,test049,321,481,30,3887592178,NLM_Skimage_Fast,"skimage.denoise_nl_means(fast_mode=True, h=0.8*sigma, sigma=known_sigma)",28.225196,0.75338617,413.027,ok,,Fast engineering baseline; not the original patchwise NLM runtime.
bsd68,test049,321,481,30,3887592178,NLM_IPOL_Like,skimage.denoise_nl_means(fast_mode=False) with IPOL grayscale parameter schedule,26.44631,0.59546626,4611.73,ok,,Closer to IPOL patchwise parameters; can be very slow.
bsd68,test049,321,481,30,3887592178,BM3D_TAU,"bm3d.bm3d(noisy_float01, sigma_psd=sigma/255)",29.183262,0.785503,1419.011,ok,,Reference classical upper baseline for AWGN.
bsd68,test049,321,481,35,2398922308,Noisy,"clean + AWGN, clipped to [0,1]",17.916347,0.17320081,0.0,ok,,same noisy image reused for all methods
bsd68,test049,321,481,35,2398922308,Gaussian_SciPy,"scipy.ndimage.gaussian_filter(sigma_filter=1.5, reflect)",27.069159,0.67595116,3.394,ok,,Optimized replacement for Python-loop Gaussian filter.
bsd68,test049,321,481,35,2398922308,Median_SciPy,"scipy.ndimage.median_filter(size=3, reflect)",24.661265,0.41642484,15.722,ok,,Optimized replacement for Python-loop median filter.
bsd68,test049,321,481,35,2398922308,NLM_Skimage_Fast,"skimage.denoise_nl_means(fast_mode=True, h=0.8*sigma, sigma=known_sigma)",27.401183,0.73421868,353.31,ok,,Fast engineering baseline; not the original patchwise NLM runtime.
bsd68,test049,321,481,35,2398922308,NLM_IPOL_Like,skimage.denoise_nl_means(fast_mode=False) with IPOL grayscale parameter schedule,26.707363,0.64412674,19483.996,ok,,Closer to IPOL patchwise parameters; can be very slow.
bsd68,test049,321,481,35,2398922308,BM3D_TAU,"bm3d.bm3d(noisy_float01, sigma_psd=sigma/255)",28.428319,0.77271515,1384.511,ok,,Reference classical upper baseline for AWGN.
bsd68,test049,321,481,40,3120938250,Noisy,"clean + AWGN, clipped to [0,1]",16.80768,0.14411984,0.0,ok,,same noisy image reused for all methods
bsd68,test049,321,481,40,3120938250,Gaussian_SciPy,"scipy.ndimage.gaussian_filter(sigma_filter=1.5, reflect)",26.310929,0.6433072,2.421,ok,,Optimized replacement for Python-loop Gaussian filter.
bsd68,test049,321,481,40,3120938250,Median_SciPy,"scipy.ndimage.median_filter(size=3, reflect)",23.581524,0.36142005,16.118,ok,,Optimized replacement for Python-loop median filter.
bsd68,test049,321,481,40,3120938250,NLM_Skimage_Fast,"skimage.denoise_nl_means(fast_mode=True, h=0.8*sigma, sigma=known_sigma)",26.57465,0.71652233,353.386,ok,,Fast engineering baseline; not the original patchwise NLM runtime.
bsd68,test049,321,481,40,3120938250,NLM_IPOL_Like,skimage.denoise_nl_means(fast_mode=False) with IPOL grayscale parameter schedule,25.916296,0.61603003,19677.859,ok,,Closer to IPOL patchwise parameters; can be very slow.
bsd68,test049,321,481,40,3120938250,BM3D_TAU,"bm3d.bm3d(noisy_float01, sigma_psd=sigma/255)",27.620787,0.75850099,1370.339,ok,,Reference classical upper baseline for AWGN.
bsd68,test049,321,481,50,3308121439,Noisy,"clean + AWGN, clipped to [0,1]",15.081661,0.10569225,0.0,ok,,same noisy image reused for all methods
bsd68,test049,321,481,50,3308121439,Gaussian_SciPy,"scipy.ndimage.gaussian_filter(sigma_filter=1.5, reflect)",24.966445,0.58153363,6.15,ok,,Optimized replacement for Python-loop Gaussian filter.
bsd68,test049,321,481,50,3308121439,Median_SciPy,"scipy.ndimage.median_filter(size=3, reflect)",21.840585,0.28543054,16.95,ok,,Optimized replacement for Python-loop median filter.
bsd68,test049,321,481,50,3308121439,NLM_Skimage_Fast,"skimage.denoise_nl_means(fast_mode=True, h=0.8*sigma, sigma=known_sigma)",25.212318,0.69199583,368.777,ok,,Fast engineering baseline; not the original patchwise NLM runtime.
bsd68,test049,321,481,50,3308121439,NLM_IPOL_Like,skimage.denoise_nl_means(fast_mode=False) with IPOL grayscale parameter schedule,25.19125,0.65384302,30539.426,ok,,Closer to IPOL patchwise parameters; can be very slow.
bsd68,test049,321,481,50,3308121439,BM3D_TAU,"bm3d.bm3d(noisy_float01, sigma_psd=sigma/255)",26.360955,0.74132473,1385.643,ok,,Reference classical upper baseline for AWGN.
bsd68,test049,321,481,75,1618047034,Noisy,"clean + AWGN, clipped to [0,1]",12.207948,0.05941743,0.0,ok,,same noisy image reused for all methods
bsd68,test049,321,481,75,1618047034,Gaussian_SciPy,"scipy.ndimage.gaussian_filter(sigma_filter=1.5, reflect)",22.220233,0.46517031,2.238,ok,,Optimized replacement for Python-loop Gaussian filter.
bsd68,test049,321,481,75,1618047034,Median_SciPy,"scipy.ndimage.median_filter(size=3, reflect)",18.743639,0.18021462,15.815,ok,,Optimized replacement for Python-loop median filter.
bsd68,test049,321,481,75,1618047034,NLM_Skimage_Fast,"skimage.denoise_nl_means(fast_mode=True, h=0.8*sigma, sigma=known_sigma)",22.438981,0.64860828,345.421,ok,,Fast engineering baseline; not the original patchwise NLM runtime.
bsd68,test049,321,481,75,1618047034,NLM_IPOL_Like,skimage.denoise_nl_means(fast_mode=False) with IPOL grayscale parameter schedule,22.251274,0.6405421,32062.639,ok,,Closer to IPOL patchwise parameters; can be very slow.
bsd68,test049,321,481,75,1618047034,BM3D_TAU,"bm3d.bm3d(noisy_float01, sigma_psd=sigma/255)",23.648426,0.69997894,1431.828,ok,,Reference classical upper baseline for AWGN.
bsd68,test050,321,481,5,939448350,Noisy,"clean + AWGN, clipped to [0,1]",34.35654,0.93834696,0.0,ok,,same noisy image reused for all methods
bsd68,test050,321,481,5,939448350,Gaussian_SciPy,"scipy.ndimage.gaussian_filter(sigma_filter=1.5, reflect)",23.846356,0.64376576,1.882,ok,,Optimized replacement for Python-loop Gaussian filter.
bsd68,test050,321,481,5,939448350,Median_SciPy,"scipy.ndimage.median_filter(size=3, reflect)",25.821332,0.77146565,15.023,ok,,Optimized replacement for Python-loop median filter.
bsd68,test050,321,481,5,939448350,NLM_Skimage_Fast,"skimage.denoise_nl_means(fast_mode=True, h=0.8*sigma, sigma=known_sigma)",35.159725,0.95739403,262.911,ok,,Fast engineering baseline; not the original patchwise NLM runtime.
bsd68,test050,321,481,5,939448350,NLM_IPOL_Like,skimage.denoise_nl_means(fast_mode=False) with IPOL grayscale parameter schedule,,,2293.382,ok,,Closer to IPOL patchwise parameters; can be very slow.
bsd68,test050,321,481,5,939448350,BM3D_TAU,"bm3d.bm3d(noisy_float01, sigma_psd=sigma/255)",35.865963,0.96784867,1377.642,ok,,Reference classical upper baseline for AWGN.
bsd68,test050,321,481,10,2081431298,Noisy,"clean + AWGN, clipped to [0,1]",28.358246,0.81601897,0.0,ok,,same noisy image reused for all methods
bsd68,test050,321,481,10,2081431298,Gaussian_SciPy,"scipy.ndimage.gaussian_filter(sigma_filter=1.5, reflect)",23.781831,0.63837649,2.887,ok,,Optimized replacement for Python-loop Gaussian filter.
bsd68,test050,321,481,10,2081431298,Median_SciPy,"scipy.ndimage.median_filter(size=3, reflect)",25.417963,0.73663557,15.56,ok,,Optimized replacement for Python-loop median filter.
bsd68,test050,321,481,10,2081431298,NLM_Skimage_Fast,"skimage.denoise_nl_means(fast_mode=True, h=0.8*sigma, sigma=known_sigma)",30.125764,0.87379964,319.3,ok,,Fast engineering baseline; not the original patchwise NLM runtime.
bsd68,test050,321,481,10,2081431298,NLM_IPOL_Like,skimage.denoise_nl_means(fast_mode=False) with IPOL grayscale parameter schedule,29.780495,0.87668306,2538.304,ok,,Closer to IPOL patchwise parameters; can be very slow.
bsd68,test050,321,481,10,2081431298,BM3D_TAU,"bm3d.bm3d(noisy_float01, sigma_psd=sigma/255)",31.216329,0.91268419,1411.691,ok,,Reference classical upper baseline for AWGN.
bsd68,test050,321,481,15,3079102621,Noisy,"clean + AWGN, clipped to [0,1]",24.874241,0.69565504,0.0,ok,,same noisy image reused for all methods
bsd68,test050,321,481,15,3079102621,Gaussian_SciPy,"scipy.ndimage.gaussian_filter(sigma_filter=1.5, reflect)",23.666604,0.62965674,2.157,ok,,Optimized replacement for Python-loop Gaussian filter.
bsd68,test050,321,481,15,3079102621,Median_SciPy,"scipy.ndimage.median_filter(size=3, reflect)",24.863117,0.69142388,15.341,ok,,Optimized replacement for Python-loop median filter.
bsd68,test050,321,481,15,3079102621,NLM_Skimage_Fast,"skimage.denoise_nl_means(fast_mode=True, h=0.8*sigma, sigma=known_sigma)",27.548898,0.79161639,351.682,ok,,Fast engineering baseline; not the original patchwise NLM runtime.
bsd68,test050,321,481,15,3079102621,NLM_IPOL_Like,skimage.denoise_nl_means(fast_mode=False) with IPOL grayscale parameter schedule,26.933787,0.7925036,2677.776,ok,,Closer to IPOL patchwise parameters; can be very slow.
bsd68,test050,321,481,15,3079102621,BM3D_TAU,"bm3d.bm3d(noisy_float01, sigma_psd=sigma/255)",28.822442,0.85576494,1367.818,ok,,Reference classical upper baseline for AWGN.
bsd68,test050,321,481,20,2680360917,Noisy,"clean + AWGN, clipped to [0,1]",22.428697,0.59271545,0.0,ok,,same noisy image reused for all methods
bsd68,test050,321,481,20,2680360917,Gaussian_SciPy,"scipy.ndimage.gaussian_filter(sigma_filter=1.5, reflect)",23.530668,0.61911002,2.329,ok,,Optimized replacement for Python-loop Gaussian filter.
bsd68,test050,321,481,20,2680360917,Median_SciPy,"scipy.ndimage.median_filter(size=3, reflect)",24.259087,0.64308042,15.356,ok,,Optimized replacement for Python-loop median filter.
bsd68,test050,321,481,20,2680360917,NLM_Skimage_Fast,"skimage.denoise_nl_means(fast_mode=True, h=0.8*sigma, sigma=known_sigma)",25.931774,0.7215695,350.233,ok,,Fast engineering baseline; not the original patchwise NLM runtime.
bsd68,test050,321,481,20,2680360917,NLM_IPOL_Like,skimage.denoise_nl_means(fast_mode=False) with IPOL grayscale parameter schedule,25.777708,0.76702169,3980.766,ok,,Closer to IPOL patchwise parameters; can be very slow.
bsd68,test050,321,481,20,2680360917,BM3D_TAU,"bm3d.bm3d(noisy_float01, sigma_psd=sigma/255)",27.249328,0.79953625,1403.315,ok,,Reference classical upper baseline for AWGN.
bsd68,test050,321,481,25,3063341807,Noisy,"clean + AWGN, clipped to [0,1]",20.544724,0.50857926,0.0,ok,,same noisy image reused for all methods
bsd68,test050,321,481,25,3063341807,Gaussian_SciPy,"scipy.ndimage.gaussian_filter(sigma_filter=1.5, reflect)",23.356358,0.60589854,2.458,ok,,Optimized replacement for Python-loop Gaussian filter.
bsd68,test050,321,481,25,3063341807,Median_SciPy,"scipy.ndimage.median_filter(size=3, reflect)",23.6217,0.60073816,15.032,ok,,Optimized replacement for Python-loop median filter.
bsd68,test050,321,481,25,3063341807,NLM_Skimage_Fast,"skimage.denoise_nl_means(fast_mode=True, h=0.8*sigma, sigma=known_sigma)",24.786925,0.66607279,354.784,ok,,Fast engineering baseline; not the original patchwise NLM runtime.
bsd68,test050,321,481,25,3063341807,NLM_IPOL_Like,skimage.denoise_nl_means(fast_mode=False) with IPOL grayscale parameter schedule,24.667193,0.71204647,4192.353,ok,,Closer to IPOL patchwise parameters; can be very slow.
bsd68,test050,321,481,25,3063341807,BM3D_TAU,"bm3d.bm3d(noisy_float01, sigma_psd=sigma/255)",26.076028,0.74874396,1361.323,ok,,Reference classical upper baseline for AWGN.
bsd68,test050,321,481,30,404700432,Noisy,"clean + AWGN, clipped to [0,1]",19.007774,0.4384316,0.0,ok,,same noisy image reused for all methods
bsd68,test050,321,481,30,404700432,Gaussian_SciPy,"scipy.ndimage.gaussian_filter(sigma_filter=1.5, reflect)",23.150443,0.59257042,2.624,ok,,Optimized replacement for Python-loop Gaussian filter.
bsd68,test050,321,481,30,404700432,Median_SciPy,"scipy.ndimage.median_filter(size=3, reflect)",22.982934,0.55949679,16.494,ok,,Optimized replacement for Python-loop median filter.
bsd68,test050,321,481,30,404700432,NLM_Skimage_Fast,"skimage.denoise_nl_means(fast_mode=True, h=0.8*sigma, sigma=known_sigma)",23.944703,0.62235528,360.173,ok,,Fast engineering baseline; not the original patchwise NLM runtime.
bsd68,test050,321,481,30,404700432,NLM_IPOL_Like,skimage.denoise_nl_means(fast_mode=False) with IPOL grayscale parameter schedule,23.784322,0.66272346,4306.011,ok,,Closer to IPOL patchwise parameters; can be very slow.
bsd68,test050,321,481,30,404700432,BM3D_TAU,"bm3d.bm3d(noisy_float01, sigma_psd=sigma/255)",25.226451,0.71100973,1453.572,ok,,Reference classical upper baseline for AWGN.
bsd68,test050,321,481,35,326630068,Noisy,"clean + AWGN, clipped to [0,1]",17.726148,0.38156261,0.0,ok,,same noisy image reused for all methods
bsd68,test050,321,481,35,326630068,Gaussian_SciPy,"scipy.ndimage.gaussian_filter(sigma_filter=1.5, reflect)",22.901907,0.57454755,2.866,ok,,Optimized replacement for Python-loop Gaussian filter.
bsd68,test050,321,481,35,326630068,Median_SciPy,"scipy.ndimage.median_filter(size=3, reflect)",22.288456,0.51541447,15.38,ok,,Optimized replacement for Python-loop median filter.
bsd68,test050,321,481,35,326630068,NLM_Skimage_Fast,"skimage.denoise_nl_means(fast_mode=True, h=0.8*sigma, sigma=known_sigma)",23.203334,0.58234287,352.832,ok,,Fast engineering baseline; not the original patchwise NLM runtime.
bsd68,test050,321,481,35,326630068,NLM_IPOL_Like,skimage.denoise_nl_means(fast_mode=False) with IPOL grayscale parameter schedule,23.426243,0.6431031,17128.437,ok,,Closer to IPOL patchwise parameters; can be very slow.
bsd68,test050,321,481,35,326630068,BM3D_TAU,"bm3d.bm3d(noisy_float01, sigma_psd=sigma/255)",24.541532,0.67374841,1386.08,ok,,Reference classical upper baseline for AWGN.
bsd68,test050,321,481,40,3777373114,Noisy,"clean + AWGN, clipped to [0,1]",16.66519,0.33439663,0.0,ok,,same noisy image reused for all methods
bsd68,test050,321,481,40,3777373114,Gaussian_SciPy,"scipy.ndimage.gaussian_filter(sigma_filter=1.5, reflect)",22.654616,0.56211458,2.762,ok,,Optimized replacement for Python-loop Gaussian filter.
bsd68,test050,321,481,40,3777373114,Median_SciPy,"scipy.ndimage.median_filter(size=3, reflect)",21.691069,0.48119402,16.801,ok,,Optimized replacement for Python-loop median filter.
bsd68,test050,321,481,40,3777373114,NLM_Skimage_Fast,"skimage.denoise_nl_means(fast_mode=True, h=0.8*sigma, sigma=known_sigma)",22.595075,0.54877232,356.227,ok,,Fast engineering baseline; not the original patchwise NLM runtime.
bsd68,test050,321,481,40,3777373114,NLM_IPOL_Like,skimage.denoise_nl_means(fast_mode=False) with IPOL grayscale parameter schedule,22.944777,0.60910235,17818.509,ok,,Closer to IPOL patchwise parameters; can be very slow.
bsd68,test050,321,481,40,3777373114,BM3D_TAU,"bm3d.bm3d(noisy_float01, sigma_psd=sigma/255)",23.992382,0.64340616,1383.727,ok,,Reference classical upper baseline for AWGN.
bsd68,test050,321,481,50,363443592,Noisy,"clean + AWGN, clipped to [0,1]",14.893851,0.26393695,0.0,ok,,same noisy image reused for all methods
bsd68,test050,321,481,50,363443592,Gaussian_SciPy,"scipy.ndimage.gaussian_filter(sigma_filter=1.5, reflect)",22.076451,0.52754501,2.824,ok,,Optimized replacement for Python-loop Gaussian filter.
bsd68,test050,321,481,50,363443592,Median_SciPy,"scipy.ndimage.median_filter(size=3, reflect)",20.390875,0.41051499,16.266,ok,,Optimized replacement for Python-loop median filter.
bsd68,test050,321,481,50,363443592,NLM_Skimage_Fast,"skimage.denoise_nl_means(fast_mode=True, h=0.8*sigma, sigma=known_sigma)",21.521371,0.49183239,348.957,ok,,Fast engineering baseline; not the original patchwise NLM runtime.
bsd68,test050,321,481,50,363443592,NLM_IPOL_Like,skimage.denoise_nl_means(fast_mode=False) with IPOL grayscale parameter schedule,22.159268,0.55733814,28170.107,ok,,Closer to IPOL patchwise parameters; can be very slow.
bsd68,test050,321,481,50,363443592,BM3D_TAU,"bm3d.bm3d(noisy_float01, sigma_psd=sigma/255)",23.027535,0.59232116,1418.866,ok,,Reference classical upper baseline for AWGN.
bsd68,test050,321,481,75,893418292,Noisy,"clean + AWGN, clipped to [0,1]",12.037809,0.16269064,0.0,ok,,same noisy image reused for all methods
bsd68,test050,321,481,75,893418292,Gaussian_SciPy,"scipy.ndimage.gaussian_filter(sigma_filter=1.5, reflect)",20.54231,0.45126815,3.279,ok,,Optimized replacement for Python-loop Gaussian filter.
bsd68,test050,321,481,75,893418292,Median_SciPy,"scipy.ndimage.median_filter(size=3, reflect)",17.90544,0.30068738,16.66,ok,,Optimized replacement for Python-loop median filter.
bsd68,test050,321,481,75,893418292,NLM_Skimage_Fast,"skimage.denoise_nl_means(fast_mode=True, h=0.8*sigma, sigma=known_sigma)",19.474448,0.38297963,361.169,ok,,Fast engineering baseline; not the original patchwise NLM runtime.
bsd68,test050,321,481,75,893418292,NLM_IPOL_Like,skimage.denoise_nl_means(fast_mode=False) with IPOL grayscale parameter schedule,19.854391,0.43826189,31250.229,ok,,Closer to IPOL patchwise parameters; can be very slow.
bsd68,test050,321,481,75,893418292,BM3D_TAU,"bm3d.bm3d(noisy_float01, sigma_psd=sigma/255)",21.213817,0.50316606,1378.978,ok,,Reference classical upper baseline for AWGN.
bsd68,test051,321,481,5,337490610,Noisy,"clean + AWGN, clipped to [0,1]",34.201557,0.90940063,0.0,ok,,same noisy image reused for all methods
bsd68,test051,321,481,5,337490610,Gaussian_SciPy,"scipy.ndimage.gaussian_filter(sigma_filter=1.5, reflect)",21.321116,0.70333751,2.001,ok,,Optimized replacement for Python-loop Gaussian filter.
bsd68,test051,321,481,5,337490610,Median_SciPy,"scipy.ndimage.median_filter(size=3, reflect)",25.573246,0.83322854,14.681,ok,,Optimized replacement for Python-loop median filter.
bsd68,test051,321,481,5,337490610,NLM_Skimage_Fast,"skimage.denoise_nl_means(fast_mode=True, h=0.8*sigma, sigma=known_sigma)",36.007869,0.95420333,299.995,ok,,Fast engineering baseline; not the original patchwise NLM runtime.
bsd68,test051,321,481,5,337490610,NLM_IPOL_Like,skimage.denoise_nl_means(fast_mode=False) with IPOL grayscale parameter schedule,,,2375.388,ok,,Closer to IPOL patchwise parameters; can be very slow.
bsd68,test051,321,481,5,337490610,BM3D_TAU,"bm3d.bm3d(noisy_float01, sigma_psd=sigma/255)",36.91432,0.96804412,1329.1,ok,,Reference classical upper baseline for AWGN.
bsd68,test051,321,481,10,627433112,Noisy,"clean + AWGN, clipped to [0,1]",28.188951,0.75161984,0.0,ok,,same noisy image reused for all methods
bsd68,test051,321,481,10,627433112,Gaussian_SciPy,"scipy.ndimage.gaussian_filter(sigma_filter=1.5, reflect)",21.283696,0.69525093,3.099,ok,,Optimized replacement for Python-loop Gaussian filter.
bsd68,test051,321,481,10,627433112,Median_SciPy,"scipy.ndimage.median_filter(size=3, reflect)",25.127618,0.78574281,15.978,ok,,Optimized replacement for Python-loop median filter.
bsd68,test051,321,481,10,627433112,NLM_Skimage_Fast,"skimage.denoise_nl_means(fast_mode=True, h=0.8*sigma, sigma=known_sigma)",31.380663,0.87029866,331.202,ok,,Fast engineering baseline; not the original patchwise NLM runtime.
bsd68,test051,321,481,10,627433112,NLM_IPOL_Like,skimage.denoise_nl_means(fast_mode=False) with IPOL grayscale parameter schedule,30.178135,0.82635381,2583.434,ok,,Closer to IPOL patchwise parameters; can be very slow.
bsd68,test051,321,481,10,627433112,BM3D_TAU,"bm3d.bm3d(noisy_float01, sigma_psd=sigma/255)",32.48291,0.91336084,1367.876,ok,,Reference classical upper baseline for AWGN.
bsd68,test051,321,481,15,23346454,Noisy,"clean + AWGN, clipped to [0,1]",24.705899,0.6207935,0.0,ok,,same noisy image reused for all methods
bsd68,test051,321,481,15,23346454,Gaussian_SciPy,"scipy.ndimage.gaussian_filter(sigma_filter=1.5, reflect)",21.219941,0.68258751,2.516,ok,,Optimized replacement for Python-loop Gaussian filter.
bsd68,test051,321,481,15,23346454,Median_SciPy,"scipy.ndimage.median_filter(size=3, reflect)",24.578335,0.72808875,16.76,ok,,Optimized replacement for Python-loop median filter.
bsd68,test051,321,481,15,23346454,NLM_Skimage_Fast,"skimage.denoise_nl_means(fast_mode=True, h=0.8*sigma, sigma=known_sigma)",29.193742,0.81068944,333.936,ok,,Fast engineering baseline; not the original patchwise NLM runtime.
bsd68,test051,321,481,15,23346454,NLM_IPOL_Like,skimage.denoise_nl_means(fast_mode=False) with IPOL grayscale parameter schedule,27.312953,0.72302628,2691.353,ok,,Closer to IPOL patchwise parameters; can be very slow.
bsd68,test051,321,481,15,23346454,BM3D_TAU,"bm3d.bm3d(noisy_float01, sigma_psd=sigma/255)",30.16116,0.85881223,1344.445,ok,,Reference classical upper baseline for AWGN.
bsd68,test051,321,481,20,1401670830,Noisy,"clean + AWGN, clipped to [0,1]",22.182289,0.51899992,0.0,ok,,same noisy image reused for all methods
bsd68,test051,321,481,20,1401670830,Gaussian_SciPy,"scipy.ndimage.gaussian_filter(sigma_filter=1.5, reflect)",21.14683,0.66529056,2.871,ok,,Optimized replacement for Python-loop Gaussian filter.
bsd68,test051,321,481,20,1401670830,Median_SciPy,"scipy.ndimage.median_filter(size=3, reflect)",23.914556,0.66472584,15.783,ok,,Optimized replacement for Python-loop median filter.
bsd68,test051,321,481,20,1401670830,NLM_Skimage_Fast,"skimage.denoise_nl_means(fast_mode=True, h=0.8*sigma, sigma=known_sigma)",27.663869,0.76226322,346.289,ok,,Fast engineering baseline; not the original patchwise NLM runtime.
bsd68,test051,321,481,20,1401670830,NLM_IPOL_Like,skimage.denoise_nl_means(fast_mode=False) with IPOL grayscale parameter schedule,26.555763,0.71784201,4030.923,ok,,Closer to IPOL patchwise parameters; can be very slow.
bsd68,test051,321,481,20,1401670830,BM3D_TAU,"bm3d.bm3d(noisy_float01, sigma_psd=sigma/255)",28.701142,0.81547833,1426.374,ok,,Reference classical upper baseline for AWGN.
bsd68,test051,321,481,25,494838958,Noisy,"clean + AWGN, clipped to [0,1]",20.275399,0.44640773,0.0,ok,,same noisy image reused for all methods
bsd68,test051,321,481,25,494838958,Gaussian_SciPy,"scipy.ndimage.gaussian_filter(sigma_filter=1.5, reflect)",21.064607,0.64818542,2.516,ok,,Optimized replacement for Python-loop Gaussian filter.
bsd68,test051,321,481,25,494838958,Median_SciPy,"scipy.ndimage.median_filter(size=3, reflect)",23.234617,0.60623487,16.263,ok,,Optimized replacement for Python-loop median filter.
bsd68,test051,321,481,25,494838958,NLM_Skimage_Fast,"skimage.denoise_nl_means(fast_mode=True, h=0.8*sigma, sigma=known_sigma)",26.367663,0.72334561,349.568,ok,,Fast engineering baseline; not the original patchwise NLM runtime.
bsd68,test051,321,481,25,494838958,NLM_IPOL_Like,skimage.denoise_nl_means(fast_mode=False) with IPOL grayscale parameter schedule,25.351324,0.65889141,4217.246,ok,,Closer to IPOL patchwise parameters; can be very slow.
bsd68,test051,321,481,25,494838958,BM3D_TAU,"bm3d.bm3d(noisy_float01, sigma_psd=sigma/255)",27.590078,0.78376655,1437.64,ok,,Reference classical upper baseline for AWGN.
bsd68,test051,321,481,30,598408495,Noisy,"clean + AWGN, clipped to [0,1]",18.697447,0.39057078,0.0,ok,,same noisy image reused for all methods
bsd68,test051,321,481,30,598408495,Gaussian_SciPy,"scipy.ndimage.gaussian_filter(sigma_filter=1.5, reflect)",20.954712,0.6257334,3.111,ok,,Optimized replacement for Python-loop Gaussian filter.
bsd68,test051,321,481,30,598408495,Median_SciPy,"scipy.ndimage.median_filter(size=3, reflect)",22.52236,0.55225959,15.356,ok,,Optimized replacement for Python-loop median filter.
bsd68,test051,321,481,30,598408495,NLM_Skimage_Fast,"skimage.denoise_nl_means(fast_mode=True, h=0.8*sigma, sigma=known_sigma)",25.370461,0.69164612,356.761,ok,,Fast engineering baseline; not the original patchwise NLM runtime.
bsd68,test051,321,481,30,598408495,NLM_IPOL_Like,skimage.denoise_nl_means(fast_mode=False) with IPOL grayscale parameter schedule,24.367617,0.60392601,4342.734,ok,,Closer to IPOL patchwise parameters; can be very slow.
bsd68,test051,321,481,30,598408495,BM3D_TAU,"bm3d.bm3d(noisy_float01, sigma_psd=sigma/255)",26.726051,0.75668442,1433.033,ok,,Reference classical upper baseline for AWGN.
bsd68,test051,321,481,35,2819910982,Noisy,"clean + AWGN, clipped to [0,1]",17.421655,0.34881723,0.0,ok,,same noisy image reused for all methods
bsd68,test051,321,481,35,2819910982,Gaussian_SciPy,"scipy.ndimage.gaussian_filter(sigma_filter=1.5, reflect)",20.831012,0.60466273,2.001,ok,,Optimized replacement for Python-loop Gaussian filter.
bsd68,test051,321,481,35,2819910982,Median_SciPy,"scipy.ndimage.median_filter(size=3, reflect)",21.813034,0.50454246,16.268,ok,,Optimized replacement for Python-loop median filter.
bsd68,test051,321,481,35,2819910982,NLM_Skimage_Fast,"skimage.denoise_nl_means(fast_mode=True, h=0.8*sigma, sigma=known_sigma)",24.434181,0.66055069,355.162,ok,,Fast engineering baseline; not the original patchwise NLM runtime.
bsd68,test051,321,481,35,2819910982,NLM_IPOL_Like,skimage.denoise_nl_means(fast_mode=False) with IPOL grayscale parameter schedule,24.261742,0.61988109,17163.03,ok,,Closer to IPOL patchwise parameters; can be very slow.
bsd68,test051,321,481,35,2819910982,BM3D_TAU,"bm3d.bm3d(noisy_float01, sigma_psd=sigma/255)",25.966124,0.73358758,1405.682,ok,,Reference classical upper baseline for AWGN.
bsd68,test051,321,481,40,2872061258,Noisy,"clean + AWGN, clipped to [0,1]",16.312115,0.31362692,0.0,ok,,same noisy image reused for all methods
bsd68,test051,321,481,40,2872061258,Gaussian_SciPy,"scipy.ndimage.gaussian_filter(sigma_filter=1.5, reflect)",20.690528,0.57785841,2.052,ok,,Optimized replacement for Python-loop Gaussian filter.
bsd68,test051,321,481,40,2872061258,Median_SciPy,"scipy.ndimage.median_filter(size=3, reflect)",21.195131,0.46551138,15.778,ok,,Optimized replacement for Python-loop median filter.
bsd68,test051,321,481,40,2872061258,NLM_Skimage_Fast,"skimage.denoise_nl_means(fast_mode=True, h=0.8*sigma, sigma=known_sigma)",23.632774,0.63170637,351.591,ok,,Fast engineering baseline; not the original patchwise NLM runtime.
bsd68,test051,321,481,40,2872061258,NLM_IPOL_Like,skimage.denoise_nl_means(fast_mode=False) with IPOL grayscale parameter schedule,23.695247,0.5866603,17681.339,ok,,Closer to IPOL patchwise parameters; can be very slow.
bsd68,test051,321,481,40,2872061258,BM3D_TAU,"bm3d.bm3d(noisy_float01, sigma_psd=sigma/255)",25.229194,0.7089246,1784.535,ok,,Reference classical upper baseline for AWGN.
bsd68,test051,321,481,50,3237887042,Noisy,"clean + AWGN, clipped to [0,1]",14.527384,0.26129285,0.0,ok,,same noisy image reused for all methods
bsd68,test051,321,481,50,3237887042,Gaussian_SciPy,"scipy.ndimage.gaussian_filter(sigma_filter=1.5, reflect)",20.414599,0.53962513,2.534,ok,,Optimized replacement for Python-loop Gaussian filter.
bsd68,test051,321,481,50,3237887042,Median_SciPy,"scipy.ndimage.median_filter(size=3, reflect)",19.92596,0.39738156,17.301,ok,,Optimized replacement for Python-loop median filter.
bsd68,test051,321,481,50,3237887042,NLM_Skimage_Fast,"skimage.denoise_nl_means(fast_mode=True, h=0.8*sigma, sigma=known_sigma)",22.250019,0.58308399,359.949,ok,,Fast engineering baseline; not the original patchwise NLM runtime.
bsd68,test051,321,481,50,3237887042,NLM_IPOL_Like,skimage.denoise_nl_means(fast_mode=False) with IPOL grayscale parameter schedule,23.245362,0.58385611,27729.465,ok,,Closer to IPOL patchwise parameters; can be very slow.
bsd68,test051,321,481,50,3237887042,BM3D_TAU,"bm3d.bm3d(noisy_float01, sigma_psd=sigma/255)",24.123981,0.6742671,1418.161,ok,,Reference classical upper baseline for AWGN.
bsd68,test051,321,481,75,704433173,Noisy,"clean + AWGN, clipped to [0,1]",11.682748,0.18168189,0.0,ok,,same noisy image reused for all methods
bsd68,test051,321,481,75,704433173,Gaussian_SciPy,"scipy.ndimage.gaussian_filter(sigma_filter=1.5, reflect)",19.622894,0.44128763,2.186,ok,,Optimized replacement for Python-loop Gaussian filter.
bsd68,test051,321,481,75,704433173,Median_SciPy,"scipy.ndimage.median_filter(size=3, reflect)",17.34578,0.28497004,15.55,ok,,Optimized replacement for Python-loop median filter.
bsd68,test051,321,481,75,704433173,NLM_Skimage_Fast,"skimage.denoise_nl_means(fast_mode=True, h=0.8*sigma, sigma=known_sigma)",19.347006,0.46405247,346.539,ok,,Fast engineering baseline; not the original patchwise NLM runtime.
bsd68,test051,321,481,75,704433173,NLM_IPOL_Like,skimage.denoise_nl_means(fast_mode=False) with IPOL grayscale parameter schedule,20.726319,0.50824065,31084.233,ok,,Closer to IPOL patchwise parameters; can be very slow.
bsd68,test051,321,481,75,704433173,BM3D_TAU,"bm3d.bm3d(noisy_float01, sigma_psd=sigma/255)",21.955393,0.58523683,1465.597,ok,,Reference classical upper baseline for AWGN.
bsd68,test052,321,481,5,3666179063,Noisy,"clean + AWGN, clipped to [0,1]",34.533116,0.85158802,0.0,ok,,same noisy image reused for all methods
bsd68,test052,321,481,5,3666179063,Gaussian_SciPy,"scipy.ndimage.gaussian_filter(sigma_filter=1.5, reflect)",30.728731,0.82879109,2.179,ok,,Optimized replacement for Python-loop Gaussian filter.
bsd68,test052,321,481,5,3666179063,Median_SciPy,"scipy.ndimage.median_filter(size=3, reflect)",32.663231,0.86418378,14.729,ok,,Optimized replacement for Python-loop median filter.
bsd68,test052,321,481,5,3666179063,NLM_Skimage_Fast,"skimage.denoise_nl_means(fast_mode=True, h=0.8*sigma, sigma=known_sigma)",37.414105,0.93280993,341.522,ok,,Fast engineering baseline; not the original patchwise NLM runtime.
bsd68,test052,321,481,5,3666179063,NLM_IPOL_Like,skimage.denoise_nl_means(fast_mode=False) with IPOL grayscale parameter schedule,36.495228,0.91302897,2631.588,ok,,Closer to IPOL patchwise parameters; can be very slow.
bsd68,test052,321,481,5,3666179063,BM3D_TAU,"bm3d.bm3d(noisy_float01, sigma_psd=sigma/255)",38.774393,0.95499625,1388.155,ok,,Reference classical upper baseline for AWGN.
bsd68,test052,321,481,10,10565630,Noisy,"clean + AWGN, clipped to [0,1]",28.617089,0.62206056,0.0,ok,,same noisy image reused for all methods
bsd68,test052,321,481,10,10565630,Gaussian_SciPy,"scipy.ndimage.gaussian_filter(sigma_filter=1.5, reflect)",30.405978,0.81498811,3.796,ok,,Optimized replacement for Python-loop Gaussian filter.
bsd68,test052,321,481,10,10565630,Median_SciPy,"scipy.ndimage.median_filter(size=3, reflect)",31.321381,0.79270827,15.392,ok,,Optimized replacement for Python-loop median filter.
bsd68,test052,321,481,10,10565630,NLM_Skimage_Fast,"skimage.denoise_nl_means(fast_mode=True, h=0.8*sigma, sigma=known_sigma)",33.498047,0.86177242,359.537,ok,,Fast engineering baseline; not the original patchwise NLM runtime.
bsd68,test052,321,481,10,10565630,NLM_IPOL_Like,skimage.denoise_nl_means(fast_mode=False) with IPOL grayscale parameter schedule,31.591591,0.78166484,2763.403,ok,,Closer to IPOL patchwise parameters; can be very slow.
bsd68,test052,321,481,10,10565630,BM3D_TAU,"bm3d.bm3d(noisy_float01, sigma_psd=sigma/255)",34.813009,0.89654949,1406.717,ok,,Reference classical upper baseline for AWGN.
bsd68,test052,321,481,15,3864678677,Noisy,"clean + AWGN, clipped to [0,1]",25.142545,0.45067627,0.0,ok,,same noisy image reused for all methods
bsd68,test052,321,481,15,3864678677,Gaussian_SciPy,"scipy.ndimage.gaussian_filter(sigma_filter=1.5, reflect)",29.927463,0.79706895,2.773,ok,,Optimized replacement for Python-loop Gaussian filter.
bsd68,test052,321,481,15,3864678677,Median_SciPy,"scipy.ndimage.median_filter(size=3, reflect)",29.78044,0.70561698,15.045,ok,,Optimized replacement for Python-loop median filter.
bsd68,test052,321,481,15,3864678677,NLM_Skimage_Fast,"skimage.denoise_nl_means(fast_mode=True, h=0.8*sigma, sigma=known_sigma)",31.520054,0.82018171,357.429,ok,,Fast engineering baseline; not the original patchwise NLM runtime.
bsd68,test052,321,481,15,3864678677,NLM_IPOL_Like,skimage.denoise_nl_means(fast_mode=False) with IPOL grayscale parameter schedule,28.738426,0.66632881,2806.413,ok,,Closer to IPOL patchwise parameters; can be very slow.
bsd68,test052,321,481,15,3864678677,BM3D_TAU,"bm3d.bm3d(noisy_float01, sigma_psd=sigma/255)",32.868816,0.86075441,1365.002,ok,,Reference classical upper baseline for AWGN.
bsd68,test052,321,481,20,1151074820,Noisy,"clean + AWGN, clipped to [0,1]",22.750393,0.33751084,0.0,ok,,same noisy image reused for all methods
bsd68,test052,321,481,20,1151074820,Gaussian_SciPy,"scipy.ndimage.gaussian_filter(sigma_filter=1.5, reflect)",29.278288,0.77350519,2.432,ok,,Optimized replacement for Python-loop Gaussian filter.
bsd68,test052,321,481,20,1151074820,Median_SciPy,"scipy.ndimage.median_filter(size=3, reflect)",28.362555,0.62225096,16.513,ok,,Optimized replacement for Python-loop median filter.
bsd68,test052,321,481,20,1151074820,NLM_Skimage_Fast,"skimage.denoise_nl_means(fast_mode=True, h=0.8*sigma, sigma=known_sigma)",30.017296,0.78789731,410.956,ok,,Fast engineering baseline; not the original patchwise NLM runtime.
bsd68,test052,321,481,20,1151074820,NLM_IPOL_Like,skimage.denoise_nl_means(fast_mode=False) with IPOL grayscale parameter schedule,29.001288,0.7178759,4580.63,ok,,Closer to IPOL patchwise parameters; can be very slow.
bsd68,test052,321,481,20,1151074820,BM3D_TAU,"bm3d.bm3d(noisy_float01, sigma_psd=sigma/255)",31.426436,0.83307082,1454.653,ok,,Reference classical upper baseline for AWGN.
bsd68,test052,321,481,25,148737121,Noisy,"clean + AWGN, clipped to [0,1]",20.838316,0.25921745,0.0,ok,,same noisy image reused for all methods
bsd68,test052,321,481,25,148737121,Gaussian_SciPy,"scipy.ndimage.gaussian_filter(sigma_filter=1.5, reflect)",28.557843,0.7451904,3.815,ok,,Optimized replacement for Python-loop Gaussian filter.
bsd68,test052,321,481,25,148737121,Median_SciPy,"scipy.ndimage.median_filter(size=3, reflect)",27.013049,0.5423041,16.052,ok,,Optimized replacement for Python-loop median filter.
bsd68,test052,321,481,25,148737121,NLM_Skimage_Fast,"skimage.denoise_nl_means(fast_mode=True, h=0.8*sigma, sigma=known_sigma)",28.87892,0.76277006,370.334,ok,,Fast engineering baseline; not the original patchwise NLM runtime.
bsd68,test052,321,481,25,148737121,NLM_IPOL_Like,skimage.denoise_nl_means(fast_mode=False) with IPOL grayscale parameter schedule,27.55242,0.66065889,4608.493,ok,,Closer to IPOL patchwise parameters; can be very slow.
bsd68,test052,321,481,25,148737121,BM3D_TAU,"bm3d.bm3d(noisy_float01, sigma_psd=sigma/255)",30.239733,0.80920958,1470.74,ok,,Reference classical upper baseline for AWGN.
bsd68,test052,321,481,30,2624626561,Noisy,"clean + AWGN, clipped to [0,1]",19.336244,0.2072897,0.0,ok,,same noisy image reused for all methods
bsd68,test052,321,481,30,2624626561,Gaussian_SciPy,"scipy.ndimage.gaussian_filter(sigma_filter=1.5, reflect)",27.76348,0.71627012,2.562,ok,,Optimized replacement for Python-loop Gaussian filter.
bsd68,test052,321,481,30,2624626561,Median_SciPy,"scipy.ndimage.median_filter(size=3, reflect)",25.81111,0.47343254,16.123,ok,,Optimized replacement for Python-loop median filter.
bsd68,test052,321,481,30,2624626561,NLM_Skimage_Fast,"skimage.denoise_nl_means(fast_mode=True, h=0.8*sigma, sigma=known_sigma)",27.870019,0.74445851,350.055,ok,,Fast engineering baseline; not the original patchwise NLM runtime.
bsd68,test052,321,481,30,2624626561,NLM_IPOL_Like,skimage.denoise_nl_means(fast_mode=False) with IPOL grayscale parameter schedule,26.477636,0.6262901,4653.657,ok,,Closer to IPOL patchwise parameters; can be very slow.
bsd68,test052,321,481,30,2624626561,BM3D_TAU,"bm3d.bm3d(noisy_float01, sigma_psd=sigma/255)",29.254884,0.79348591,1424.097,ok,,Reference classical upper baseline for AWGN.
bsd68,test052,321,481,35,3157277812,Noisy,"clean + AWGN, clipped to [0,1]",18.032186,0.16629923,0.0,ok,,same noisy image reused for all methods
bsd68,test052,321,481,35,3157277812,Gaussian_SciPy,"scipy.ndimage.gaussian_filter(sigma_filter=1.5, reflect)",26.953332,0.68296455,1.991,ok,,Optimized replacement for Python-loop Gaussian filter.
bsd68,test052,321,481,35,3157277812,Median_SciPy,"scipy.ndimage.median_filter(size=3, reflect)",24.728033,0.41477662,15.477,ok,,Optimized replacement for Python-loop median filter.
bsd68,test052,321,481,35,3157277812,NLM_Skimage_Fast,"skimage.denoise_nl_means(fast_mode=True, h=0.8*sigma, sigma=known_sigma)",26.949934,0.72408664,351.374,ok,,Fast engineering baseline; not the original patchwise NLM runtime.
bsd68,test052,321,481,35,3157277812,NLM_IPOL_Like,skimage.denoise_nl_means(fast_mode=False) with IPOL grayscale parameter schedule,26.223959,0.65074074,19816.524,ok,,Closer to IPOL patchwise parameters; can be very slow.
bsd68,test052,321,481,35,3157277812,BM3D_TAU,"bm3d.bm3d(noisy_float01, sigma_psd=sigma/255)",28.309172,0.77386899,1399.635,ok,,Reference classical upper baseline for AWGN.
bsd68,test052,321,481,40,708062284,Noisy,"clean + AWGN, clipped to [0,1]",16.923135,0.13917381,0.0,ok,,same noisy image reused for all methods
bsd68,test052,321,481,40,708062284,Gaussian_SciPy,"scipy.ndimage.gaussian_filter(sigma_filter=1.5, reflect)",26.225772,0.65479084,2.596,ok,,Optimized replacement for Python-loop Gaussian filter.
bsd68,test052,321,481,40,708062284,Median_SciPy,"scipy.ndimage.median_filter(size=3, reflect)",23.774321,0.36767502,16.615,ok,,Optimized replacement for Python-loop median filter.
bsd68,test052,321,481,40,708062284,NLM_Skimage_Fast,"skimage.denoise_nl_means(fast_mode=True, h=0.8*sigma, sigma=known_sigma)",26.278954,0.71325361,353.92,ok,,Fast engineering baseline; not the original patchwise NLM runtime.
bsd68,test052,321,481,40,708062284,NLM_IPOL_Like,skimage.denoise_nl_means(fast_mode=False) with IPOL grayscale parameter schedule,25.405697,0.62577526,19935.439,ok,,Closer to IPOL patchwise parameters; can be very slow.
bsd68,test052,321,481,40,708062284,BM3D_TAU,"bm3d.bm3d(noisy_float01, sigma_psd=sigma/255)",27.566903,0.76563008,1391.169,ok,,Reference classical upper baseline for AWGN.
bsd68,test052,321,481,50,1605620627,Noisy,"clean + AWGN, clipped to [0,1]",15.168908,0.10084457,0.0,ok,,same noisy image reused for all methods
bsd68,test052,321,481,50,1605620627,Gaussian_SciPy,"scipy.ndimage.gaussian_filter(sigma_filter=1.5, reflect)",24.814618,0.59435525,2.977,ok,,Optimized replacement for Python-loop Gaussian filter.
bsd68,test052,321,481,50,1605620627,Median_SciPy,"scipy.ndimage.median_filter(size=3, reflect)",22.117788,0.29062331,15.537,ok,,Optimized replacement for Python-loop median filter.
bsd68,test052,321,481,50,1605620627,NLM_Skimage_Fast,"skimage.denoise_nl_means(fast_mode=True, h=0.8*sigma, sigma=known_sigma)",24.958709,0.68779404,359.096,ok,,Fast engineering baseline; not the original patchwise NLM runtime.
bsd68,test052,321,481,50,1605620627,NLM_IPOL_Like,skimage.denoise_nl_means(fast_mode=False) with IPOL grayscale parameter schedule,24.611773,0.64543574,30945.375,ok,,Closer to IPOL patchwise parameters; can be very slow.
bsd68,test052,321,481,50,1605620627,BM3D_TAU,"bm3d.bm3d(noisy_float01, sigma_psd=sigma/255)",26.095932,0.74104728,1413.771,ok,,Reference classical upper baseline for AWGN.
bsd68,test052,321,481,75,732514639,Noisy,"clean + AWGN, clipped to [0,1]",12.181112,0.05405703,0.0,ok,,same noisy image reused for all methods
bsd68,test052,321,481,75,732514639,Gaussian_SciPy,"scipy.ndimage.gaussian_filter(sigma_filter=1.5, reflect)",21.695411,0.4678805,2.142,ok,,Optimized replacement for Python-loop Gaussian filter.
bsd68,test052,321,481,75,732514639,Median_SciPy,"scipy.ndimage.median_filter(size=3, reflect)",18.899814,0.17201442,15.713,ok,,Optimized replacement for Python-loop median filter.
bsd68,test052,321,481,75,732514639,NLM_Skimage_Fast,"skimage.denoise_nl_means(fast_mode=True, h=0.8*sigma, sigma=known_sigma)",22.142255,0.65557244,349.054,ok,,Fast engineering baseline; not the original patchwise NLM runtime.
bsd68,test052,321,481,75,732514639,NLM_IPOL_Like,skimage.denoise_nl_means(fast_mode=False) with IPOL grayscale parameter schedule,21.948326,0.64526092,31855.665,ok,,Closer to IPOL patchwise parameters; can be very slow.
bsd68,test052,321,481,75,732514639,BM3D_TAU,"bm3d.bm3d(noisy_float01, sigma_psd=sigma/255)",22.930976,0.69559926,1412.759,ok,,Reference classical upper baseline for AWGN.
bsd68,test053,321,481,5,2510154480,Noisy,"clean + AWGN, clipped to [0,1]",34.152111,0.85076914,0.0,ok,,same noisy image reused for all methods
bsd68,test053,321,481,5,2510154480,Gaussian_SciPy,"scipy.ndimage.gaussian_filter(sigma_filter=1.5, reflect)",31.386695,0.7884724,2.316,ok,,Optimized replacement for Python-loop Gaussian filter.
bsd68,test053,321,481,5,2510154480,Median_SciPy,"scipy.ndimage.median_filter(size=3, reflect)",32.894483,0.83600475,16.228,ok,,Optimized replacement for Python-loop median filter.
bsd68,test053,321,481,5,2510154480,NLM_Skimage_Fast,"skimage.denoise_nl_means(fast_mode=True, h=0.8*sigma, sigma=known_sigma)",36.871589,0.92046584,333.347,ok,,Fast engineering baseline; not the original patchwise NLM runtime.
bsd68,test053,321,481,5,2510154480,NLM_IPOL_Like,skimage.denoise_nl_means(fast_mode=False) with IPOL grayscale parameter schedule,35.91772,0.90068556,2651.089,ok,,Closer to IPOL patchwise parameters; can be very slow.
bsd68,test053,321,481,5,2510154480,BM3D_TAU,"bm3d.bm3d(noisy_float01, sigma_psd=sigma/255)",38.068474,0.94249313,1365.804,ok,,Reference classical upper baseline for AWGN.
bsd68,test053,321,481,10,1703990873,Noisy,"clean + AWGN, clipped to [0,1]",28.163397,0.61720925,0.0,ok,,same noisy image reused for all methods
bsd68,test053,321,481,10,1703990873,Gaussian_SciPy,"scipy.ndimage.gaussian_filter(sigma_filter=1.5, reflect)",31.148386,0.77569993,2.947,ok,,Optimized replacement for Python-loop Gaussian filter.
bsd68,test053,321,481,10,1703990873,Median_SciPy,"scipy.ndimage.median_filter(size=3, reflect)",31.376803,0.76362362,16.169,ok,,Optimized replacement for Python-loop median filter.
bsd68,test053,321,481,10,1703990873,NLM_Skimage_Fast,"skimage.denoise_nl_means(fast_mode=True, h=0.8*sigma, sigma=known_sigma)",33.052085,0.83015966,370.875,ok,,Fast engineering baseline; not the original patchwise NLM runtime.
bsd68,test053,321,481,10,1703990873,NLM_IPOL_Like,skimage.denoise_nl_means(fast_mode=False) with IPOL grayscale parameter schedule,31.048581,0.74598729,2781.603,ok,,Closer to IPOL patchwise parameters; can be very slow.
bsd68,test053,321,481,10,1703990873,BM3D_TAU,"bm3d.bm3d(noisy_float01, sigma_psd=sigma/255)",34.472654,0.87605941,1380.119,ok,,Reference classical upper baseline for AWGN.
bsd68,test053,321,481,15,338714144,Noisy,"clean + AWGN, clipped to [0,1]",24.627695,0.43981151,0.0,ok,,same noisy image reused for all methods
bsd68,test053,321,481,15,338714144,Gaussian_SciPy,"scipy.ndimage.gaussian_filter(sigma_filter=1.5, reflect)",30.761581,0.75488688,2.985,ok,,Optimized replacement for Python-loop Gaussian filter.
bsd68,test053,321,481,15,338714144,Median_SciPy,"scipy.ndimage.median_filter(size=3, reflect)",29.728307,0.67586012,15.834,ok,,Optimized replacement for Python-loop median filter.
bsd68,test053,321,481,15,338714144,NLM_Skimage_Fast,"skimage.denoise_nl_means(fast_mode=True, h=0.8*sigma, sigma=known_sigma)",31.256929,0.76704259,357.99,ok,,Fast engineering baseline; not the original patchwise NLM runtime.
bsd68,test053,321,481,15,338714144,NLM_IPOL_Like,skimage.denoise_nl_means(fast_mode=False) with IPOL grayscale parameter schedule,28.186766,0.60119683,2827.277,ok,,Closer to IPOL patchwise parameters; can be very slow.
bsd68,test053,321,481,15,338714144,BM3D_TAU,"bm3d.bm3d(noisy_float01, sigma_psd=sigma/255)",32.686924,0.8244615,1377.504,ok,,Reference classical upper baseline for AWGN.
bsd68,test053,321,481,20,4080073409,Noisy,"clean + AWGN, clipped to [0,1]",22.142065,0.32292725,0.0,ok,,same noisy image reused for all methods
bsd68,test053,321,481,20,4080073409,Gaussian_SciPy,"scipy.ndimage.gaussian_filter(sigma_filter=1.5, reflect)",30.297957,0.72842983,2.188,ok,,Optimized replacement for Python-loop Gaussian filter.
bsd68,test053,321,481,20,4080073409,Median_SciPy,"scipy.ndimage.median_filter(size=3, reflect)",28.178967,0.58812644,16.751,ok,,Optimized replacement for Python-loop median filter.
bsd68,test053,321,481,20,4080073409,NLM_Skimage_Fast,"skimage.denoise_nl_means(fast_mode=True, h=0.8*sigma, sigma=known_sigma)",30.178622,0.7231917,353.759,ok,,Fast engineering baseline; not the original patchwise NLM runtime.
bsd68,test053,321,481,20,4080073409,NLM_IPOL_Like,skimage.denoise_nl_means(fast_mode=False) with IPOL grayscale parameter schedule,28.682552,0.62478964,4532.748,ok,,Closer to IPOL patchwise parameters; can be very slow.
bsd68,test053,321,481,20,4080073409,BM3D_TAU,"bm3d.bm3d(noisy_float01, sigma_psd=sigma/255)",31.536078,0.78149197,1393.104,ok,,Reference classical upper baseline for AWGN.
bsd68,test053,321,481,25,1822516647,Noisy,"clean + AWGN, clipped to [0,1]",20.2205,0.24346291,0.0,ok,,same noisy image reused for all methods
bsd68,test053,321,481,25,1822516647,Gaussian_SciPy,"scipy.ndimage.gaussian_filter(sigma_filter=1.5, reflect)",29.775355,0.70016858,2.947,ok,,Optimized replacement for Python-loop Gaussian filter.
bsd68,test053,321,481,25,1822516647,Median_SciPy,"scipy.ndimage.median_filter(size=3, reflect)",26.753692,0.50821974,16.176,ok,,Optimized replacement for Python-loop median filter.
bsd68,test053,321,481,25,1822516647,NLM_Skimage_Fast,"skimage.denoise_nl_means(fast_mode=True, h=0.8*sigma, sigma=known_sigma)",29.490159,0.69206579,350.325,ok,,Fast engineering baseline; not the original patchwise NLM runtime.
bsd68,test053,321,481,25,1822516647,NLM_IPOL_Like,skimage.denoise_nl_means(fast_mode=False) with IPOL grayscale parameter schedule,27.360761,0.54455411,4590.842,ok,,Closer to IPOL patchwise parameters; can be very slow.
bsd68,test053,321,481,25,1822516647,BM3D_TAU,"bm3d.bm3d(noisy_float01, sigma_psd=sigma/255)",30.823216,0.7504862,1427.738,ok,,Reference classical upper baseline for AWGN.
bsd68,test053,321,481,30,2657209379,Noisy,"clean + AWGN, clipped to [0,1]",18.669685,0.18934395,0.0,ok,,same noisy image reused for all methods
bsd68,test053,321,481,30,2657209379,Gaussian_SciPy,"scipy.ndimage.gaussian_filter(sigma_filter=1.5, reflect)",29.199798,0.66750725,2.204,ok,,Optimized replacement for Python-loop Gaussian filter.
bsd68,test053,321,481,30,2657209379,Median_SciPy,"scipy.ndimage.median_filter(size=3, reflect)",25.496229,0.4381778,16.519,ok,,Optimized replacement for Python-loop median filter.
bsd68,test053,321,481,30,2657209379,NLM_Skimage_Fast,"skimage.denoise_nl_means(fast_mode=True, h=0.8*sigma, sigma=known_sigma)",28.946174,0.66609621,353.905,ok,,Fast engineering baseline; not the original patchwise NLM runtime.
bsd68,test053,321,481,30,2657209379,NLM_IPOL_Like,skimage.denoise_nl_means(fast_mode=False) with IPOL grayscale parameter schedule,26.320324,0.47837089,4656.244,ok,,Closer to IPOL patchwise parameters; can be very slow.
bsd68,test053,321,481,30,2657209379,BM3D_TAU,"bm3d.bm3d(noisy_float01, sigma_psd=sigma/255)",30.173949,0.72306835,1416.475,ok,,Reference classical upper baseline for AWGN.
bsd68,test053,321,481,35,4161776709,Noisy,"clean + AWGN, clipped to [0,1]",17.393267,0.15246586,0.0,ok,,same noisy image reused for all methods
bsd68,test053,321,481,35,4161776709,Gaussian_SciPy,"scipy.ndimage.gaussian_filter(sigma_filter=1.5, reflect)",28.62581,0.63585958,1.934,ok,,Optimized replacement for Python-loop Gaussian filter.
bsd68,test053,321,481,35,4161776709,Median_SciPy,"scipy.ndimage.median_filter(size=3, reflect)",24.358209,0.38080672,16.233,ok,,Optimized replacement for Python-loop median filter.
bsd68,test053,321,481,35,4161776709,NLM_Skimage_Fast,"skimage.denoise_nl_means(fast_mode=True, h=0.8*sigma, sigma=known_sigma)",28.605543,0.65001201,350.786,ok,,Fast engineering baseline; not the original patchwise NLM runtime.
bsd68,test053,321,481,35,4161776709,NLM_IPOL_Like,skimage.denoise_nl_means(fast_mode=False) with IPOL grayscale parameter schedule,27.066849,0.52699911,19773.362,ok,,Closer to IPOL patchwise parameters; can be very slow.
bsd68,test053,321,481,35,4161776709,BM3D_TAU,"bm3d.bm3d(noisy_float01, sigma_psd=sigma/255)",29.797278,0.70693669,1406.49,ok,,Reference classical upper baseline for AWGN.
bsd68,test053,321,481,40,215561304,Noisy,"clean + AWGN, clipped to [0,1]",16.329561,0.12562533,0.0,ok,,same noisy image reused for all methods
bsd68,test053,321,481,40,215561304,Gaussian_SciPy,"scipy.ndimage.gaussian_filter(sigma_filter=1.5, reflect)",28.057537,0.60672633,3.32,ok,,Optimized replacement for Python-loop Gaussian filter.
bsd68,test053,321,481,40,215561304,Median_SciPy,"scipy.ndimage.median_filter(size=3, reflect)",23.336871,0.33518122,16.709,ok,,Optimized replacement for Python-loop median filter.
bsd68,test053,321,481,40,215561304,NLM_Skimage_Fast,"skimage.denoise_nl_means(fast_mode=True, h=0.8*sigma, sigma=known_sigma)",28.261035,0.63373763,349.512,ok,,Fast engineering baseline; not the original patchwise NLM runtime.
bsd68,test053,321,481,40,215561304,NLM_IPOL_Like,skimage.denoise_nl_means(fast_mode=False) with IPOL grayscale parameter schedule,26.590241,0.49625372,19970.999,ok,,Closer to IPOL patchwise parameters; can be very slow.
bsd68,test053,321,481,40,215561304,BM3D_TAU,"bm3d.bm3d(noisy_float01, sigma_psd=sigma/255)",29.376711,0.6894187,1406.692,ok,,Reference classical upper baseline for AWGN.
bsd68,test053,321,481,50,1392865407,Noisy,"clean + AWGN, clipped to [0,1]",14.575737,0.08764351,0.0,ok,,same noisy image reused for all methods
bsd68,test053,321,481,50,1392865407,Gaussian_SciPy,"scipy.ndimage.gaussian_filter(sigma_filter=1.5, reflect)",26.860527,0.5408791,3.063,ok,,Optimized replacement for Python-loop Gaussian filter.
bsd68,test053,321,481,50,1392865407,Median_SciPy,"scipy.ndimage.median_filter(size=3, reflect)",21.613469,0.25615305,15.865,ok,,Optimized replacement for Python-loop median filter.
bsd68,test053,321,481,50,1392865407,NLM_Skimage_Fast,"skimage.denoise_nl_means(fast_mode=True, h=0.8*sigma, sigma=known_sigma)",27.554553,0.60624804,351.456,ok,,Fast engineering baseline; not the original patchwise NLM runtime.
bsd68,test053,321,481,50,1392865407,NLM_IPOL_Like,skimage.denoise_nl_means(fast_mode=False) with IPOL grayscale parameter schedule,26.78813,0.52970643,30999.725,ok,,Closer to IPOL patchwise parameters; can be very slow.
bsd68,test053,321,481,50,1392865407,BM3D_TAU,"bm3d.bm3d(noisy_float01, sigma_psd=sigma/255)",28.602575,0.65645742,1419.114,ok,,Reference classical upper baseline for AWGN.
bsd68,test053,321,481,75,202362100,Noisy,"clean + AWGN, clipped to [0,1]",11.76128,0.0462871,0.0,ok,,same noisy image reused for all methods
bsd68,test053,321,481,75,202362100,Gaussian_SciPy,"scipy.ndimage.gaussian_filter(sigma_filter=1.5, reflect)",24.314955,0.42277506,3.232,ok,,Optimized replacement for Python-loop Gaussian filter.
bsd68,test053,321,481,75,202362100,Median_SciPy,"scipy.ndimage.median_filter(size=3, reflect)",18.311718,0.14614591,16.058,ok,,Optimized replacement for Python-loop median filter.
bsd68,test053,321,481,75,202362100,NLM_Skimage_Fast,"skimage.denoise_nl_means(fast_mode=True, h=0.8*sigma, sigma=known_sigma)",25.930839,0.58326578,349.646,ok,,Fast engineering baseline; not the original patchwise NLM runtime.
bsd68,test053,321,481,75,202362100,NLM_IPOL_Like,skimage.denoise_nl_means(fast_mode=False) with IPOL grayscale parameter schedule,25.409186,0.55502278,31872.14,ok,,Closer to IPOL patchwise parameters; can be very slow.
bsd68,test053,321,481,75,202362100,BM3D_TAU,"bm3d.bm3d(noisy_float01, sigma_psd=sigma/255)",26.952299,0.61621356,1398.82,ok,,Reference classical upper baseline for AWGN.
bsd68,test054,481,321,5,1334696684,Noisy,"clean + AWGN, clipped to [0,1]",34.172911,0.91117692,0.0,ok,,same noisy image reused for all methods
bsd68,test054,481,321,5,1334696684,Gaussian_SciPy,"scipy.ndimage.gaussian_filter(sigma_filter=1.5, reflect)",25.727406,0.75859538,1.858,ok,,Optimized replacement for Python-loop Gaussian filter.
bsd68,test054,481,321,5,1334696684,Median_SciPy,"scipy.ndimage.median_filter(size=3, reflect)",29.941717,0.88263221,15.126,ok,,Optimized replacement for Python-loop median filter.
bsd68,test054,481,321,5,1334696684,NLM_Skimage_Fast,"skimage.denoise_nl_means(fast_mode=True, h=0.8*sigma, sigma=known_sigma)",36.102821,0.94681139,311.358,ok,,Fast engineering baseline; not the original patchwise NLM runtime.
bsd68,test054,481,321,5,1334696684,NLM_IPOL_Like,skimage.denoise_nl_means(fast_mode=False) with IPOL grayscale parameter schedule,,,2374.51,ok,,Closer to IPOL patchwise parameters; can be very slow.
bsd68,test054,481,321,5,1334696684,BM3D_TAU,"bm3d.bm3d(noisy_float01, sigma_psd=sigma/255)",37.200799,0.96100384,1362.521,ok,,Reference classical upper baseline for AWGN.
bsd68,test054,481,321,10,4021678191,Noisy,"clean + AWGN, clipped to [0,1]",28.146365,0.75692369,0.0,ok,,same noisy image reused for all methods
bsd68,test054,481,321,10,4021678191,Gaussian_SciPy,"scipy.ndimage.gaussian_filter(sigma_filter=1.5, reflect)",25.648171,0.75058815,2.585,ok,,Optimized replacement for Python-loop Gaussian filter.
bsd68,test054,481,321,10,4021678191,Median_SciPy,"scipy.ndimage.median_filter(size=3, reflect)",28.915971,0.8330914,15.856,ok,,Optimized replacement for Python-loop median filter.
bsd68,test054,481,321,10,4021678191,NLM_Skimage_Fast,"skimage.denoise_nl_means(fast_mode=True, h=0.8*sigma, sigma=known_sigma)",31.994916,0.88450636,327.49,ok,,Fast engineering baseline; not the original patchwise NLM runtime.
bsd68,test054,481,321,10,4021678191,NLM_IPOL_Like,skimage.denoise_nl_means(fast_mode=False) with IPOL grayscale parameter schedule,30.389881,0.83727042,2580.806,ok,,Closer to IPOL patchwise parameters; can be very slow.
bsd68,test054,481,321,10,4021678191,BM3D_TAU,"bm3d.bm3d(noisy_float01, sigma_psd=sigma/255)",33.261211,0.9147952,1410.445,ok,,Reference classical upper baseline for AWGN.
bsd68,test054,481,321,15,1079568778,Noisy,"clean + AWGN, clipped to [0,1]",24.680656,0.62719738,0.0,ok,,same noisy image reused for all methods
bsd68,test054,481,321,15,1079568778,Gaussian_SciPy,"scipy.ndimage.gaussian_filter(sigma_filter=1.5, reflect)",25.522455,0.73781004,2.016,ok,,Optimized replacement for Python-loop Gaussian filter.
bsd68,test054,481,321,15,1079568778,Median_SciPy,"scipy.ndimage.median_filter(size=3, reflect)",27.705619,0.77192615,15.587,ok,,Optimized replacement for Python-loop median filter.
bsd68,test054,481,321,15,1079568778,NLM_Skimage_Fast,"skimage.denoise_nl_means(fast_mode=True, h=0.8*sigma, sigma=known_sigma)",29.714164,0.82980492,348.792,ok,,Fast engineering baseline; not the original patchwise NLM runtime.
bsd68,test054,481,321,15,1079568778,NLM_IPOL_Like,skimage.denoise_nl_means(fast_mode=False) with IPOL grayscale parameter schedule,27.498796,0.73769585,2678.622,ok,,Closer to IPOL patchwise parameters; can be very slow.
bsd68,test054,481,321,15,1079568778,BM3D_TAU,"bm3d.bm3d(noisy_float01, sigma_psd=sigma/255)",31.192861,0.87740435,1346.332,ok,,Reference classical upper baseline for AWGN.
bsd68,test054,481,321,20,1674794015,Noisy,"clean + AWGN, clipped to [0,1]",22.197569,0.52585052,0.0,ok,,same noisy image reused for all methods
bsd68,test054,481,321,20,1674794015,Gaussian_SciPy,"scipy.ndimage.gaussian_filter(sigma_filter=1.5, reflect)",25.37424,0.72337887,1.707,ok,,Optimized replacement for Python-loop Gaussian filter.
bsd68,test054,481,321,20,1674794015,Median_SciPy,"scipy.ndimage.median_filter(size=3, reflect)",26.549276,0.71295258,20.642,ok,,Optimized replacement for Python-loop median filter.
bsd68,test054,481,321,20,1674794015,NLM_Skimage_Fast,"skimage.denoise_nl_means(fast_mode=True, h=0.8*sigma, sigma=known_sigma)",28.140656,0.78347335,365.165,ok,,Fast engineering baseline; not the original patchwise NLM runtime.
bsd68,test054,481,321,20,1674794015,NLM_IPOL_Like,skimage.denoise_nl_means(fast_mode=False) with IPOL grayscale parameter schedule,27.040763,0.7380778,4032.368,ok,,Closer to IPOL patchwise parameters; can be very slow.
bsd68,test054,481,321,20,1674794015,BM3D_TAU,"bm3d.bm3d(noisy_float01, sigma_psd=sigma/255)",29.754549,0.84371491,1383.018,ok,,Reference classical upper baseline for AWGN.
bsd68,test054,481,321,25,3434897361,Noisy,"clean + AWGN, clipped to [0,1]",20.276596,0.4457227,0.0,ok,,same noisy image reused for all methods
bsd68,test054,481,321,25,3434897361,Gaussian_SciPy,"scipy.ndimage.gaussian_filter(sigma_filter=1.5, reflect)",25.159501,0.7042834,2.615,ok,,Optimized replacement for Python-loop Gaussian filter.
bsd68,test054,481,321,25,3434897361,Median_SciPy,"scipy.ndimage.median_filter(size=3, reflect)",25.447136,0.65445161,17.192,ok,,Optimized replacement for Python-loop median filter.
bsd68,test054,481,321,25,3434897361,NLM_Skimage_Fast,"skimage.denoise_nl_means(fast_mode=True, h=0.8*sigma, sigma=known_sigma)",26.788367,0.73804795,362.384,ok,,Fast engineering baseline; not the original patchwise NLM runtime.
bsd68,test054,481,321,25,3434897361,NLM_IPOL_Like,skimage.denoise_nl_means(fast_mode=False) with IPOL grayscale parameter schedule,25.745167,0.67518839,4179.747,ok,,Closer to IPOL patchwise parameters; can be very slow.
bsd68,test054,481,321,25,3434897361,BM3D_TAU,"bm3d.bm3d(noisy_float01, sigma_psd=sigma/255)",28.609904,0.81213361,1374.676,ok,,Reference classical upper baseline for AWGN.
bsd68,test054,481,321,30,3379567541,Noisy,"clean + AWGN, clipped to [0,1]",18.752488,0.3838347,0.0,ok,,same noisy image reused for all methods
bsd68,test054,481,321,30,3379567541,Gaussian_SciPy,"scipy.ndimage.gaussian_filter(sigma_filter=1.5, reflect)",24.954837,0.68801078,3.813,ok,,Optimized replacement for Python-loop Gaussian filter.
bsd68,test054,481,321,30,3379567541,Median_SciPy,"scipy.ndimage.median_filter(size=3, reflect)",24.461463,0.60470339,16.683,ok,,Optimized replacement for Python-loop median filter.
bsd68,test054,481,321,30,3379567541,NLM_Skimage_Fast,"skimage.denoise_nl_means(fast_mode=True, h=0.8*sigma, sigma=known_sigma)",25.814393,0.70027327,358.82,ok,,Fast engineering baseline; not the original patchwise NLM runtime.
bsd68,test054,481,321,30,3379567541,NLM_IPOL_Like,skimage.denoise_nl_means(fast_mode=False) with IPOL grayscale parameter schedule,24.780581,0.62459393,4315.517,ok,,Closer to IPOL patchwise parameters; can be very slow.
bsd68,test054,481,321,30,3379567541,BM3D_TAU,"bm3d.bm3d(noisy_float01, sigma_psd=sigma/255)",27.715785,0.78338855,1396.21,ok,,Reference classical upper baseline for AWGN.
bsd68,test054,481,321,35,7792338,Noisy,"clean + AWGN, clipped to [0,1]",17.495113,0.33447035,0.0,ok,,same noisy image reused for all methods
bsd68,test054,481,321,35,7792338,Gaussian_SciPy,"scipy.ndimage.gaussian_filter(sigma_filter=1.5, reflect)",24.668714,0.66510395,2.495,ok,,Optimized replacement for Python-loop Gaussian filter.
bsd68,test054,481,321,35,7792338,Median_SciPy,"scipy.ndimage.median_filter(size=3, reflect)",23.506191,0.55445019,16.287,ok,,Optimized replacement for Python-loop median filter.
bsd68,test054,481,321,35,7792338,NLM_Skimage_Fast,"skimage.denoise_nl_means(fast_mode=True, h=0.8*sigma, sigma=known_sigma)",24.94866,0.66489595,360.272,ok,,Fast engineering baseline; not the original patchwise NLM runtime.
bsd68,test054,481,321,35,7792338,NLM_IPOL_Like,skimage.denoise_nl_means(fast_mode=False) with IPOL grayscale parameter schedule,24.833433,0.63833205,16985.127,ok,,Closer to IPOL patchwise parameters; can be very slow.
bsd68,test054,481,321,35,7792338,BM3D_TAU,"bm3d.bm3d(noisy_float01, sigma_psd=sigma/255)",26.991438,0.75857313,1400.958,ok,,Reference classical upper baseline for AWGN.
bsd68,test054,481,321,40,1255117962,Noisy,"clean + AWGN, clipped to [0,1]",16.420375,0.29287077,0.0,ok,,same noisy image reused for all methods
bsd68,test054,481,321,40,1255117962,Gaussian_SciPy,"scipy.ndimage.gaussian_filter(sigma_filter=1.5, reflect)",24.380002,0.6467667,2.289,ok,,Optimized replacement for Python-loop Gaussian filter.
bsd68,test054,481,321,40,1255117962,Median_SciPy,"scipy.ndimage.median_filter(size=3, reflect)",22.642707,0.51328914,16.805,ok,,Optimized replacement for Python-loop median filter.
bsd68,test054,481,321,40,1255117962,NLM_Skimage_Fast,"skimage.denoise_nl_means(fast_mode=True, h=0.8*sigma, sigma=known_sigma)",24.167217,0.63268615,351.613,ok,,Fast engineering baseline; not the original patchwise NLM runtime.
bsd68,test054,481,321,40,1255117962,NLM_IPOL_Like,skimage.denoise_nl_means(fast_mode=False) with IPOL grayscale parameter schedule,24.291835,0.60905012,17562.284,ok,,Closer to IPOL patchwise parameters; can be very slow.
bsd68,test054,481,321,40,1255117962,BM3D_TAU,"bm3d.bm3d(noisy_float01, sigma_psd=sigma/255)",26.32252,0.73563284,1416.213,ok,,Reference classical upper baseline for AWGN.
bsd68,test054,481,321,50,3259910383,Noisy,"clean + AWGN, clipped to [0,1]",14.699288,0.23215572,0.0,ok,,same noisy image reused for all methods
bsd68,test054,481,321,50,3259910383,Gaussian_SciPy,"scipy.ndimage.gaussian_filter(sigma_filter=1.5, reflect)",23.725591,0.60333775,2.095,ok,,Optimized replacement for Python-loop Gaussian filter.
bsd68,test054,481,321,50,3259910383,Median_SciPy,"scipy.ndimage.median_filter(size=3, reflect)",21.085695,0.44216074,17.358,ok,,Optimized replacement for Python-loop median filter.
bsd68,test054,481,321,50,3259910383,NLM_Skimage_Fast,"skimage.denoise_nl_means(fast_mode=True, h=0.8*sigma, sigma=known_sigma)",22.767903,0.56769704,349.065,ok,,Fast engineering baseline; not the original patchwise NLM runtime.
bsd68,test054,481,321,50,3259910383,NLM_IPOL_Like,skimage.denoise_nl_means(fast_mode=False) with IPOL grayscale parameter schedule,23.686922,0.59910807,27816.017,ok,,Closer to IPOL patchwise parameters; can be very slow.
bsd68,test054,481,321,50,3259910383,BM3D_TAU,"bm3d.bm3d(noisy_float01, sigma_psd=sigma/255)",25.177607,0.69005697,1415.899,ok,,Reference classical upper baseline for AWGN.
bsd68,test054,481,321,75,3517518566,Noisy,"clean + AWGN, clipped to [0,1]",11.83751,0.1422933,0.0,ok,,same noisy image reused for all methods
bsd68,test054,481,321,75,3517518566,Gaussian_SciPy,"scipy.ndimage.gaussian_filter(sigma_filter=1.5, reflect)",22.05889,0.51254717,2.298,ok,,Optimized replacement for Python-loop Gaussian filter.
bsd68,test054,481,321,75,3517518566,Median_SciPy,"scipy.ndimage.median_filter(size=3, reflect)",18.103418,0.3156886,15.719,ok,,Optimized replacement for Python-loop median filter.
bsd68,test054,481,321,75,3517518566,NLM_Skimage_Fast,"skimage.denoise_nl_means(fast_mode=True, h=0.8*sigma, sigma=known_sigma)",20.360479,0.44712341,346.076,ok,,Fast engineering baseline; not the original patchwise NLM runtime.
bsd68,test054,481,321,75,3517518566,NLM_IPOL_Like,skimage.denoise_nl_means(fast_mode=False) with IPOL grayscale parameter schedule,20.957735,0.49896737,32374.4,ok,,Closer to IPOL patchwise parameters; can be very slow.
bsd68,test054,481,321,75,3517518566,BM3D_TAU,"bm3d.bm3d(noisy_float01, sigma_psd=sigma/255)",23.03545,0.60458382,1371.227,ok,,Reference classical upper baseline for AWGN.
bsd68,test055,481,321,5,2665583290,Noisy,"clean + AWGN, clipped to [0,1]",34.16226,0.93218345,0.0,ok,,same noisy image reused for all methods
bsd68,test055,481,321,5,2665583290,Gaussian_SciPy,"scipy.ndimage.gaussian_filter(sigma_filter=1.5, reflect)",23.602645,0.68141611,2.525,ok,,Optimized replacement for Python-loop Gaussian filter.
bsd68,test055,481,321,5,2665583290,Median_SciPy,"scipy.ndimage.median_filter(size=3, reflect)",27.070913,0.82894203,15.872,ok,,Optimized replacement for Python-loop median filter.
bsd68,test055,481,321,5,2665583290,NLM_Skimage_Fast,"skimage.denoise_nl_means(fast_mode=True, h=0.8*sigma, sigma=known_sigma)",35.416857,0.95372371,281.815,ok,,Fast engineering baseline; not the original patchwise NLM runtime.
bsd68,test055,481,321,5,2665583290,NLM_IPOL_Like,skimage.denoise_nl_means(fast_mode=False) with IPOL grayscale parameter schedule,,,2329.522,ok,,Closer to IPOL patchwise parameters; can be very slow.
bsd68,test055,481,321,5,2665583290,BM3D_TAU,"bm3d.bm3d(noisy_float01, sigma_psd=sigma/255)",36.201289,0.96454536,1445.818,ok,,Reference classical upper baseline for AWGN.
bsd68,test055,481,321,10,3450111678,Noisy,"clean + AWGN, clipped to [0,1]",28.197644,0.80481369,0.0,ok,,same noisy image reused for all methods
bsd68,test055,481,321,10,3450111678,Gaussian_SciPy,"scipy.ndimage.gaussian_filter(sigma_filter=1.5, reflect)",23.557692,0.6759836,2.39,ok,,Optimized replacement for Python-loop Gaussian filter.
bsd68,test055,481,321,10,3450111678,Median_SciPy,"scipy.ndimage.median_filter(size=3, reflect)",26.537763,0.79094934,15.049,ok,,Optimized replacement for Python-loop median filter.
bsd68,test055,481,321,10,3450111678,NLM_Skimage_Fast,"skimage.denoise_nl_means(fast_mode=True, h=0.8*sigma, sigma=known_sigma)",30.707346,0.87341608,354.407,ok,,Fast engineering baseline; not the original patchwise NLM runtime.
bsd68,test055,481,321,10,3450111678,NLM_IPOL_Like,skimage.denoise_nl_means(fast_mode=False) with IPOL grayscale parameter schedule,29.996333,0.86172703,2592.503,ok,,Closer to IPOL patchwise parameters; can be very slow.
bsd68,test055,481,321,10,3450111678,BM3D_TAU,"bm3d.bm3d(noisy_float01, sigma_psd=sigma/255)",31.891619,0.9119019,1383.341,ok,,Reference classical upper baseline for AWGN.
bsd68,test055,481,321,15,1193447010,Noisy,"clean + AWGN, clipped to [0,1]",24.643799,0.68038354,0.0,ok,,same noisy image reused for all methods
bsd68,test055,481,321,15,1193447010,Gaussian_SciPy,"scipy.ndimage.gaussian_filter(sigma_filter=1.5, reflect)",23.468455,0.66631698,3.404,ok,,Optimized replacement for Python-loop Gaussian filter.
bsd68,test055,481,321,15,1193447010,Median_SciPy,"scipy.ndimage.median_filter(size=3, reflect)",25.777668,0.74042376,16.525,ok,,Optimized replacement for Python-loop median filter.
bsd68,test055,481,321,15,1193447010,NLM_Skimage_Fast,"skimage.denoise_nl_means(fast_mode=True, h=0.8*sigma, sigma=known_sigma)",28.161793,0.79375045,345.963,ok,,Fast engineering baseline; not the original patchwise NLM runtime.
bsd68,test055,481,321,15,1193447010,NLM_IPOL_Like,skimage.denoise_nl_means(fast_mode=False) with IPOL grayscale parameter schedule,27.011025,0.76561784,2705.125,ok,,Closer to IPOL patchwise parameters; can be very slow.
bsd68,test055,481,321,15,1193447010,BM3D_TAU,"bm3d.bm3d(noisy_float01, sigma_psd=sigma/255)",29.48426,0.85478673,1377.536,ok,,Reference classical upper baseline for AWGN.
bsd68,test055,481,321,20,48925393,Noisy,"clean + AWGN, clipped to [0,1]",22.204632,0.58087853,0.0,ok,,same noisy image reused for all methods
bsd68,test055,481,321,20,48925393,Gaussian_SciPy,"scipy.ndimage.gaussian_filter(sigma_filter=1.5, reflect)",23.36087,0.65530779,2.516,ok,,Optimized replacement for Python-loop Gaussian filter.
bsd68,test055,481,321,20,48925393,Median_SciPy,"scipy.ndimage.median_filter(size=3, reflect)",24.992191,0.69053053,15.237,ok,,Optimized replacement for Python-loop median filter.
bsd68,test055,481,321,20,48925393,NLM_Skimage_Fast,"skimage.denoise_nl_means(fast_mode=True, h=0.8*sigma, sigma=known_sigma)",26.674332,0.73352647,359.79,ok,,Fast engineering baseline; not the original patchwise NLM runtime.
bsd68,test055,481,321,20,48925393,NLM_IPOL_Like,skimage.denoise_nl_means(fast_mode=False) with IPOL grayscale parameter schedule,26.191799,0.74977991,3986.854,ok,,Closer to IPOL patchwise parameters; can be very slow.
bsd68,test055,481,321,20,48925393,BM3D_TAU,"bm3d.bm3d(noisy_float01, sigma_psd=sigma/255)",27.988929,0.8050579,1356.536,ok,,Reference classical upper baseline for AWGN.
bsd68,test055,481,321,25,1892820080,Noisy,"clean + AWGN, clipped to [0,1]",20.299618,0.49701067,0.0,ok,,same noisy image reused for all methods
bsd68,test055,481,321,25,1892820080,Gaussian_SciPy,"scipy.ndimage.gaussian_filter(sigma_filter=1.5, reflect)",23.217149,0.63972346,3.536,ok,,Optimized replacement for Python-loop Gaussian filter.
bsd68,test055,481,321,25,1892820080,Median_SciPy,"scipy.ndimage.median_filter(size=3, reflect)",24.168803,0.63973147,16.972,ok,,Optimized replacement for Python-loop median filter.
bsd68,test055,481,321,25,1892820080,NLM_Skimage_Fast,"skimage.denoise_nl_means(fast_mode=True, h=0.8*sigma, sigma=known_sigma)",25.453722,0.67791883,351.644,ok,,Fast engineering baseline; not the original patchwise NLM runtime.
bsd68,test055,481,321,25,1892820080,NLM_IPOL_Like,skimage.denoise_nl_means(fast_mode=False) with IPOL grayscale parameter schedule,24.985364,0.68799526,4170.576,ok,,Closer to IPOL patchwise parameters; can be very slow.
bsd68,test055,481,321,25,1892820080,BM3D_TAU,"bm3d.bm3d(noisy_float01, sigma_psd=sigma/255)",26.82682,0.75721435,1398.768,ok,,Reference classical upper baseline for AWGN.
bsd68,test055,481,321,30,2909505642,Noisy,"clean + AWGN, clipped to [0,1]",18.858033,0.43682021,0.0,ok,,same noisy image reused for all methods
bsd68,test055,481,321,30,2909505642,Gaussian_SciPy,"scipy.ndimage.gaussian_filter(sigma_filter=1.5, reflect)",23.074229,0.62791684,2.395,ok,,Optimized replacement for Python-loop Gaussian filter.
bsd68,test055,481,321,30,2909505642,Median_SciPy,"scipy.ndimage.median_filter(size=3, reflect)",23.39234,0.59599684,16.376,ok,,Optimized replacement for Python-loop median filter.
bsd68,test055,481,321,30,2909505642,NLM_Skimage_Fast,"skimage.denoise_nl_means(fast_mode=True, h=0.8*sigma, sigma=known_sigma)",24.591546,0.6371064,352.466,ok,,Fast engineering baseline; not the original patchwise NLM runtime.
bsd68,test055,481,321,30,2909505642,NLM_IPOL_Like,skimage.denoise_nl_means(fast_mode=False) with IPOL grayscale parameter schedule,24.201267,0.64736914,4314.858,ok,,Closer to IPOL patchwise parameters; can be very slow.
bsd68,test055,481,321,30,2909505642,BM3D_TAU,"bm3d.bm3d(noisy_float01, sigma_psd=sigma/255)",25.995987,0.72099785,1378.446,ok,,Reference classical upper baseline for AWGN.
bsd68,test055,481,321,35,1442201353,Noisy,"clean + AWGN, clipped to [0,1]",17.651346,0.38610415,0.0,ok,,same noisy image reused for all methods
bsd68,test055,481,321,35,1442201353,Gaussian_SciPy,"scipy.ndimage.gaussian_filter(sigma_filter=1.5, reflect)",22.87614,0.61362288,3.236,ok,,Optimized replacement for Python-loop Gaussian filter.
bsd68,test055,481,321,35,1442201353,Median_SciPy,"scipy.ndimage.median_filter(size=3, reflect)",22.614329,0.55395247,16.421,ok,,Optimized replacement for Python-loop median filter.
bsd68,test055,481,321,35,1442201353,NLM_Skimage_Fast,"skimage.denoise_nl_means(fast_mode=True, h=0.8*sigma, sigma=known_sigma)",23.79157,0.59750358,355.382,ok,,Fast engineering baseline; not the original patchwise NLM runtime.
bsd68,test055,481,321,35,1442201353,NLM_IPOL_Like,skimage.denoise_nl_means(fast_mode=False) with IPOL grayscale parameter schedule,24.054706,0.6463405,17031.605,ok,,Closer to IPOL patchwise parameters; can be very slow.
bsd68,test055,481,321,35,1442201353,BM3D_TAU,"bm3d.bm3d(noisy_float01, sigma_psd=sigma/255)",25.259247,0.68837189,1380.177,ok,,Reference classical upper baseline for AWGN.
bsd68,test055,481,321,40,854717149,Noisy,"clean + AWGN, clipped to [0,1]",16.661526,0.34410968,0.0,ok,,same noisy image reused for all methods
bsd68,test055,481,321,40,854717149,Gaussian_SciPy,"scipy.ndimage.gaussian_filter(sigma_filter=1.5, reflect)",22.736996,0.59644315,2.316,ok,,Optimized replacement for Python-loop Gaussian filter.
bsd68,test055,481,321,40,854717149,Median_SciPy,"scipy.ndimage.median_filter(size=3, reflect)",21.922375,0.51576464,18.167,ok,,Optimized replacement for Python-loop median filter.
bsd68,test055,481,321,40,854717149,NLM_Skimage_Fast,"skimage.denoise_nl_means(fast_mode=True, h=0.8*sigma, sigma=known_sigma)",23.153302,0.56111019,353.139,ok,,Fast engineering baseline; not the original patchwise NLM runtime.
bsd68,test055,481,321,40,854717149,NLM_IPOL_Like,skimage.denoise_nl_means(fast_mode=False) with IPOL grayscale parameter schedule,23.66917,0.61513756,17662.57,ok,,Closer to IPOL patchwise parameters; can be very slow.
bsd68,test055,481,321,40,854717149,BM3D_TAU,"bm3d.bm3d(noisy_float01, sigma_psd=sigma/255)",24.68055,0.65370392,1395.717,ok,,Reference classical upper baseline for AWGN.
bsd68,test055,481,321,50,4004662191,Noisy,"clean + AWGN, clipped to [0,1]",14.968861,0.2794684,0.0,ok,,same noisy image reused for all methods
bsd68,test055,481,321,50,4004662191,Gaussian_SciPy,"scipy.ndimage.gaussian_filter(sigma_filter=1.5, reflect)",22.22002,0.56374139,2.941,ok,,Optimized replacement for Python-loop Gaussian filter.
bsd68,test055,481,321,50,4004662191,Median_SciPy,"scipy.ndimage.median_filter(size=3, reflect)",20.549723,0.44864092,16.174,ok,,Optimized replacement for Python-loop median filter.
bsd68,test055,481,321,50,4004662191,NLM_Skimage_Fast,"skimage.denoise_nl_means(fast_mode=True, h=0.8*sigma, sigma=known_sigma)",21.960899,0.50319403,507.599,ok,,Fast engineering baseline; not the original patchwise NLM runtime.
bsd68,test055,481,321,50,4004662191,NLM_IPOL_Like,skimage.denoise_nl_means(fast_mode=False) with IPOL grayscale parameter schedule,22.940663,0.56670488,27735.906,ok,,Closer to IPOL patchwise parameters; can be very slow.
bsd68,test055,481,321,50,4004662191,BM3D_TAU,"bm3d.bm3d(noisy_float01, sigma_psd=sigma/255)",23.653185,0.60541209,1383.259,ok,,Reference classical upper baseline for AWGN.
bsd68,test055,481,321,75,2606265982,Noisy,"clean + AWGN, clipped to [0,1]",12.13647,0.17677265,0.0,ok,,same noisy image reused for all methods
bsd68,test055,481,321,75,2606265982,Gaussian_SciPy,"scipy.ndimage.gaussian_filter(sigma_filter=1.5, reflect)",20.708725,0.47769158,2.015,ok,,Optimized replacement for Python-loop Gaussian filter.
bsd68,test055,481,321,75,2606265982,Median_SciPy,"scipy.ndimage.median_filter(size=3, reflect)",17.888535,0.32579922,16.488,ok,,Optimized replacement for Python-loop median filter.
bsd68,test055,481,321,75,2606265982,NLM_Skimage_Fast,"skimage.denoise_nl_means(fast_mode=True, h=0.8*sigma, sigma=known_sigma)",19.305249,0.38049491,348.059,ok,,Fast engineering baseline; not the original patchwise NLM runtime.
bsd68,test055,481,321,75,2606265982,NLM_IPOL_Like,skimage.denoise_nl_means(fast_mode=False) with IPOL grayscale parameter schedule,20.158761,0.428757,31023.114,ok,,Closer to IPOL patchwise parameters; can be very slow.
bsd68,test055,481,321,75,2606265982,BM3D_TAU,"bm3d.bm3d(noisy_float01, sigma_psd=sigma/255)",21.506242,0.50074367,1403.857,ok,,Reference classical upper baseline for AWGN.
bsd68,test056,321,481,5,1596475421,Noisy,"clean + AWGN, clipped to [0,1]",34.205026,0.97612203,0.0,ok,,same noisy image reused for all methods
bsd68,test056,321,481,5,1596475421,Gaussian_SciPy,"scipy.ndimage.gaussian_filter(sigma_filter=1.5, reflect)",20.348829,0.4629233,2.309,ok,,Optimized replacement for Python-loop Gaussian filter.
bsd68,test056,321,481,5,1596475421,Median_SciPy,"scipy.ndimage.median_filter(size=3, reflect)",21.629423,0.63367249,14.741,ok,,Optimized replacement for Python-loop median filter.
bsd68,test056,321,481,5,1596475421,NLM_Skimage_Fast,"skimage.denoise_nl_means(fast_mode=True, h=0.8*sigma, sigma=known_sigma)",34.388032,0.97989081,217.837,ok,,Fast engineering baseline; not the original patchwise NLM runtime.
bsd68,test056,321,481,5,1596475421,NLM_IPOL_Like,skimage.denoise_nl_means(fast_mode=False) with IPOL grayscale parameter schedule,,,2063.193,ok,,Closer to IPOL patchwise parameters; can be very slow.
bsd68,test056,321,481,5,1596475421,BM3D_TAU,"bm3d.bm3d(noisy_float01, sigma_psd=sigma/255)",34.646538,0.98153251,1292.224,ok,,Reference classical upper baseline for AWGN.
bsd68,test056,321,481,10,2139255082,Noisy,"clean + AWGN, clipped to [0,1]",28.163942,0.91754612,0.0,ok,,same noisy image reused for all methods
bsd68,test056,321,481,10,2139255082,Gaussian_SciPy,"scipy.ndimage.gaussian_filter(sigma_filter=1.5, reflect)",20.322678,0.46051362,2.572,ok,,Optimized replacement for Python-loop Gaussian filter.
bsd68,test056,321,481,10,2139255082,Median_SciPy,"scipy.ndimage.median_filter(size=3, reflect)",21.482928,0.61861815,14.859,ok,,Optimized replacement for Python-loop median filter.
bsd68,test056,321,481,10,2139255082,NLM_Skimage_Fast,"skimage.denoise_nl_means(fast_mode=True, h=0.8*sigma, sigma=known_sigma)",28.677906,0.92370608,275.258,ok,,Fast engineering baseline; not the original patchwise NLM runtime.
bsd68,test056,321,481,10,2139255082,NLM_IPOL_Like,skimage.denoise_nl_means(fast_mode=False) with IPOL grayscale parameter schedule,28.634215,0.92831302,2440.363,ok,,Closer to IPOL patchwise parameters; can be very slow.
bsd68,test056,321,481,10,2139255082,BM3D_TAU,"bm3d.bm3d(noisy_float01, sigma_psd=sigma/255)",29.350037,0.94114865,1356.232,ok,,Reference classical upper baseline for AWGN.
bsd68,test056,321,481,15,2173661588,Noisy,"clean + AWGN, clipped to [0,1]",24.704628,0.84472484,0.0,ok,,same noisy image reused for all methods
bsd68,test056,321,481,15,2173661588,Gaussian_SciPy,"scipy.ndimage.gaussian_filter(sigma_filter=1.5, reflect)",20.284175,0.45785925,2.812,ok,,Optimized replacement for Python-loop Gaussian filter.
bsd68,test056,321,481,15,2173661588,Median_SciPy,"scipy.ndimage.median_filter(size=3, reflect)",21.274565,0.60141532,17.695,ok,,Optimized replacement for Python-loop median filter.
bsd68,test056,321,481,15,2173661588,NLM_Skimage_Fast,"skimage.denoise_nl_means(fast_mode=True, h=0.8*sigma, sigma=known_sigma)",25.416886,0.81677851,339.924,ok,,Fast engineering baseline; not the original patchwise NLM runtime.
bsd68,test056,321,481,15,2173661588,NLM_IPOL_Like,skimage.denoise_nl_means(fast_mode=False) with IPOL grayscale parameter schedule,25.730001,0.86906451,2629.247,ok,,Closer to IPOL patchwise parameters; can be very slow.
bsd68,test056,321,481,15,2173661588,BM3D_TAU,"bm3d.bm3d(noisy_float01, sigma_psd=sigma/255)",26.637986,0.88566935,1323.87,ok,,Reference classical upper baseline for AWGN.
bsd68,test056,321,481,20,4200700081,Noisy,"clean + AWGN, clipped to [0,1]",22.203081,0.76518914,0.0,ok,,same noisy image reused for all methods
bsd68,test056,321,481,20,4200700081,Gaussian_SciPy,"scipy.ndimage.gaussian_filter(sigma_filter=1.5, reflect)",20.229659,0.45381164,2.566,ok,,Optimized replacement for Python-loop Gaussian filter.
bsd68,test056,321,481,20,4200700081,Median_SciPy,"scipy.ndimage.median_filter(size=3, reflect)",20.955825,0.57812319,15.55,ok,,Optimized replacement for Python-loop median filter.
bsd68,test056,321,481,20,4200700081,NLM_Skimage_Fast,"skimage.denoise_nl_means(fast_mode=True, h=0.8*sigma, sigma=known_sigma)",23.419416,0.70868302,371.614,ok,,Fast engineering baseline; not the original patchwise NLM runtime.
bsd68,test056,321,481,20,4200700081,NLM_IPOL_Like,skimage.denoise_nl_means(fast_mode=False) with IPOL grayscale parameter schedule,23.694538,0.81345415,3715.46,ok,,Closer to IPOL patchwise parameters; can be very slow.
bsd68,test056,321,481,20,4200700081,BM3D_TAU,"bm3d.bm3d(noisy_float01, sigma_psd=sigma/255)",24.754865,0.81299974,1815.78,ok,,Reference classical upper baseline for AWGN.
bsd68,test056,321,481,25,520377180,Noisy,"clean + AWGN, clipped to [0,1]",20.287586,0.6872045,0.0,ok,,same noisy image reused for all methods
bsd68,test056,321,481,25,520377180,Gaussian_SciPy,"scipy.ndimage.gaussian_filter(sigma_filter=1.5, reflect)",20.167847,0.44842107,3.235,ok,,Optimized replacement for Python-loop Gaussian filter.
bsd68,test056,321,481,25,520377180,Median_SciPy,"scipy.ndimage.median_filter(size=3, reflect)",20.626475,0.55361911,15.86,ok,,Optimized replacement for Python-loop median filter.
bsd68,test056,321,481,25,520377180,NLM_Skimage_Fast,"skimage.denoise_nl_means(fast_mode=True, h=0.8*sigma, sigma=known_sigma)",22.166682,0.62039509,374.628,ok,,Fast engineering baseline; not the original patchwise NLM runtime.
bsd68,test056,321,481,25,520377180,NLM_IPOL_Like,skimage.denoise_nl_means(fast_mode=False) with IPOL grayscale parameter schedule,22.60063,0.75952009,3905.771,ok,,Closer to IPOL patchwise parameters; can be very slow.
bsd68,test056,321,481,25,520377180,BM3D_TAU,"bm3d.bm3d(noisy_float01, sigma_psd=sigma/255)",23.411581,0.73460359,1485.116,ok,,Reference classical upper baseline for AWGN.
bsd68,test056,321,481,30,1675952652,Noisy,"clean + AWGN, clipped to [0,1]",18.790161,0.61756936,0.0,ok,,same noisy image reused for all methods
bsd68,test056,321,481,30,1675952652,Gaussian_SciPy,"scipy.ndimage.gaussian_filter(sigma_filter=1.5, reflect)",20.075886,0.44114063,1.974,ok,,Optimized replacement for Python-loop Gaussian filter.
bsd68,test056,321,481,30,1675952652,Median_SciPy,"scipy.ndimage.median_filter(size=3, reflect)",20.274961,0.52896395,17.266,ok,,Optimized replacement for Python-loop median filter.
bsd68,test056,321,481,30,1675952652,NLM_Skimage_Fast,"skimage.denoise_nl_means(fast_mode=True, h=0.8*sigma, sigma=known_sigma)",21.315253,0.54804521,371.509,ok,,Fast engineering baseline; not the original patchwise NLM runtime.
bsd68,test056,321,481,30,1675952652,NLM_IPOL_Like,skimage.denoise_nl_means(fast_mode=False) with IPOL grayscale parameter schedule,21.854194,0.71173222,4128.729,ok,,Closer to IPOL patchwise parameters; can be very slow.
bsd68,test056,321,481,30,1675952652,BM3D_TAU,"bm3d.bm3d(noisy_float01, sigma_psd=sigma/255)",22.383354,0.65705845,1359.962,ok,,Reference classical upper baseline for AWGN.
bsd68,test056,321,481,35,1966295741,Noisy,"clean + AWGN, clipped to [0,1]",17.514312,0.55486951,0.0,ok,,same noisy image reused for all methods
bsd68,test056,321,481,35,1966295741,Gaussian_SciPy,"scipy.ndimage.gaussian_filter(sigma_filter=1.5, reflect)",19.994033,0.43483081,1.93,ok,,Optimized replacement for Python-loop Gaussian filter.
bsd68,test056,321,481,35,1966295741,Median_SciPy,"scipy.ndimage.median_filter(size=3, reflect)",19.887219,0.50420529,16.373,ok,,Optimized replacement for Python-loop median filter.
bsd68,test056,321,481,35,1966295741,NLM_Skimage_Fast,"skimage.denoise_nl_means(fast_mode=True, h=0.8*sigma, sigma=known_sigma)",20.698319,0.49207706,363.206,ok,,Fast engineering baseline; not the original patchwise NLM runtime.
bsd68,test056,321,481,35,1966295741,NLM_IPOL_Like,skimage.denoise_nl_means(fast_mode=False) with IPOL grayscale parameter schedule,21.29377,0.66837461,15775.038,ok,,Closer to IPOL patchwise parameters; can be very slow.
bsd68,test056,321,481,35,1966295741,BM3D_TAU,"bm3d.bm3d(noisy_float01, sigma_psd=sigma/255)",21.610698,0.58756484,1424.192,ok,,Reference classical upper baseline for AWGN.
bsd68,test056,321,481,40,1987397033,Noisy,"clean + AWGN, clipped to [0,1]",16.417162,0.49687152,0.0,ok,,same noisy image reused for all methods
bsd68,test056,321,481,40,1987397033,Gaussian_SciPy,"scipy.ndimage.gaussian_filter(sigma_filter=1.5, reflect)",19.885384,0.42589656,2.316,ok,,Optimized replacement for Python-loop Gaussian filter.
bsd68,test056,321,481,40,1987397033,Median_SciPy,"scipy.ndimage.median_filter(size=3, reflect)",19.464876,0.47875806,16.941,ok,,Optimized replacement for Python-loop median filter.
bsd68,test056,321,481,40,1987397033,NLM_Skimage_Fast,"skimage.denoise_nl_means(fast_mode=True, h=0.8*sigma, sigma=known_sigma)",20.227278,0.44398048,365.493,ok,,Fast engineering baseline; not the original patchwise NLM runtime.
bsd68,test056,321,481,40,1987397033,NLM_IPOL_Like,skimage.denoise_nl_means(fast_mode=False) with IPOL grayscale parameter schedule,20.92045,0.62462781,16861.511,ok,,Closer to IPOL patchwise parameters; can be very slow.
bsd68,test056,321,481,40,1987397033,BM3D_TAU,"bm3d.bm3d(noisy_float01, sigma_psd=sigma/255)",21.040128,0.52998049,1434.805,ok,,Reference classical upper baseline for AWGN.
bsd68,test056,321,481,50,3284004680,Noisy,"clean + AWGN, clipped to [0,1]",14.640919,0.40263408,0.0,ok,,same noisy image reused for all methods
bsd68,test056,321,481,50,3284004680,Gaussian_SciPy,"scipy.ndimage.gaussian_filter(sigma_filter=1.5, reflect)",19.627596,0.40891833,2.957,ok,,Optimized replacement for Python-loop Gaussian filter.
bsd68,test056,321,481,50,3284004680,Median_SciPy,"scipy.ndimage.median_filter(size=3, reflect)",18.623269,0.43128277,17.243,ok,,Optimized replacement for Python-loop median filter.
bsd68,test056,321,481,50,3284004680,NLM_Skimage_Fast,"skimage.denoise_nl_means(fast_mode=True, h=0.8*sigma, sigma=known_sigma)",19.442954,0.36644041,356.016,ok,,Fast engineering baseline; not the original patchwise NLM runtime.
bsd68,test056,321,481,50,3284004680,NLM_IPOL_Like,skimage.denoise_nl_means(fast_mode=False) with IPOL grayscale parameter schedule,20.2642,0.52942229,26918.614,ok,,Closer to IPOL patchwise parameters; can be very slow.
bsd68,test056,321,481,50,3284004680,BM3D_TAU,"bm3d.bm3d(noisy_float01, sigma_psd=sigma/255)",20.196907,0.44174887,1407.064,ok,,Reference classical upper baseline for AWGN.
bsd68,test056,321,481,75,2917171726,Noisy,"clean + AWGN, clipped to [0,1]",11.841305,0.25880356,0.0,ok,,same noisy image reused for all methods
bsd68,test056,321,481,75,2917171726,Gaussian_SciPy,"scipy.ndimage.gaussian_filter(sigma_filter=1.5, reflect)",18.939151,0.36179157,2.57,ok,,Optimized replacement for Python-loop Gaussian filter.
bsd68,test056,321,481,75,2917171726,Median_SciPy,"scipy.ndimage.median_filter(size=3, reflect)",16.688268,0.33314326,16.777,ok,,Optimized replacement for Python-loop median filter.
bsd68,test056,321,481,75,2917171726,NLM_Skimage_Fast,"skimage.denoise_nl_means(fast_mode=True, h=0.8*sigma, sigma=known_sigma)",17.984479,0.21630233,349.406,ok,,Fast engineering baseline; not the original patchwise NLM runtime.
bsd68,test056,321,481,75,2917171726,NLM_IPOL_Like,skimage.denoise_nl_means(fast_mode=False) with IPOL grayscale parameter schedule,18.449947,0.30142768,31522.703,ok,,Closer to IPOL patchwise parameters; can be very slow.
bsd68,test056,321,481,75,2917171726,BM3D_TAU,"bm3d.bm3d(noisy_float01, sigma_psd=sigma/255)",18.990085,0.30023608,1462.244,ok,,Reference classical upper baseline for AWGN.
bsd68,test057,321,481,5,3872281525,Noisy,"clean + AWGN, clipped to [0,1]",34.115784,0.86011162,0.0,ok,,same noisy image reused for all methods
bsd68,test057,321,481,5,3872281525,Gaussian_SciPy,"scipy.ndimage.gaussian_filter(sigma_filter=1.5, reflect)",26.321756,0.72588767,2.171,ok,,Optimized replacement for Python-loop Gaussian filter.
bsd68,test057,321,481,5,3872281525,Median_SciPy,"scipy.ndimage.median_filter(size=3, reflect)",28.088288,0.80719778,15.712,ok,,Optimized replacement for Python-loop median filter.
bsd68,test057,321,481,5,3872281525,NLM_Skimage_Fast,"skimage.denoise_nl_means(fast_mode=True, h=0.8*sigma, sigma=known_sigma)",36.703586,0.97027642,296.449,ok,,Fast engineering baseline; not the original patchwise NLM runtime.
bsd68,test057,321,481,5,3872281525,NLM_IPOL_Like,skimage.denoise_nl_means(fast_mode=False) with IPOL grayscale parameter schedule,35.71177,0.92548626,2484.186,ok,,Closer to IPOL patchwise parameters; can be very slow.
bsd68,test057,321,481,5,3872281525,BM3D_TAU,"bm3d.bm3d(noisy_float01, sigma_psd=sigma/255)",37.213014,0.97395359,1398.981,ok,,Reference classical upper baseline for AWGN.
bsd68,test057,321,481,10,2179509026,Noisy,"clean + AWGN, clipped to [0,1]",28.132193,0.67080565,0.0,ok,,same noisy image reused for all methods
bsd68,test057,321,481,10,2179509026,Gaussian_SciPy,"scipy.ndimage.gaussian_filter(sigma_filter=1.5, reflect)",26.241939,0.71245569,2.066,ok,,Optimized replacement for Python-loop Gaussian filter.
bsd68,test057,321,481,10,2179509026,Median_SciPy,"scipy.ndimage.median_filter(size=3, reflect)",27.4759,0.73641881,16.624,ok,,Optimized replacement for Python-loop median filter.
bsd68,test057,321,481,10,2179509026,NLM_Skimage_Fast,"skimage.denoise_nl_means(fast_mode=True, h=0.8*sigma, sigma=known_sigma)",31.463035,0.90050863,348.974,ok,,Fast engineering baseline; not the original patchwise NLM runtime.
bsd68,test057,321,481,10,2179509026,NLM_IPOL_Like,skimage.denoise_nl_means(fast_mode=False) with IPOL grayscale parameter schedule,30.575178,0.80160226,2700.957,ok,,Closer to IPOL patchwise parameters; can be very slow.
bsd68,test057,321,481,10,2179509026,BM3D_TAU,"bm3d.bm3d(noisy_float01, sigma_psd=sigma/255)",32.581463,0.92904122,1466.451,ok,,Reference classical upper baseline for AWGN.
bsd68,test057,321,481,15,2126856480,Noisy,"clean + AWGN, clipped to [0,1]",24.634813,0.53581293,0.0,ok,,same noisy image reused for all methods
bsd68,test057,321,481,15,2126856480,Gaussian_SciPy,"scipy.ndimage.gaussian_filter(sigma_filter=1.5, reflect)",26.126845,0.69396874,3.027,ok,,Optimized replacement for Python-loop Gaussian filter.
bsd68,test057,321,481,15,2126856480,Median_SciPy,"scipy.ndimage.median_filter(size=3, reflect)",26.693568,0.65874262,16.281,ok,,Optimized replacement for Python-loop median filter.
bsd68,test057,321,481,15,2126856480,NLM_Skimage_Fast,"skimage.denoise_nl_means(fast_mode=True, h=0.8*sigma, sigma=known_sigma)",28.975193,0.82872306,367.721,ok,,Fast engineering baseline; not the original patchwise NLM runtime.
bsd68,test057,321,481,15,2126856480,NLM_IPOL_Like,skimage.denoise_nl_means(fast_mode=False) with IPOL grayscale parameter schedule,27.61699,0.67859697,2803.351,ok,,Closer to IPOL patchwise parameters; can be very slow.
bsd68,test057,321,481,15,2126856480,BM3D_TAU,"bm3d.bm3d(noisy_float01, sigma_psd=sigma/255)",30.188834,0.87702793,1450.624,ok,,Reference classical upper baseline for AWGN.
bsd68,test057,321,481,20,1699125187,Noisy,"clean + AWGN, clipped to [0,1]",22.179554,0.43750397,0.0,ok,,same noisy image reused for all methods
bsd68,test057,321,481,20,1699125187,Gaussian_SciPy,"scipy.ndimage.gaussian_filter(sigma_filter=1.5, reflect)",25.945405,0.66946684,2.544,ok,,Optimized replacement for Python-loop Gaussian filter.
bsd68,test057,321,481,20,1699125187,Median_SciPy,"scipy.ndimage.median_filter(size=3, reflect)",25.809246,0.58471448,15.67,ok,,Optimized replacement for Python-loop median filter.
bsd68,test057,321,481,20,1699125187,NLM_Skimage_Fast,"skimage.denoise_nl_means(fast_mode=True, h=0.8*sigma, sigma=known_sigma)",27.53842,0.76909919,367.849,ok,,Fast engineering baseline; not the original patchwise NLM runtime.
bsd68,test057,321,481,20,1699125187,NLM_IPOL_Like,skimage.denoise_nl_means(fast_mode=False) with IPOL grayscale parameter schedule,27.142153,0.69518943,4374.511,ok,,Closer to IPOL patchwise parameters; can be very slow.
bsd68,test057,321,481,20,1699125187,BM3D_TAU,"bm3d.bm3d(noisy_float01, sigma_psd=sigma/255)",28.63818,0.82405856,1435.294,ok,,Reference classical upper baseline for AWGN.
bsd68,test057,321,481,25,1082041473,Noisy,"clean + AWGN, clipped to [0,1]",20.304808,0.36310602,0.0,ok,,same noisy image reused for all methods
bsd68,test057,321,481,25,1082041473,Gaussian_SciPy,"scipy.ndimage.gaussian_filter(sigma_filter=1.5, reflect)",25.752278,0.64257537,3.192,ok,,Optimized replacement for Python-loop Gaussian filter.
bsd68,test057,321,481,25,1082041473,Median_SciPy,"scipy.ndimage.median_filter(size=3, reflect)",24.915326,0.51836294,17.966,ok,,Optimized replacement for Python-loop median filter.
bsd68,test057,321,481,25,1082041473,NLM_Skimage_Fast,"skimage.denoise_nl_means(fast_mode=True, h=0.8*sigma, sigma=known_sigma)",26.612272,0.72244161,365.257,ok,,Fast engineering baseline; not the original patchwise NLM runtime.
bsd68,test057,321,481,25,1082041473,NLM_IPOL_Like,skimage.denoise_nl_means(fast_mode=False) with IPOL grayscale parameter schedule,26.025594,0.62679162,4450.266,ok,,Closer to IPOL patchwise parameters; can be very slow.
bsd68,test057,321,481,25,1082041473,BM3D_TAU,"bm3d.bm3d(noisy_float01, sigma_psd=sigma/255)",27.618543,0.77965552,1507.321,ok,,Reference classical upper baseline for AWGN.
bsd68,test057,321,481,30,1992376147,Noisy,"clean + AWGN, clipped to [0,1]",18.8027,0.30546072,0.0,ok,,same noisy image reused for all methods
bsd68,test057,321,481,30,1992376147,Gaussian_SciPy,"scipy.ndimage.gaussian_filter(sigma_filter=1.5, reflect)",25.511024,0.6172098,3.115,ok,,Optimized replacement for Python-loop Gaussian filter.
bsd68,test057,321,481,30,1992376147,Median_SciPy,"scipy.ndimage.median_filter(size=3, reflect)",24.043372,0.46039447,17.426,ok,,Optimized replacement for Python-loop median filter.
bsd68,test057,321,481,30,1992376147,NLM_Skimage_Fast,"skimage.denoise_nl_means(fast_mode=True, h=0.8*sigma, sigma=known_sigma)",25.871106,0.68211978,358.135,ok,,Fast engineering baseline; not the original patchwise NLM runtime.
bsd68,test057,321,481,30,1992376147,NLM_IPOL_Like,skimage.denoise_nl_means(fast_mode=False) with IPOL grayscale parameter schedule,25.126644,0.56829253,4587.649,ok,,Closer to IPOL patchwise parameters; can be very slow.
bsd68,test057,321,481,30,1992376147,BM3D_TAU,"bm3d.bm3d(noisy_float01, sigma_psd=sigma/255)",26.880981,0.7416716,1386.815,ok,,Reference classical upper baseline for AWGN.
bsd68,test057,321,481,35,1344206751,Noisy,"clean + AWGN, clipped to [0,1]",17.533744,0.25896639,0.0,ok,,same noisy image reused for all methods
bsd68,test057,321,481,35,1344206751,Gaussian_SciPy,"scipy.ndimage.gaussian_filter(sigma_filter=1.5, reflect)",25.242442,0.58677694,2.753,ok,,Optimized replacement for Python-loop Gaussian filter.
bsd68,test057,321,481,35,1344206751,Median_SciPy,"scipy.ndimage.median_filter(size=3, reflect)",23.197063,0.41255745,16.704,ok,,Optimized replacement for Python-loop median filter.
bsd68,test057,321,481,35,1344206751,NLM_Skimage_Fast,"skimage.denoise_nl_means(fast_mode=True, h=0.8*sigma, sigma=known_sigma)",25.258228,0.64363067,360.827,ok,,Fast engineering baseline; not the original patchwise NLM runtime.
bsd68,test057,321,481,35,1344206751,NLM_IPOL_Like,skimage.denoise_nl_means(fast_mode=False) with IPOL grayscale parameter schedule,25.255794,0.59584946,18962.459,ok,,Closer to IPOL patchwise parameters; can be very slow.
bsd68,test057,321,481,35,1344206751,BM3D_TAU,"bm3d.bm3d(noisy_float01, sigma_psd=sigma/255)",26.367781,0.71280473,1387.665,ok,,Reference classical upper baseline for AWGN.
bsd68,test057,321,481,40,1958791817,Noisy,"clean + AWGN, clipped to [0,1]",16.480468,0.2229554,0.0,ok,,same noisy image reused for all methods
bsd68,test057,321,481,40,1958791817,Gaussian_SciPy,"scipy.ndimage.gaussian_filter(sigma_filter=1.5, reflect)",24.945145,0.56107444,2.281,ok,,Optimized replacement for Python-loop Gaussian filter.
bsd68,test057,321,481,40,1958791817,Median_SciPy,"scipy.ndimage.median_filter(size=3, reflect)",22.350797,0.37222938,15.943,ok,,Optimized replacement for Python-loop median filter.
bsd68,test057,321,481,40,1958791817,NLM_Skimage_Fast,"skimage.denoise_nl_means(fast_mode=True, h=0.8*sigma, sigma=known_sigma)",24.809569,0.61712229,364.582,ok,,Fast engineering baseline; not the original patchwise NLM runtime.
bsd68,test057,321,481,40,1958791817,NLM_IPOL_Like,skimage.denoise_nl_means(fast_mode=False) with IPOL grayscale parameter schedule,24.739115,0.56582812,19345.275,ok,,Closer to IPOL patchwise parameters; can be very slow.
bsd68,test057,321,481,40,1958791817,BM3D_TAU,"bm3d.bm3d(noisy_float01, sigma_psd=sigma/255)",25.893576,0.68680631,1510.409,ok,,Reference classical upper baseline for AWGN.
bsd68,test057,321,481,50,1988407374,Noisy,"clean + AWGN, clipped to [0,1]",14.768194,0.16903474,0.0,ok,,same noisy image reused for all methods
bsd68,test057,321,481,50,1988407374,Gaussian_SciPy,"scipy.ndimage.gaussian_filter(sigma_filter=1.5, reflect)",24.284499,0.50940305,2.039,ok,,Optimized replacement for Python-loop Gaussian filter.
bsd68,test057,321,481,50,1988407374,Median_SciPy,"scipy.ndimage.median_filter(size=3, reflect)",20.946977,0.30707459,16.872,ok,,Optimized replacement for Python-loop median filter.
bsd68,test057,321,481,50,1988407374,NLM_Skimage_Fast,"skimage.denoise_nl_means(fast_mode=True, h=0.8*sigma, sigma=known_sigma)",23.949297,0.56720785,352.81,ok,,Fast engineering baseline; not the original patchwise NLM runtime.
bsd68,test057,321,481,50,1988407374,NLM_IPOL_Like,skimage.denoise_nl_means(fast_mode=False) with IPOL grayscale parameter schedule,24.244059,0.55412964,30643.203,ok,,Closer to IPOL patchwise parameters; can be very slow.
bsd68,test057,321,481,50,1988407374,BM3D_TAU,"bm3d.bm3d(noisy_float01, sigma_psd=sigma/255)",25.168498,0.64578417,1488.777,ok,,Reference classical upper baseline for AWGN.
bsd68,test057,321,481,75,3628076766,Noisy,"clean + AWGN, clipped to [0,1]",11.938591,0.0987947,0.0,ok,,same noisy image reused for all methods
bsd68,test057,321,481,75,3628076766,Gaussian_SciPy,"scipy.ndimage.gaussian_filter(sigma_filter=1.5, reflect)",22.376695,0.40776936,1.976,ok,,Optimized replacement for Python-loop Gaussian filter.
bsd68,test057,321,481,75,3628076766,Median_SciPy,"scipy.ndimage.median_filter(size=3, reflect)",18.060227,0.20310873,16.743,ok,,Optimized replacement for Python-loop median filter.
bsd68,test057,321,481,75,3628076766,NLM_Skimage_Fast,"skimage.denoise_nl_means(fast_mode=True, h=0.8*sigma, sigma=known_sigma)",22.313258,0.50834921,351.783,ok,,Fast engineering baseline; not the original patchwise NLM runtime.
bsd68,test057,321,481,75,3628076766,NLM_IPOL_Like,skimage.denoise_nl_means(fast_mode=False) with IPOL grayscale parameter schedule,22.107361,0.50668798,32218.39,ok,,Closer to IPOL patchwise parameters; can be very slow.
bsd68,test057,321,481,75,3628076766,BM3D_TAU,"bm3d.bm3d(noisy_float01, sigma_psd=sigma/255)",23.442597,0.57265965,1468.058,ok,,Reference classical upper baseline for AWGN.
bsd68,test058,321,481,5,2299056500,Noisy,"clean + AWGN, clipped to [0,1]",34.151127,0.83708731,0.0,ok,,same noisy image reused for all methods
bsd68,test058,321,481,5,2299056500,Gaussian_SciPy,"scipy.ndimage.gaussian_filter(sigma_filter=1.5, reflect)",30.94617,0.79067223,3.103,ok,,Optimized replacement for Python-loop Gaussian filter.
bsd68,test058,321,481,5,2299056500,Median_SciPy,"scipy.ndimage.median_filter(size=3, reflect)",32.267804,0.83441207,16.608,ok,,Optimized replacement for Python-loop median filter.
bsd68,test058,321,481,5,2299056500,NLM_Skimage_Fast,"skimage.denoise_nl_means(fast_mode=True, h=0.8*sigma, sigma=known_sigma)",36.711356,0.92189935,319.961,ok,,Fast engineering baseline; not the original patchwise NLM runtime.
bsd68,test058,321,481,5,2299056500,NLM_IPOL_Like,skimage.denoise_nl_means(fast_mode=False) with IPOL grayscale parameter schedule,35.981518,0.89898923,2615.517,ok,,Closer to IPOL patchwise parameters; can be very slow.
bsd68,test058,321,481,5,2299056500,BM3D_TAU,"bm3d.bm3d(noisy_float01, sigma_psd=sigma/255)",37.636884,0.93696587,1363.527,ok,,Reference classical upper baseline for AWGN.
bsd68,test058,321,481,10,172306063,Noisy,"clean + AWGN, clipped to [0,1]",28.120596,0.59764882,0.0,ok,,same noisy image reused for all methods
bsd68,test058,321,481,10,172306063,Gaussian_SciPy,"scipy.ndimage.gaussian_filter(sigma_filter=1.5, reflect)",30.717144,0.77563181,2.253,ok,,Optimized replacement for Python-loop Gaussian filter.
bsd68,test058,321,481,10,172306063,Median_SciPy,"scipy.ndimage.median_filter(size=3, reflect)",30.908625,0.75465465,15.915,ok,,Optimized replacement for Python-loop median filter.
bsd68,test058,321,481,10,172306063,NLM_Skimage_Fast,"skimage.denoise_nl_means(fast_mode=True, h=0.8*sigma, sigma=known_sigma)",32.869491,0.84154561,369.002,ok,,Fast engineering baseline; not the original patchwise NLM runtime.
bsd68,test058,321,481,10,172306063,NLM_IPOL_Like,skimage.denoise_nl_means(fast_mode=False) with IPOL grayscale parameter schedule,31.113945,0.7446251,2788.937,ok,,Closer to IPOL patchwise parameters; can be very slow.
bsd68,test058,321,481,10,172306063,BM3D_TAU,"bm3d.bm3d(noisy_float01, sigma_psd=sigma/255)",34.011968,0.87742102,1410.497,ok,,Reference classical upper baseline for AWGN.
bsd68,test058,321,481,15,1028714460,Noisy,"clean + AWGN, clipped to [0,1]",24.58522,0.42759426,0.0,ok,,same noisy image reused for all methods
bsd68,test058,321,481,15,1028714460,Gaussian_SciPy,"scipy.ndimage.gaussian_filter(sigma_filter=1.5, reflect)",30.393372,0.75378796,2.866,ok,,Optimized replacement for Python-loop Gaussian filter.
bsd68,test058,321,481,15,1028714460,Median_SciPy,"scipy.ndimage.median_filter(size=3, reflect)",29.441733,0.66319583,17.082,ok,,Optimized replacement for Python-loop median filter.
bsd68,test058,321,481,15,1028714460,NLM_Skimage_Fast,"skimage.denoise_nl_means(fast_mode=True, h=0.8*sigma, sigma=known_sigma)",31.206591,0.78876148,524.649,ok,,Fast engineering baseline; not the original patchwise NLM runtime.
bsd68,test058,321,481,15,1028714460,NLM_IPOL_Like,skimage.denoise_nl_means(fast_mode=False) with IPOL grayscale parameter schedule,28.193384,0.59874712,2837.356,ok,,Closer to IPOL patchwise parameters; can be very slow.
bsd68,test058,321,481,15,1028714460,BM3D_TAU,"bm3d.bm3d(noisy_float01, sigma_psd=sigma/255)",32.320092,0.83178436,1416.559,ok,,Reference classical upper baseline for AWGN.
bsd68,test058,321,481,20,1959593978,Noisy,"clean + AWGN, clipped to [0,1]",22.082489,0.31676239,0.0,ok,,same noisy image reused for all methods
bsd68,test058,321,481,20,1959593978,Gaussian_SciPy,"scipy.ndimage.gaussian_filter(sigma_filter=1.5, reflect)",29.949089,0.72480733,3.989,ok,,Optimized replacement for Python-loop Gaussian filter.
bsd68,test058,321,481,20,1959593978,Median_SciPy,"scipy.ndimage.median_filter(size=3, reflect)",27.903173,0.56962668,16.579,ok,,Optimized replacement for Python-loop median filter.
bsd68,test058,321,481,20,1959593978,NLM_Skimage_Fast,"skimage.denoise_nl_means(fast_mode=True, h=0.8*sigma, sigma=known_sigma)",30.25755,0.75168851,355.557,ok,,Fast engineering baseline; not the original patchwise NLM runtime.
bsd68,test058,321,481,20,1959593978,NLM_IPOL_Like,skimage.denoise_nl_means(fast_mode=False) with IPOL grayscale parameter schedule,28.517837,0.62298744,4533.918,ok,,Closer to IPOL patchwise parameters; can be very slow.
bsd68,test058,321,481,20,1959593978,BM3D_TAU,"bm3d.bm3d(noisy_float01, sigma_psd=sigma/255)",31.275261,0.79685263,1474.911,ok,,Reference classical upper baseline for AWGN.
bsd68,test058,321,481,25,743771010,Noisy,"clean + AWGN, clipped to [0,1]",20.180081,0.2418863,0.0,ok,,same noisy image reused for all methods
bsd68,test058,321,481,25,743771010,Gaussian_SciPy,"scipy.ndimage.gaussian_filter(sigma_filter=1.5, reflect)",29.46235,0.6938532,1.464,ok,,Optimized replacement for Python-loop Gaussian filter.
bsd68,test058,321,481,25,743771010,Median_SciPy,"scipy.ndimage.median_filter(size=3, reflect)",26.579582,0.49076818,16.418,ok,,Optimized replacement for Python-loop median filter.
bsd68,test058,321,481,25,743771010,NLM_Skimage_Fast,"skimage.denoise_nl_means(fast_mode=True, h=0.8*sigma, sigma=known_sigma)",29.581818,0.72211515,369.262,ok,,Fast engineering baseline; not the original patchwise NLM runtime.
bsd68,test058,321,481,25,743771010,NLM_IPOL_Like,skimage.denoise_nl_means(fast_mode=False) with IPOL grayscale parameter schedule,27.260826,0.54503021,4610.23,ok,,Closer to IPOL patchwise parameters; can be very slow.
bsd68,test058,321,481,25,743771010,BM3D_TAU,"bm3d.bm3d(noisy_float01, sigma_psd=sigma/255)",30.587116,0.76909564,1468.452,ok,,Reference classical upper baseline for AWGN.
bsd68,test058,321,481,30,3531350999,Noisy,"clean + AWGN, clipped to [0,1]",18.565358,0.18778353,0.0,ok,,same noisy image reused for all methods
bsd68,test058,321,481,30,3531350999,Gaussian_SciPy,"scipy.ndimage.gaussian_filter(sigma_filter=1.5, reflect)",28.858244,0.65611602,1.8,ok,,Optimized replacement for Python-loop Gaussian filter.
bsd68,test058,321,481,30,3531350999,Median_SciPy,"scipy.ndimage.median_filter(size=3, reflect)",25.311614,0.4217389,17.026,ok,,Optimized replacement for Python-loop median filter.
bsd68,test058,321,481,30,3531350999,NLM_Skimage_Fast,"skimage.denoise_nl_means(fast_mode=True, h=0.8*sigma, sigma=known_sigma)",29.115718,0.69819032,355.516,ok,,Fast engineering baseline; not the original patchwise NLM runtime.
bsd68,test058,321,481,30,3531350999,NLM_IPOL_Like,skimage.denoise_nl_means(fast_mode=False) with IPOL grayscale parameter schedule,26.062282,0.47074669,4644.862,ok,,Closer to IPOL patchwise parameters; can be very slow.
bsd68,test058,321,481,30,3531350999,BM3D_TAU,"bm3d.bm3d(noisy_float01, sigma_psd=sigma/255)",30.021476,0.74742579,1383.638,ok,,Reference classical upper baseline for AWGN.
bsd68,test058,321,481,35,3589002683,Noisy,"clean + AWGN, clipped to [0,1]",17.286031,0.15076578,0.0,ok,,same noisy image reused for all methods
bsd68,test058,321,481,35,3589002683,Gaussian_SciPy,"scipy.ndimage.gaussian_filter(sigma_filter=1.5, reflect)",28.340306,0.6222655,3.171,ok,,Optimized replacement for Python-loop Gaussian filter.
bsd68,test058,321,481,35,3589002683,Median_SciPy,"scipy.ndimage.median_filter(size=3, reflect)",24.256506,0.36644505,15.178,ok,,Optimized replacement for Python-loop median filter.
bsd68,test058,321,481,35,3589002683,NLM_Skimage_Fast,"skimage.denoise_nl_means(fast_mode=True, h=0.8*sigma, sigma=known_sigma)",28.682065,0.67635348,355.727,ok,,Fast engineering baseline; not the original patchwise NLM runtime.
bsd68,test058,321,481,35,3589002683,NLM_IPOL_Like,skimage.denoise_nl_means(fast_mode=False) with IPOL grayscale parameter schedule,26.820503,0.52167332,19558.398,ok,,Closer to IPOL patchwise parameters; can be very slow.
bsd68,test058,321,481,35,3589002683,BM3D_TAU,"bm3d.bm3d(noisy_float01, sigma_psd=sigma/255)",29.665238,0.73086852,1420.996,ok,,Reference classical upper baseline for AWGN.
bsd68,test058,321,481,40,234874534,Noisy,"clean + AWGN, clipped to [0,1]",16.163887,0.12375648,0.0,ok,,same noisy image reused for all methods
bsd68,test058,321,481,40,234874534,Gaussian_SciPy,"scipy.ndimage.gaussian_filter(sigma_filter=1.5, reflect)",27.807677,0.59125256,1.774,ok,,Optimized replacement for Python-loop Gaussian filter.
bsd68,test058,321,481,40,234874534,Median_SciPy,"scipy.ndimage.median_filter(size=3, reflect)",23.283615,0.32129675,15.487,ok,,Optimized replacement for Python-loop median filter.
bsd68,test058,321,481,40,234874534,NLM_Skimage_Fast,"skimage.denoise_nl_means(fast_mode=True, h=0.8*sigma, sigma=known_sigma)",28.335622,0.65642415,348.497,ok,,Fast engineering baseline; not the original patchwise NLM runtime.
bsd68,test058,321,481,40,234874534,NLM_IPOL_Like,skimage.denoise_nl_means(fast_mode=False) with IPOL grayscale parameter schedule,26.18491,0.47514212,19732.813,ok,,Closer to IPOL patchwise parameters; can be very slow.
bsd68,test058,321,481,40,234874534,BM3D_TAU,"bm3d.bm3d(noisy_float01, sigma_psd=sigma/255)",29.311844,0.71896291,1443.571,ok,,Reference classical upper baseline for AWGN.
bsd68,test058,321,481,50,2492091018,Noisy,"clean + AWGN, clipped to [0,1]",14.353702,0.08808943,0.0,ok,,same noisy image reused for all methods
bsd68,test058,321,481,50,2492091018,Gaussian_SciPy,"scipy.ndimage.gaussian_filter(sigma_filter=1.5, reflect)",26.696785,0.5250271,1.623,ok,,Optimized replacement for Python-loop Gaussian filter.
bsd68,test058,321,481,50,2492091018,Median_SciPy,"scipy.ndimage.median_filter(size=3, reflect)",21.477983,0.245489,16.331,ok,,Optimized replacement for Python-loop median filter.
bsd68,test058,321,481,50,2492091018,NLM_Skimage_Fast,"skimage.denoise_nl_means(fast_mode=True, h=0.8*sigma, sigma=known_sigma)",27.775394,0.63154909,345.029,ok,,Fast engineering baseline; not the original patchwise NLM runtime.
bsd68,test058,321,481,50,2492091018,NLM_IPOL_Like,skimage.denoise_nl_means(fast_mode=False) with IPOL grayscale parameter schedule,26.590155,0.52519475,30656.325,ok,,Closer to IPOL patchwise parameters; can be very slow.
bsd68,test058,321,481,50,2492091018,BM3D_TAU,"bm3d.bm3d(noisy_float01, sigma_psd=sigma/255)",28.720845,0.69384937,1432.363,ok,,Reference classical upper baseline for AWGN.
bsd68,test058,321,481,75,3900820259,Noisy,"clean + AWGN, clipped to [0,1]",11.517683,0.04555634,0.0,ok,,same noisy image reused for all methods
bsd68,test058,321,481,75,3900820259,Gaussian_SciPy,"scipy.ndimage.gaussian_filter(sigma_filter=1.5, reflect)",24.546757,0.4082101,2.443,ok,,Optimized replacement for Python-loop Gaussian filter.
bsd68,test058,321,481,75,3900820259,Median_SciPy,"scipy.ndimage.median_filter(size=3, reflect)",18.248294,0.1436228,17.304,ok,,Optimized replacement for Python-loop median filter.
bsd68,test058,321,481,75,3900820259,NLM_Skimage_Fast,"skimage.denoise_nl_means(fast_mode=True, h=0.8*sigma, sigma=known_sigma)",26.623533,0.60616538,352.818,ok,,Fast engineering baseline; not the original patchwise NLM runtime.
bsd68,test058,321,481,75,3900820259,NLM_IPOL_Like,skimage.denoise_nl_means(fast_mode=False) with IPOL grayscale parameter schedule,26.014826,0.57747109,31876.282,ok,,Closer to IPOL patchwise parameters; can be very slow.
bsd68,test058,321,481,75,3900820259,BM3D_TAU,"bm3d.bm3d(noisy_float01, sigma_psd=sigma/255)",27.492228,0.6510715,1488.045,ok,,Reference classical upper baseline for AWGN.
bsd68,test059,321,481,5,2534237981,Noisy,"clean + AWGN, clipped to [0,1]",34.14342,0.85321276,0.0,ok,,same noisy image reused for all methods
bsd68,test059,321,481,5,2534237981,Gaussian_SciPy,"scipy.ndimage.gaussian_filter(sigma_filter=1.5, reflect)",28.938124,0.76034244,1.614,ok,,Optimized replacement for Python-loop Gaussian filter.
bsd68,test059,321,481,5,2534237981,Median_SciPy,"scipy.ndimage.median_filter(size=3, reflect)",31.090849,0.81760285,16.179,ok,,Optimized replacement for Python-loop median filter.
bsd68,test059,321,481,5,2534237981,NLM_Skimage_Fast,"skimage.denoise_nl_means(fast_mode=True, h=0.8*sigma, sigma=known_sigma)",36.68732,0.93205266,320.286,ok,,Fast engineering baseline; not the original patchwise NLM runtime.
bsd68,test059,321,481,5,2534237981,NLM_IPOL_Like,skimage.denoise_nl_means(fast_mode=False) with IPOL grayscale parameter schedule,,,2597.573,ok,,Closer to IPOL patchwise parameters; can be very slow.
bsd68,test059,321,481,5,2534237981,BM3D_TAU,"bm3d.bm3d(noisy_float01, sigma_psd=sigma/255)",37.636347,0.9485863,1401.529,ok,,Reference classical upper baseline for AWGN.
bsd68,test059,321,481,10,85153456,Noisy,"clean + AWGN, clipped to [0,1]",28.1001,0.63207976,0.0,ok,,same noisy image reused for all methods
bsd68,test059,321,481,10,85153456,Gaussian_SciPy,"scipy.ndimage.gaussian_filter(sigma_filter=1.5, reflect)",28.801635,0.74806212,2.555,ok,,Optimized replacement for Python-loop Gaussian filter.
bsd68,test059,321,481,10,85153456,Median_SciPy,"scipy.ndimage.median_filter(size=3, reflect)",29.991048,0.74585936,15.893,ok,,Optimized replacement for Python-loop median filter.
bsd68,test059,321,481,10,85153456,NLM_Skimage_Fast,"skimage.denoise_nl_means(fast_mode=True, h=0.8*sigma, sigma=known_sigma)",32.553027,0.84708803,352.954,ok,,Fast engineering baseline; not the original patchwise NLM runtime.
bsd68,test059,321,481,10,85153456,NLM_IPOL_Like,skimage.denoise_nl_means(fast_mode=False) with IPOL grayscale parameter schedule,30.887502,0.76255183,2741.708,ok,,Closer to IPOL patchwise parameters; can be very slow.
bsd68,test059,321,481,10,85153456,BM3D_TAU,"bm3d.bm3d(noisy_float01, sigma_psd=sigma/255)",33.686493,0.88136316,1361.832,ok,,Reference classical upper baseline for AWGN.
bsd68,test059,321,481,15,186112393,Noisy,"clean + AWGN, clipped to [0,1]",24.601368,0.47112152,0.0,ok,,same noisy image reused for all methods
bsd68,test059,321,481,15,186112393,Gaussian_SciPy,"scipy.ndimage.gaussian_filter(sigma_filter=1.5, reflect)",28.581368,0.72775219,3.106,ok,,Optimized replacement for Python-loop Gaussian filter.
bsd68,test059,321,481,15,186112393,Median_SciPy,"scipy.ndimage.median_filter(size=3, reflect)",28.670324,0.66163497,18.048,ok,,Optimized replacement for Python-loop median filter.
bsd68,test059,321,481,15,186112393,NLM_Skimage_Fast,"skimage.denoise_nl_means(fast_mode=True, h=0.8*sigma, sigma=known_sigma)",30.795162,0.79101444,358.252,ok,,Fast engineering baseline; not the original patchwise NLM runtime.
bsd68,test059,321,481,15,186112393,NLM_IPOL_Like,skimage.denoise_nl_means(fast_mode=False) with IPOL grayscale parameter schedule,28.044835,0.62750499,2788.614,ok,,Closer to IPOL patchwise parameters; can be very slow.
bsd68,test059,321,481,15,186112393,BM3D_TAU,"bm3d.bm3d(noisy_float01, sigma_psd=sigma/255)",31.818273,0.82866988,1382.694,ok,,Reference classical upper baseline for AWGN.
bsd68,test059,321,481,20,3927425733,Noisy,"clean + AWGN, clipped to [0,1]",22.128617,0.36218334,0.0,ok,,same noisy image reused for all methods
bsd68,test059,321,481,20,3927425733,Gaussian_SciPy,"scipy.ndimage.gaussian_filter(sigma_filter=1.5, reflect)",28.304119,0.70446653,3.354,ok,,Optimized replacement for Python-loop Gaussian filter.
bsd68,test059,321,481,20,3927425733,Median_SciPy,"scipy.ndimage.median_filter(size=3, reflect)",27.374306,0.57904802,15.043,ok,,Optimized replacement for Python-loop median filter.
bsd68,test059,321,481,20,3927425733,NLM_Skimage_Fast,"skimage.denoise_nl_means(fast_mode=True, h=0.8*sigma, sigma=known_sigma)",29.805026,0.75265965,357.169,ok,,Fast engineering baseline; not the original patchwise NLM runtime.
bsd68,test059,321,481,20,3927425733,NLM_IPOL_Like,skimage.denoise_nl_means(fast_mode=False) with IPOL grayscale parameter schedule,28.2199,0.64787831,4432.836,ok,,Closer to IPOL patchwise parameters; can be very slow.
bsd68,test059,321,481,20,3927425733,BM3D_TAU,"bm3d.bm3d(noisy_float01, sigma_psd=sigma/255)",30.681393,0.7886247,1380.856,ok,,Reference classical upper baseline for AWGN.
bsd68,test059,321,481,25,256022290,Noisy,"clean + AWGN, clipped to [0,1]",20.229281,0.28684355,0.0,ok,,same noisy image reused for all methods
bsd68,test059,321,481,25,256022290,Gaussian_SciPy,"scipy.ndimage.gaussian_filter(sigma_filter=1.5, reflect)",27.93906,0.67680186,2.181,ok,,Optimized replacement for Python-loop Gaussian filter.
bsd68,test059,321,481,25,256022290,Median_SciPy,"scipy.ndimage.median_filter(size=3, reflect)",26.137335,0.50682661,17.051,ok,,Optimized replacement for Python-loop median filter.
bsd68,test059,321,481,25,256022290,NLM_Skimage_Fast,"skimage.denoise_nl_means(fast_mode=True, h=0.8*sigma, sigma=known_sigma)",29.005213,0.72204243,373.391,ok,,Fast engineering baseline; not the original patchwise NLM runtime.
bsd68,test059,321,481,25,256022290,NLM_IPOL_Like,skimage.denoise_nl_means(fast_mode=False) with IPOL grayscale parameter schedule,27.003192,0.57815204,4517.071,ok,,Closer to IPOL patchwise parameters; can be very slow.
bsd68,test059,321,481,25,256022290,BM3D_TAU,"bm3d.bm3d(noisy_float01, sigma_psd=sigma/255)",29.872782,0.7586838,1486.278,ok,,Reference classical upper baseline for AWGN.
bsd68,test059,321,481,30,1760891197,Noisy,"clean + AWGN, clipped to [0,1]",18.732654,0.2336628,0.0,ok,,same noisy image reused for all methods
bsd68,test059,321,481,30,1760891197,Gaussian_SciPy,"scipy.ndimage.gaussian_filter(sigma_filter=1.5, reflect)",27.593207,0.64792431,1.829,ok,,Optimized replacement for Python-loop Gaussian filter.
bsd68,test059,321,481,30,1760891197,Median_SciPy,"scipy.ndimage.median_filter(size=3, reflect)",25.009939,0.44349041,17.552,ok,,Optimized replacement for Python-loop median filter.
bsd68,test059,321,481,30,1760891197,NLM_Skimage_Fast,"skimage.denoise_nl_means(fast_mode=True, h=0.8*sigma, sigma=known_sigma)",28.375703,0.69618913,352.713,ok,,Fast engineering baseline; not the original patchwise NLM runtime.
bsd68,test059,321,481,30,1760891197,NLM_IPOL_Like,skimage.denoise_nl_means(fast_mode=False) with IPOL grayscale parameter schedule,26.115477,0.52375842,4590.5,ok,,Closer to IPOL patchwise parameters; can be very slow.
bsd68,test059,321,481,30,1760891197,BM3D_TAU,"bm3d.bm3d(noisy_float01, sigma_psd=sigma/255)",29.342968,0.73750348,1405.566,ok,,Reference classical upper baseline for AWGN.
bsd68,test059,321,481,35,1200737462,Noisy,"clean + AWGN, clipped to [0,1]",17.468886,0.19484156,0.0,ok,,same noisy image reused for all methods
bsd68,test059,321,481,35,1200737462,Gaussian_SciPy,"scipy.ndimage.gaussian_filter(sigma_filter=1.5, reflect)",27.107905,0.61469526,1.643,ok,,Optimized replacement for Python-loop Gaussian filter.
bsd68,test059,321,481,35,1200737462,Median_SciPy,"scipy.ndimage.median_filter(size=3, reflect)",23.930053,0.38876029,16.065,ok,,Optimized replacement for Python-loop median filter.
bsd68,test059,321,481,35,1200737462,NLM_Skimage_Fast,"skimage.denoise_nl_means(fast_mode=True, h=0.8*sigma, sigma=known_sigma)",27.805294,0.67439101,353.974,ok,,Fast engineering baseline; not the original patchwise NLM runtime.
bsd68,test059,321,481,35,1200737462,NLM_IPOL_Like,skimage.denoise_nl_means(fast_mode=False) with IPOL grayscale parameter schedule,26.634232,0.56807341,18882.358,ok,,Closer to IPOL patchwise parameters; can be very slow.
bsd68,test059,321,481,35,1200737462,BM3D_TAU,"bm3d.bm3d(noisy_float01, sigma_psd=sigma/255)",28.845663,0.71828354,1382.252,ok,,Reference classical upper baseline for AWGN.
bsd68,test059,321,481,40,1124699783,Noisy,"clean + AWGN, clipped to [0,1]",16.400804,0.16464516,0.0,ok,,same noisy image reused for all methods
bsd68,test059,321,481,40,1124699783,Gaussian_SciPy,"scipy.ndimage.gaussian_filter(sigma_filter=1.5, reflect)",26.729971,0.58824286,3.292,ok,,Optimized replacement for Python-loop Gaussian filter.
bsd68,test059,321,481,40,1124699783,Median_SciPy,"scipy.ndimage.median_filter(size=3, reflect)",23.037015,0.34644513,15.725,ok,,Optimized replacement for Python-loop median filter.
bsd68,test059,321,481,40,1124699783,NLM_Skimage_Fast,"skimage.denoise_nl_means(fast_mode=True, h=0.8*sigma, sigma=known_sigma)",27.238287,0.65066568,353.034,ok,,Fast engineering baseline; not the original patchwise NLM runtime.
bsd68,test059,321,481,40,1124699783,NLM_IPOL_Like,skimage.denoise_nl_means(fast_mode=False) with IPOL grayscale parameter schedule,26.091646,0.53307307,19171.054,ok,,Closer to IPOL patchwise parameters; can be very slow.
bsd68,test059,321,481,40,1124699783,BM3D_TAU,"bm3d.bm3d(noisy_float01, sigma_psd=sigma/255)",28.501178,0.70373528,1382.557,ok,,Reference classical upper baseline for AWGN.
bsd68,test059,321,481,50,3193283394,Noisy,"clean + AWGN, clipped to [0,1]",14.676618,0.1243587,0.0,ok,,same noisy image reused for all methods
bsd68,test059,321,481,50,3193283394,Gaussian_SciPy,"scipy.ndimage.gaussian_filter(sigma_filter=1.5, reflect)",25.736075,0.532921,3.242,ok,,Optimized replacement for Python-loop Gaussian filter.
bsd68,test059,321,481,50,3193283394,Median_SciPy,"scipy.ndimage.median_filter(size=3, reflect)",21.363855,0.27779433,16.476,ok,,Optimized replacement for Python-loop median filter.
bsd68,test059,321,481,50,3193283394,NLM_Skimage_Fast,"skimage.denoise_nl_means(fast_mode=True, h=0.8*sigma, sigma=known_sigma)",26.205048,0.61905871,353.331,ok,,Fast engineering baseline; not the original patchwise NLM runtime.
bsd68,test059,321,481,50,3193283394,NLM_IPOL_Like,skimage.denoise_nl_means(fast_mode=False) with IPOL grayscale parameter schedule,26.073052,0.56475883,29980.131,ok,,Closer to IPOL patchwise parameters; can be very slow.
bsd68,test059,321,481,50,3193283394,BM3D_TAU,"bm3d.bm3d(noisy_float01, sigma_psd=sigma/255)",27.714832,0.67776885,1468.424,ok,,Reference classical upper baseline for AWGN.
bsd68,test059,321,481,75,4086304151,Noisy,"clean + AWGN, clipped to [0,1]",11.823755,0.07114593,0.0,ok,,same noisy image reused for all methods
bsd68,test059,321,481,75,4086304151,Gaussian_SciPy,"scipy.ndimage.gaussian_filter(sigma_filter=1.5, reflect)",23.490646,0.42665783,3.579,ok,,Optimized replacement for Python-loop Gaussian filter.
bsd68,test059,321,481,75,4086304151,Median_SciPy,"scipy.ndimage.median_filter(size=3, reflect)",18.231133,0.17372143,16.817,ok,,Optimized replacement for Python-loop median filter.
bsd68,test059,321,481,75,4086304151,NLM_Skimage_Fast,"skimage.denoise_nl_means(fast_mode=True, h=0.8*sigma, sigma=known_sigma)",23.689643,0.56305527,346.326,ok,,Fast engineering baseline; not the original patchwise NLM runtime.
bsd68,test059,321,481,75,4086304151,NLM_IPOL_Like,skimage.denoise_nl_means(fast_mode=False) with IPOL grayscale parameter schedule,23.700213,0.5493576,31754.0,ok,,Closer to IPOL patchwise parameters; can be very slow.
bsd68,test059,321,481,75,4086304151,BM3D_TAU,"bm3d.bm3d(noisy_float01, sigma_psd=sigma/255)",25.764502,0.63233359,1404.276,ok,,Reference classical upper baseline for AWGN.
bsd68,test060,321,481,5,3355713059,Noisy,"clean + AWGN, clipped to [0,1]",34.153865,0.83251243,0.0,ok,,same noisy image reused for all methods
bsd68,test060,321,481,5,3355713059,Gaussian_SciPy,"scipy.ndimage.gaussian_filter(sigma_filter=1.5, reflect)",30.445303,0.79662721,1.51,ok,,Optimized replacement for Python-loop Gaussian filter.
bsd68,test060,321,481,5,3355713059,Median_SciPy,"scipy.ndimage.median_filter(size=3, reflect)",31.990204,0.83427685,15.443,ok,,Optimized replacement for Python-loop median filter.
bsd68,test060,321,481,5,3355713059,NLM_Skimage_Fast,"skimage.denoise_nl_means(fast_mode=True, h=0.8*sigma, sigma=known_sigma)",37.08845,0.92839231,334.952,ok,,Fast engineering baseline; not the original patchwise NLM runtime.
bsd68,test060,321,481,5,3355713059,NLM_IPOL_Like,skimage.denoise_nl_means(fast_mode=False) with IPOL grayscale parameter schedule,36.187013,0.89985947,2644.034,ok,,Closer to IPOL patchwise parameters; can be very slow.
bsd68,test060,321,481,5,3355713059,BM3D_TAU,"bm3d.bm3d(noisy_float01, sigma_psd=sigma/255)",38.146872,0.94679387,1410.878,ok,,Reference classical upper baseline for AWGN.
bsd68,test060,321,481,10,723429752,Noisy,"clean + AWGN, clipped to [0,1]",28.125462,0.58914931,0.0,ok,,same noisy image reused for all methods
bsd68,test060,321,481,10,723429752,Gaussian_SciPy,"scipy.ndimage.gaussian_filter(sigma_filter=1.5, reflect)",30.257905,0.78147368,2.725,ok,,Optimized replacement for Python-loop Gaussian filter.
bsd68,test060,321,481,10,723429752,Median_SciPy,"scipy.ndimage.median_filter(size=3, reflect)",30.710387,0.75223513,17.675,ok,,Optimized replacement for Python-loop median filter.
bsd68,test060,321,481,10,723429752,NLM_Skimage_Fast,"skimage.denoise_nl_means(fast_mode=True, h=0.8*sigma, sigma=known_sigma)",33.23518,0.85072557,355.516,ok,,Fast engineering baseline; not the original patchwise NLM runtime.
bsd68,test060,321,481,10,723429752,NLM_IPOL_Like,skimage.denoise_nl_means(fast_mode=False) with IPOL grayscale parameter schedule,31.262851,0.74101725,2767.368,ok,,Closer to IPOL patchwise parameters; can be very slow.
bsd68,test060,321,481,10,723429752,BM3D_TAU,"bm3d.bm3d(noisy_float01, sigma_psd=sigma/255)",34.304048,0.88051639,1407.532,ok,,Reference classical upper baseline for AWGN.
bsd68,test060,321,481,15,2631689479,Noisy,"clean + AWGN, clipped to [0,1]",24.604894,0.42151601,0.0,ok,,same noisy image reused for all methods
bsd68,test060,321,481,15,2631689479,Gaussian_SciPy,"scipy.ndimage.gaussian_filter(sigma_filter=1.5, reflect)",29.948655,0.75881758,2.8,ok,,Optimized replacement for Python-loop Gaussian filter.
bsd68,test060,321,481,15,2631689479,Median_SciPy,"scipy.ndimage.median_filter(size=3, reflect)",29.231276,0.65769533,17.129,ok,,Optimized replacement for Python-loop median filter.
bsd68,test060,321,481,15,2631689479,NLM_Skimage_Fast,"skimage.denoise_nl_means(fast_mode=True, h=0.8*sigma, sigma=known_sigma)",31.3913,0.8001511,353.831,ok,,Fast engineering baseline; not the original patchwise NLM runtime.
bsd68,test060,321,481,15,2631689479,NLM_IPOL_Like,skimage.denoise_nl_means(fast_mode=False) with IPOL grayscale parameter schedule,28.349424,0.5969103,2813.27,ok,,Closer to IPOL patchwise parameters; can be very slow.
bsd68,test060,321,481,15,2631689479,BM3D_TAU,"bm3d.bm3d(noisy_float01, sigma_psd=sigma/255)",32.471869,0.83411288,1392.958,ok,,Reference classical upper baseline for AWGN.
bsd68,test060,321,481,20,1302047702,Noisy,"clean + AWGN, clipped to [0,1]",22.118589,0.31418161,0.0,ok,,same noisy image reused for all methods
bsd68,test060,321,481,20,1302047702,Gaussian_SciPy,"scipy.ndimage.gaussian_filter(sigma_filter=1.5, reflect)",29.538226,0.72722006,3.212,ok,,Optimized replacement for Python-loop Gaussian filter.
bsd68,test060,321,481,20,1302047702,Median_SciPy,"scipy.ndimage.median_filter(size=3, reflect)",27.827281,0.56498064,15.525,ok,,Optimized replacement for Python-loop median filter.
bsd68,test060,321,481,20,1302047702,NLM_Skimage_Fast,"skimage.denoise_nl_means(fast_mode=True, h=0.8*sigma, sigma=known_sigma)",30.287278,0.76434647,358.019,ok,,Fast engineering baseline; not the original patchwise NLM runtime.
bsd68,test060,321,481,20,1302047702,NLM_IPOL_Like,skimage.denoise_nl_means(fast_mode=False) with IPOL grayscale parameter schedule,28.674333,0.62933022,4516.44,ok,,Closer to IPOL patchwise parameters; can be very slow.
bsd68,test060,321,481,20,1302047702,BM3D_TAU,"bm3d.bm3d(noisy_float01, sigma_psd=sigma/255)",31.327511,0.8010687,1485.584,ok,,Reference classical upper baseline for AWGN.
bsd68,test060,321,481,25,3242239132,Noisy,"clean + AWGN, clipped to [0,1]",20.190639,0.24308741,0.0,ok,,same noisy image reused for all methods
bsd68,test060,321,481,25,3242239132,Gaussian_SciPy,"scipy.ndimage.gaussian_filter(sigma_filter=1.5, reflect)",29.092089,0.697404,3.301,ok,,Optimized replacement for Python-loop Gaussian filter.
bsd68,test060,321,481,25,3242239132,Median_SciPy,"scipy.ndimage.median_filter(size=3, reflect)",26.507902,0.48777251,16.582,ok,,Optimized replacement for Python-loop median filter.
bsd68,test060,321,481,25,3242239132,NLM_Skimage_Fast,"skimage.denoise_nl_means(fast_mode=True, h=0.8*sigma, sigma=known_sigma)",29.480372,0.73391869,349.463,ok,,Fast engineering baseline; not the original patchwise NLM runtime.
bsd68,test060,321,481,25,3242239132,NLM_IPOL_Like,skimage.denoise_nl_means(fast_mode=False) with IPOL grayscale parameter schedule,27.372299,0.54881988,4588.872,ok,,Closer to IPOL patchwise parameters; can be very slow.
bsd68,test060,321,481,25,3242239132,BM3D_TAU,"bm3d.bm3d(noisy_float01, sigma_psd=sigma/255)",30.56879,0.77741751,1371.342,ok,,Reference classical upper baseline for AWGN.
bsd68,test060,321,481,30,3022618942,Noisy,"clean + AWGN, clipped to [0,1]",18.591926,0.19091188,0.0,ok,,same noisy image reused for all methods
bsd68,test060,321,481,30,3022618942,Gaussian_SciPy,"scipy.ndimage.gaussian_filter(sigma_filter=1.5, reflect)",28.581836,0.6603174,1.419,ok,,Optimized replacement for Python-loop Gaussian filter.
bsd68,test060,321,481,30,3022618942,Median_SciPy,"scipy.ndimage.median_filter(size=3, reflect)",25.2576,0.41694514,16.367,ok,,Optimized replacement for Python-loop median filter.
bsd68,test060,321,481,30,3022618942,NLM_Skimage_Fast,"skimage.denoise_nl_means(fast_mode=True, h=0.8*sigma, sigma=known_sigma)",28.849001,0.70669901,354.024,ok,,Fast engineering baseline; not the original patchwise NLM runtime.
bsd68,test060,321,481,30,3022618942,NLM_IPOL_Like,skimage.denoise_nl_means(fast_mode=False) with IPOL grayscale parameter schedule,26.150556,0.47120381,4636.505,ok,,Closer to IPOL patchwise parameters; can be very slow.
bsd68,test060,321,481,30,3022618942,BM3D_TAU,"bm3d.bm3d(noisy_float01, sigma_psd=sigma/255)",29.943901,0.75630846,1457.13,ok,,Reference classical upper baseline for AWGN.
bsd68,test060,321,481,35,3291042159,Noisy,"clean + AWGN, clipped to [0,1]",17.312495,0.15578448,0.0,ok,,same noisy image reused for all methods
bsd68,test060,321,481,35,3291042159,Gaussian_SciPy,"scipy.ndimage.gaussian_filter(sigma_filter=1.5, reflect)",28.098275,0.62459161,2.413,ok,,Optimized replacement for Python-loop Gaussian filter.
bsd68,test060,321,481,35,3291042159,Median_SciPy,"scipy.ndimage.median_filter(size=3, reflect)",24.239908,0.36458512,17.83,ok,,Optimized replacement for Python-loop median filter.
bsd68,test060,321,481,35,3291042159,NLM_Skimage_Fast,"skimage.denoise_nl_means(fast_mode=True, h=0.8*sigma, sigma=known_sigma)",28.407873,0.68631699,357.933,ok,,Fast engineering baseline; not the original patchwise NLM runtime.
bsd68,test060,321,481,35,3291042159,NLM_IPOL_Like,skimage.denoise_nl_means(fast_mode=False) with IPOL grayscale parameter schedule,26.908906,0.52351368,19519.205,ok,,Closer to IPOL patchwise parameters; can be very slow.
bsd68,test060,321,481,35,3291042159,BM3D_TAU,"bm3d.bm3d(noisy_float01, sigma_psd=sigma/255)",29.517262,0.73935299,1425.007,ok,,Reference classical upper baseline for AWGN.
bsd68,test060,321,481,40,3419736412,Noisy,"clean + AWGN, clipped to [0,1]",16.187469,0.128496,0.0,ok,,same noisy image reused for all methods
bsd68,test060,321,481,40,3419736412,Gaussian_SciPy,"scipy.ndimage.gaussian_filter(sigma_filter=1.5, reflect)",27.570333,0.59156939,2.439,ok,,Optimized replacement for Python-loop Gaussian filter.
bsd68,test060,321,481,40,3419736412,Median_SciPy,"scipy.ndimage.median_filter(size=3, reflect)",23.218992,0.31796666,16.488,ok,,Optimized replacement for Python-loop median filter.
bsd68,test060,321,481,40,3419736412,NLM_Skimage_Fast,"skimage.denoise_nl_means(fast_mode=True, h=0.8*sigma, sigma=known_sigma)",28.001052,0.66747362,351.031,ok,,Fast engineering baseline; not the original patchwise NLM runtime.
bsd68,test060,321,481,40,3419736412,NLM_IPOL_Like,skimage.denoise_nl_means(fast_mode=False) with IPOL grayscale parameter schedule,26.257792,0.48214101,19735.384,ok,,Closer to IPOL patchwise parameters; can be very slow.
bsd68,test060,321,481,40,3419736412,BM3D_TAU,"bm3d.bm3d(noisy_float01, sigma_psd=sigma/255)",29.128066,0.72682168,1376.376,ok,,Reference classical upper baseline for AWGN.
bsd68,test060,321,481,50,157033233,Noisy,"clean + AWGN, clipped to [0,1]",14.394311,0.09235559,0.0,ok,,same noisy image reused for all methods
bsd68,test060,321,481,50,157033233,Gaussian_SciPy,"scipy.ndimage.gaussian_filter(sigma_filter=1.5, reflect)",26.564381,0.52761624,2.896,ok,,Optimized replacement for Python-loop Gaussian filter.
bsd68,test060,321,481,50,157033233,Median_SciPy,"scipy.ndimage.median_filter(size=3, reflect)",21.504596,0.24422402,16.406,ok,,Optimized replacement for Python-loop median filter.
bsd68,test060,321,481,50,157033233,NLM_Skimage_Fast,"skimage.denoise_nl_means(fast_mode=True, h=0.8*sigma, sigma=known_sigma)",27.180381,0.634315,354.789,ok,,Fast engineering baseline; not the original patchwise NLM runtime.
bsd68,test060,321,481,50,157033233,NLM_IPOL_Like,skimage.denoise_nl_means(fast_mode=False) with IPOL grayscale parameter schedule,26.455978,0.52377191,30863.68,ok,,Closer to IPOL patchwise parameters; can be very slow.
bsd68,test060,321,481,50,157033233,BM3D_TAU,"bm3d.bm3d(noisy_float01, sigma_psd=sigma/255)",28.375416,0.69693268,1371.929,ok,,Reference classical upper baseline for AWGN.
bsd68,test060,321,481,75,3594914413,Noisy,"clean + AWGN, clipped to [0,1]",11.559922,0.05096853,0.0,ok,,same noisy image reused for all methods
bsd68,test060,321,481,75,3594914413,Gaussian_SciPy,"scipy.ndimage.gaussian_filter(sigma_filter=1.5, reflect)",24.473115,0.409286,2.445,ok,,Optimized replacement for Python-loop Gaussian filter.
bsd68,test060,321,481,75,3594914413,Median_SciPy,"scipy.ndimage.median_filter(size=3, reflect)",18.219892,0.14423875,16.107,ok,,Optimized replacement for Python-loop median filter.
bsd68,test060,321,481,75,3594914413,NLM_Skimage_Fast,"skimage.denoise_nl_means(fast_mode=True, h=0.8*sigma, sigma=known_sigma)",26.078894,0.60983579,347.459,ok,,Fast engineering baseline; not the original patchwise NLM runtime.
bsd68,test060,321,481,75,3594914413,NLM_IPOL_Like,skimage.denoise_nl_means(fast_mode=False) with IPOL grayscale parameter schedule,25.63991,0.57517366,32021.066,ok,,Closer to IPOL patchwise parameters; can be very slow.
bsd68,test060,321,481,75,3594914413,BM3D_TAU,"bm3d.bm3d(noisy_float01, sigma_psd=sigma/255)",27.232704,0.66281643,1464.623,ok,,Reference classical upper baseline for AWGN.
bsd68,test061,321,481,5,1079204488,Noisy,"clean + AWGN, clipped to [0,1]",34.192121,0.84447127,0.0,ok,,same noisy image reused for all methods
bsd68,test061,321,481,5,1079204488,Gaussian_SciPy,"scipy.ndimage.gaussian_filter(sigma_filter=1.5, reflect)",27.157497,0.77267148,1.814,ok,,Optimized replacement for Python-loop Gaussian filter.
bsd68,test061,321,481,5,1079204488,Median_SciPy,"scipy.ndimage.median_filter(size=3, reflect)",29.522131,0.82499782,15.903,ok,,Optimized replacement for Python-loop median filter.
bsd68,test061,321,481,5,1079204488,NLM_Skimage_Fast,"skimage.denoise_nl_means(fast_mode=True, h=0.8*sigma, sigma=known_sigma)",36.992771,0.92917661,335.789,ok,,Fast engineering baseline; not the original patchwise NLM runtime.
bsd68,test061,321,481,5,1079204488,NLM_IPOL_Like,skimage.denoise_nl_means(fast_mode=False) with IPOL grayscale parameter schedule,,,2645.417,ok,,Closer to IPOL patchwise parameters; can be very slow.
bsd68,test061,321,481,5,1079204488,BM3D_TAU,"bm3d.bm3d(noisy_float01, sigma_psd=sigma/255)",37.903175,0.94617374,1348.054,ok,,Reference classical upper baseline for AWGN.
bsd68,test061,321,481,10,2760084180,Noisy,"clean + AWGN, clipped to [0,1]",28.218488,0.61984915,0.0,ok,,same noisy image reused for all methods
bsd68,test061,321,481,10,2760084180,Gaussian_SciPy,"scipy.ndimage.gaussian_filter(sigma_filter=1.5, reflect)",27.047528,0.75865363,2.528,ok,,Optimized replacement for Python-loop Gaussian filter.
bsd68,test061,321,481,10,2760084180,Median_SciPy,"scipy.ndimage.median_filter(size=3, reflect)",28.738955,0.7502037,16.73,ok,,Optimized replacement for Python-loop median filter.
bsd68,test061,321,481,10,2760084180,NLM_Skimage_Fast,"skimage.denoise_nl_means(fast_mode=True, h=0.8*sigma, sigma=known_sigma)",32.87986,0.85516387,349.78,ok,,Fast engineering baseline; not the original patchwise NLM runtime.
bsd68,test061,321,481,10,2760084180,NLM_IPOL_Like,skimage.denoise_nl_means(fast_mode=False) with IPOL grayscale parameter schedule,31.272404,0.76385509,2755.221,ok,,Closer to IPOL patchwise parameters; can be very slow.
bsd68,test061,321,481,10,2760084180,BM3D_TAU,"bm3d.bm3d(noisy_float01, sigma_psd=sigma/255)",33.867748,0.88467023,1376.07,ok,,Reference classical upper baseline for AWGN.
bsd68,test061,321,481,15,3833110485,Noisy,"clean + AWGN, clipped to [0,1]",24.691099,0.45924823,0.0,ok,,same noisy image reused for all methods
bsd68,test061,321,481,15,3833110485,Gaussian_SciPy,"scipy.ndimage.gaussian_filter(sigma_filter=1.5, reflect)",26.873259,0.73637479,2.002,ok,,Optimized replacement for Python-loop Gaussian filter.
bsd68,test061,321,481,15,3833110485,Median_SciPy,"scipy.ndimage.median_filter(size=3, reflect)",27.788299,0.66073935,16.082,ok,,Optimized replacement for Python-loop median filter.
bsd68,test061,321,481,15,3833110485,NLM_Skimage_Fast,"skimage.denoise_nl_means(fast_mode=True, h=0.8*sigma, sigma=known_sigma)",30.603327,0.80005133,357.561,ok,,Fast engineering baseline; not the original patchwise NLM runtime.
bsd68,test061,321,481,15,3833110485,NLM_IPOL_Like,skimage.denoise_nl_means(fast_mode=False) with IPOL grayscale parameter schedule,28.308291,0.62717831,2796.344,ok,,Closer to IPOL patchwise parameters; can be very slow.
bsd68,test061,321,481,15,3833110485,BM3D_TAU,"bm3d.bm3d(noisy_float01, sigma_psd=sigma/255)",31.66639,0.83180638,1360.337,ok,,Reference classical upper baseline for AWGN.
bsd68,test061,321,481,20,3645297807,Noisy,"clean + AWGN, clipped to [0,1]",22.211078,0.35554145,0.0,ok,,same noisy image reused for all methods
bsd68,test061,321,481,20,3645297807,Gaussian_SciPy,"scipy.ndimage.gaussian_filter(sigma_filter=1.5, reflect)",26.644391,0.70935553,3.965,ok,,Optimized replacement for Python-loop Gaussian filter.
bsd68,test061,321,481,20,3645297807,Median_SciPy,"scipy.ndimage.median_filter(size=3, reflect)",26.691607,0.5773983,16.643,ok,,Optimized replacement for Python-loop median filter.
bsd68,test061,321,481,20,3645297807,NLM_Skimage_Fast,"skimage.denoise_nl_means(fast_mode=True, h=0.8*sigma, sigma=known_sigma)",29.233444,0.76041516,351.249,ok,,Fast engineering baseline; not the original patchwise NLM runtime.
bsd68,test061,321,481,20,3645297807,NLM_IPOL_Like,skimage.denoise_nl_means(fast_mode=False) with IPOL grayscale parameter schedule,28.276642,0.65193237,4410.989,ok,,Closer to IPOL patchwise parameters; can be very slow.
bsd68,test061,321,481,20,3645297807,BM3D_TAU,"bm3d.bm3d(noisy_float01, sigma_psd=sigma/255)",30.340258,0.79489297,1396.31,ok,,Reference classical upper baseline for AWGN.
bsd68,test061,321,481,25,3276341547,Noisy,"clean + AWGN, clipped to [0,1]",20.311038,0.28508241,0.0,ok,,same noisy image reused for all methods
bsd68,test061,321,481,25,3276341547,Gaussian_SciPy,"scipy.ndimage.gaussian_filter(sigma_filter=1.5, reflect)",26.379657,0.67837099,2.165,ok,,Optimized replacement for Python-loop Gaussian filter.
bsd68,test061,321,481,25,3276341547,Median_SciPy,"scipy.ndimage.median_filter(size=3, reflect)",25.638495,0.50139159,16.697,ok,,Optimized replacement for Python-loop median filter.
bsd68,test061,321,481,25,3276341547,NLM_Skimage_Fast,"skimage.denoise_nl_means(fast_mode=True, h=0.8*sigma, sigma=known_sigma)",28.183283,0.72827344,352.868,ok,,Fast engineering baseline; not the original patchwise NLM runtime.
bsd68,test061,321,481,25,3276341547,NLM_IPOL_Like,skimage.denoise_nl_means(fast_mode=False) with IPOL grayscale parameter schedule,26.989541,0.57868815,4512.023,ok,,Closer to IPOL patchwise parameters; can be very slow.
bsd68,test061,321,481,25,3276341547,BM3D_TAU,"bm3d.bm3d(noisy_float01, sigma_psd=sigma/255)",29.298886,0.76570841,1375.425,ok,,Reference classical upper baseline for AWGN.
bsd68,test061,321,481,30,898219418,Noisy,"clean + AWGN, clipped to [0,1]",18.791568,0.2345004,0.0,ok,,same noisy image reused for all methods
bsd68,test061,321,481,30,898219418,Gaussian_SciPy,"scipy.ndimage.gaussian_filter(sigma_filter=1.5, reflect)",26.060616,0.64657835,2.733,ok,,Optimized replacement for Python-loop Gaussian filter.
bsd68,test061,321,481,30,898219418,Median_SciPy,"scipy.ndimage.median_filter(size=3, reflect)",24.644757,0.4394301,15.44,ok,,Optimized replacement for Python-loop median filter.
bsd68,test061,321,481,30,898219418,NLM_Skimage_Fast,"skimage.denoise_nl_means(fast_mode=True, h=0.8*sigma, sigma=known_sigma)",27.396163,0.70221147,356.533,ok,,Fast engineering baseline; not the original patchwise NLM runtime.
bsd68,test061,321,481,30,898219418,NLM_IPOL_Like,skimage.denoise_nl_means(fast_mode=False) with IPOL grayscale parameter schedule,25.977329,0.51850776,4549.843,ok,,Closer to IPOL patchwise parameters; can be very slow.
bsd68,test061,321,481,30,898219418,BM3D_TAU,"bm3d.bm3d(noisy_float01, sigma_psd=sigma/255)",28.542337,0.74187233,1408.998,ok,,Reference classical upper baseline for AWGN.
bsd68,test061,321,481,35,1908081790,Noisy,"clean + AWGN, clipped to [0,1]",17.519364,0.19957075,0.0,ok,,same noisy image reused for all methods
bsd68,test061,321,481,35,1908081790,Gaussian_SciPy,"scipy.ndimage.gaussian_filter(sigma_filter=1.5, reflect)",25.727976,0.61658383,2.397,ok,,Optimized replacement for Python-loop Gaussian filter.
bsd68,test061,321,481,35,1908081790,Median_SciPy,"scipy.ndimage.median_filter(size=3, reflect)",23.699174,0.38698513,16.245,ok,,Optimized replacement for Python-loop median filter.
bsd68,test061,321,481,35,1908081790,NLM_Skimage_Fast,"skimage.denoise_nl_means(fast_mode=True, h=0.8*sigma, sigma=known_sigma)",26.698126,0.67949526,362.005,ok,,Fast engineering baseline; not the original patchwise NLM runtime.
bsd68,test061,321,481,35,1908081790,NLM_IPOL_Like,skimage.denoise_nl_means(fast_mode=False) with IPOL grayscale parameter schedule,26.275216,0.56210141,19183.155,ok,,Closer to IPOL patchwise parameters; can be very slow.
bsd68,test061,321,481,35,1908081790,BM3D_TAU,"bm3d.bm3d(noisy_float01, sigma_psd=sigma/255)",27.898462,0.72633371,1422.156,ok,,Reference classical upper baseline for AWGN.
bsd68,test061,321,481,40,2324364252,Noisy,"clean + AWGN, clipped to [0,1]",16.434421,0.17105398,0.0,ok,,same noisy image reused for all methods
bsd68,test061,321,481,40,2324364252,Gaussian_SciPy,"scipy.ndimage.gaussian_filter(sigma_filter=1.5, reflect)",25.342756,0.58411842,1.761,ok,,Optimized replacement for Python-loop Gaussian filter.
bsd68,test061,321,481,40,2324364252,Median_SciPy,"scipy.ndimage.median_filter(size=3, reflect)",22.765284,0.3408494,15.754,ok,,Optimized replacement for Python-loop median filter.
bsd68,test061,321,481,40,2324364252,NLM_Skimage_Fast,"skimage.denoise_nl_means(fast_mode=True, h=0.8*sigma, sigma=known_sigma)",26.149444,0.66216018,349.943,ok,,Fast engineering baseline; not the original patchwise NLM runtime.
bsd68,test061,321,481,40,2324364252,NLM_IPOL_Like,skimage.denoise_nl_means(fast_mode=False) with IPOL grayscale parameter schedule,25.641792,0.53630261,20138.517,ok,,Closer to IPOL patchwise parameters; can be very slow.
bsd68,test061,321,481,40,2324364252,BM3D_TAU,"bm3d.bm3d(noisy_float01, sigma_psd=sigma/255)",27.313068,0.70644718,1392.774,ok,,Reference classical upper baseline for AWGN.
bsd68,test061,321,481,50,2324960916,Noisy,"clean + AWGN, clipped to [0,1]",14.771741,0.13300811,0.0,ok,,same noisy image reused for all methods
bsd68,test061,321,481,50,2324960916,Gaussian_SciPy,"scipy.ndimage.gaussian_filter(sigma_filter=1.5, reflect)",24.637729,0.53102053,2.217,ok,,Optimized replacement for Python-loop Gaussian filter.
bsd68,test061,321,481,50,2324960916,Median_SciPy,"scipy.ndimage.median_filter(size=3, reflect)",21.300083,0.27894427,16.18,ok,,Optimized replacement for Python-loop median filter.
bsd68,test061,321,481,50,2324960916,NLM_Skimage_Fast,"skimage.denoise_nl_means(fast_mode=True, h=0.8*sigma, sigma=known_sigma)",25.103153,0.6346445,350.807,ok,,Fast engineering baseline; not the original patchwise NLM runtime.
bsd68,test061,321,481,50,2324960916,NLM_IPOL_Like,skimage.denoise_nl_means(fast_mode=False) with IPOL grayscale parameter schedule,25.458169,0.59021103,30515.936,ok,,Closer to IPOL patchwise parameters; can be very slow.
bsd68,test061,321,481,50,2324960916,BM3D_TAU,"bm3d.bm3d(noisy_float01, sigma_psd=sigma/255)",26.492336,0.68262581,1393.237,ok,,Reference classical upper baseline for AWGN.
bsd68,test061,321,481,75,2363145161,Noisy,"clean + AWGN, clipped to [0,1]",11.943492,0.07926656,0.0,ok,,same noisy image reused for all methods
bsd68,test061,321,481,75,2363145161,Gaussian_SciPy,"scipy.ndimage.gaussian_filter(sigma_filter=1.5, reflect)",22.626077,0.41384525,2.264,ok,,Optimized replacement for Python-loop Gaussian filter.
bsd68,test061,321,481,75,2363145161,Median_SciPy,"scipy.ndimage.median_filter(size=3, reflect)",18.221829,0.17553036,15.502,ok,,Optimized replacement for Python-loop median filter.
bsd68,test061,321,481,75,2363145161,NLM_Skimage_Fast,"skimage.denoise_nl_means(fast_mode=True, h=0.8*sigma, sigma=known_sigma)",22.76296,0.59317716,346.614,ok,,Fast engineering baseline; not the original patchwise NLM runtime.
bsd68,test061,321,481,75,2363145161,NLM_IPOL_Like,skimage.denoise_nl_means(fast_mode=False) with IPOL grayscale parameter schedule,23.13825,0.59756385,31541.861,ok,,Closer to IPOL patchwise parameters; can be very slow.
bsd68,test061,321,481,75,2363145161,BM3D_TAU,"bm3d.bm3d(noisy_float01, sigma_psd=sigma/255)",24.567202,0.64166766,1396.389,ok,,Reference classical upper baseline for AWGN.
bsd68,test062,481,321,5,3532755166,Noisy,"clean + AWGN, clipped to [0,1]",34.312462,0.82253342,0.0,ok,,same noisy image reused for all methods
bsd68,test062,481,321,5,3532755166,Gaussian_SciPy,"scipy.ndimage.gaussian_filter(sigma_filter=1.5, reflect)",27.354068,0.91981416,1.934,ok,,Optimized replacement for Python-loop Gaussian filter.
bsd68,test062,481,321,5,3532755166,Median_SciPy,"scipy.ndimage.median_filter(size=3, reflect)",35.347058,0.93451232,16.522,ok,,Optimized replacement for Python-loop median filter.
bsd68,test062,481,321,5,3532755166,NLM_Skimage_Fast,"skimage.denoise_nl_means(fast_mode=True, h=0.8*sigma, sigma=known_sigma)",39.842473,0.97306781,324.799,ok,,Fast engineering baseline; not the original patchwise NLM runtime.
bsd68,test062,481,321,5,3532755166,NLM_IPOL_Like,skimage.denoise_nl_means(fast_mode=False) with IPOL grayscale parameter schedule,,,2583.599,ok,,Closer to IPOL patchwise parameters; can be very slow.
bsd68,test062,481,321,5,3532755166,BM3D_TAU,"bm3d.bm3d(noisy_float01, sigma_psd=sigma/255)",40.978075,0.97892499,1362.626,ok,,Reference classical upper baseline for AWGN.
bsd68,test062,481,321,10,376184760,Noisy,"clean + AWGN, clipped to [0,1]",28.813828,0.62014214,0.0,ok,,same noisy image reused for all methods
bsd68,test062,481,321,10,376184760,Gaussian_SciPy,"scipy.ndimage.gaussian_filter(sigma_filter=1.5, reflect)",27.233935,0.90259909,2.478,ok,,Optimized replacement for Python-loop Gaussian filter.
bsd68,test062,481,321,10,376184760,Median_SciPy,"scipy.ndimage.median_filter(size=3, reflect)",32.655981,0.84423452,16.44,ok,,Optimized replacement for Python-loop median filter.
bsd68,test062,481,321,10,376184760,NLM_Skimage_Fast,"skimage.denoise_nl_means(fast_mode=True, h=0.8*sigma, sigma=known_sigma)",36.346193,0.94941168,338.694,ok,,Fast engineering baseline; not the original patchwise NLM runtime.
bsd68,test062,481,321,10,376184760,NLM_IPOL_Like,skimage.denoise_nl_means(fast_mode=False) with IPOL grayscale parameter schedule,32.63652,0.82744659,2676.437,ok,,Closer to IPOL patchwise parameters; can be very slow.
bsd68,test062,481,321,10,376184760,BM3D_TAU,"bm3d.bm3d(noisy_float01, sigma_psd=sigma/255)",37.51313,0.95980761,1382.943,ok,,Reference classical upper baseline for AWGN.
bsd68,test062,481,321,15,334948865,Noisy,"clean + AWGN, clipped to [0,1]",25.547899,0.48599307,0.0,ok,,same noisy image reused for all methods
bsd68,test062,481,321,15,334948865,Gaussian_SciPy,"scipy.ndimage.gaussian_filter(sigma_filter=1.5, reflect)",26.991087,0.87364915,2.598,ok,,Optimized replacement for Python-loop Gaussian filter.
bsd68,test062,481,321,15,334948865,Median_SciPy,"scipy.ndimage.median_filter(size=3, reflect)",30.460555,0.75020575,17.536,ok,,Optimized replacement for Python-loop median filter.
bsd68,test062,481,321,15,334948865,NLM_Skimage_Fast,"skimage.denoise_nl_means(fast_mode=True, h=0.8*sigma, sigma=known_sigma)",33.830163,0.92098068,336.682,ok,,Fast engineering baseline; not the original patchwise NLM runtime.
bsd68,test062,481,321,15,334948865,NLM_IPOL_Like,skimage.denoise_nl_means(fast_mode=False) with IPOL grayscale parameter schedule,29.728338,0.74381642,2710.685,ok,,Closer to IPOL patchwise parameters; can be very slow.
bsd68,test062,481,321,15,334948865,BM3D_TAU,"bm3d.bm3d(noisy_float01, sigma_psd=sigma/255)",35.074449,0.93775227,1819.578,ok,,Reference classical upper baseline for AWGN.
bsd68,test062,481,321,20,1821115160,Noisy,"clean + AWGN, clipped to [0,1]",23.303677,0.39956441,0.0,ok,,same noisy image reused for all methods
bsd68,test062,481,321,20,1821115160,Gaussian_SciPy,"scipy.ndimage.gaussian_filter(sigma_filter=1.5, reflect)",26.625442,0.83944665,3.723,ok,,Optimized replacement for Python-loop Gaussian filter.
bsd68,test062,481,321,20,1821115160,Median_SciPy,"scipy.ndimage.median_filter(size=3, reflect)",28.848021,0.67255003,21.01,ok,,Optimized replacement for Python-loop median filter.
bsd68,test062,481,321,20,1821115160,NLM_Skimage_Fast,"skimage.denoise_nl_means(fast_mode=True, h=0.8*sigma, sigma=known_sigma)",31.883951,0.88965621,505.228,ok,,Fast engineering baseline; not the original patchwise NLM runtime.
bsd68,test062,481,321,20,1821115160,NLM_IPOL_Like,skimage.denoise_nl_means(fast_mode=False) with IPOL grayscale parameter schedule,30.030878,0.83740824,5595.137,ok,,Closer to IPOL patchwise parameters; can be very slow.
bsd68,test062,481,321,20,1821115160,BM3D_TAU,"bm3d.bm3d(noisy_float01, sigma_psd=sigma/255)",33.267781,0.91346696,1696.642,ok,,Reference classical upper baseline for AWGN.
bsd68,test062,481,321,25,3676536046,Noisy,"clean + AWGN, clipped to [0,1]",21.473789,0.33557253,0.0,ok,,same noisy image reused for all methods
bsd68,test062,481,321,25,3676536046,Gaussian_SciPy,"scipy.ndimage.gaussian_filter(sigma_filter=1.5, reflect)",26.115157,0.79482506,3.281,ok,,Optimized replacement for Python-loop Gaussian filter.
bsd68,test062,481,321,25,3676536046,Median_SciPy,"scipy.ndimage.median_filter(size=3, reflect)",27.394554,0.60160707,19.634,ok,,Optimized replacement for Python-loop median filter.
bsd68,test062,481,321,25,3676536046,NLM_Skimage_Fast,"skimage.denoise_nl_means(fast_mode=True, h=0.8*sigma, sigma=known_sigma)",30.078797,0.85331075,401.093,ok,,Fast engineering baseline; not the original patchwise NLM runtime.
bsd68,test062,481,321,25,3676536046,NLM_IPOL_Like,skimage.denoise_nl_means(fast_mode=False) with IPOL grayscale parameter schedule,28.445798,0.78931048,5570.418,ok,,Closer to IPOL patchwise parameters; can be very slow.
bsd68,test062,481,321,25,3676536046,BM3D_TAU,"bm3d.bm3d(noisy_float01, sigma_psd=sigma/255)",31.49534,0.8836298,1482.447,ok,,Reference classical upper baseline for AWGN.
bsd68,test062,481,321,30,3565956500,Noisy,"clean + AWGN, clipped to [0,1]",19.99641,0.29083156,0.0,ok,,same noisy image reused for all methods
bsd68,test062,481,321,30,3565956500,Gaussian_SciPy,"scipy.ndimage.gaussian_filter(sigma_filter=1.5, reflect)",25.562995,0.75350916,3.453,ok,,Optimized replacement for Python-loop Gaussian filter.
bsd68,test062,481,321,30,3565956500,Median_SciPy,"scipy.ndimage.median_filter(size=3, reflect)",26.164873,0.54286965,16.465,ok,,Optimized replacement for Python-loop median filter.
bsd68,test062,481,321,30,3565956500,NLM_Skimage_Fast,"skimage.denoise_nl_means(fast_mode=True, h=0.8*sigma, sigma=known_sigma)",28.588131,0.81959322,350.417,ok,,Fast engineering baseline; not the original patchwise NLM runtime.
bsd68,test062,481,321,30,3565956500,NLM_IPOL_Like,skimage.denoise_nl_means(fast_mode=False) with IPOL grayscale parameter schedule,27.137746,0.74526788,4476.709,ok,,Closer to IPOL patchwise parameters; can be very slow.
bsd68,test062,481,321,30,3565956500,BM3D_TAU,"bm3d.bm3d(noisy_float01, sigma_psd=sigma/255)",30.084046,0.85559968,1402.918,ok,,Reference classical upper baseline for AWGN.
bsd68,test062,481,321,35,2304108702,Noisy,"clean + AWGN, clipped to [0,1]",18.743628,0.2552658,0.0,ok,,same noisy image reused for all methods
bsd68,test062,481,321,35,2304108702,Gaussian_SciPy,"scipy.ndimage.gaussian_filter(sigma_filter=1.5, reflect)",24.884178,0.70763075,2.895,ok,,Optimized replacement for Python-loop Gaussian filter.
bsd68,test062,481,321,35,2304108702,Median_SciPy,"scipy.ndimage.median_filter(size=3, reflect)",25.145738,0.49786569,15.925,ok,,Optimized replacement for Python-loop median filter.
bsd68,test062,481,321,35,2304108702,NLM_Skimage_Fast,"skimage.denoise_nl_means(fast_mode=True, h=0.8*sigma, sigma=known_sigma)",27.132956,0.78426186,351.608,ok,,Fast engineering baseline; not the original patchwise NLM runtime.
bsd68,test062,481,321,35,2304108702,NLM_IPOL_Like,skimage.denoise_nl_means(fast_mode=False) with IPOL grayscale parameter schedule,26.709438,0.740344,18635.75,ok,,Closer to IPOL patchwise parameters; can be very slow.
bsd68,test062,481,321,35,2304108702,BM3D_TAU,"bm3d.bm3d(noisy_float01, sigma_psd=sigma/255)",28.679653,0.82347466,1401.951,ok,,Reference classical upper baseline for AWGN.
bsd68,test062,481,321,40,3325433919,Noisy,"clean + AWGN, clipped to [0,1]",17.656832,0.22806626,0.0,ok,,same noisy image reused for all methods
bsd68,test062,481,321,40,3325433919,Gaussian_SciPy,"scipy.ndimage.gaussian_filter(sigma_filter=1.5, reflect)",24.195201,0.6654422,2.435,ok,,Optimized replacement for Python-loop Gaussian filter.
bsd68,test062,481,321,40,3325433919,Median_SciPy,"scipy.ndimage.median_filter(size=3, reflect)",24.169344,0.45480874,15.476,ok,,Optimized replacement for Python-loop median filter.
bsd68,test062,481,321,40,3325433919,NLM_Skimage_Fast,"skimage.denoise_nl_means(fast_mode=True, h=0.8*sigma, sigma=known_sigma)",25.846465,0.74958261,351.788,ok,,Fast engineering baseline; not the original patchwise NLM runtime.
bsd68,test062,481,321,40,3325433919,NLM_IPOL_Like,skimage.denoise_nl_means(fast_mode=False) with IPOL grayscale parameter schedule,25.679732,0.70271615,18852.646,ok,,Closer to IPOL patchwise parameters; can be very slow.
bsd68,test062,481,321,40,3325433919,BM3D_TAU,"bm3d.bm3d(noisy_float01, sigma_psd=sigma/255)",27.421857,0.79257654,1386.689,ok,,Reference classical upper baseline for AWGN.
bsd68,test062,481,321,50,2405354681,Noisy,"clean + AWGN, clipped to [0,1]",15.896767,0.18772268,0.0,ok,,same noisy image reused for all methods
bsd68,test062,481,321,50,2405354681,Gaussian_SciPy,"scipy.ndimage.gaussian_filter(sigma_filter=1.5, reflect)",22.937733,0.59269479,2.634,ok,,Optimized replacement for Python-loop Gaussian filter.
bsd68,test062,481,321,50,2405354681,Median_SciPy,"scipy.ndimage.median_filter(size=3, reflect)",22.609939,0.39121118,16.154,ok,,Optimized replacement for Python-loop median filter.
bsd68,test062,481,321,50,2405354681,NLM_Skimage_Fast,"skimage.denoise_nl_means(fast_mode=True, h=0.8*sigma, sigma=known_sigma)",23.659905,0.68690156,352.784,ok,,Fast engineering baseline; not the original patchwise NLM runtime.
bsd68,test062,481,321,50,2405354681,NLM_IPOL_Like,skimage.denoise_nl_means(fast_mode=False) with IPOL grayscale parameter schedule,24.250559,0.66705075,28800.357,ok,,Closer to IPOL patchwise parameters; can be very slow.
bsd68,test062,481,321,50,2405354681,BM3D_TAU,"bm3d.bm3d(noisy_float01, sigma_psd=sigma/255)",25.475954,0.74263113,1372.631,ok,,Reference classical upper baseline for AWGN.
bsd68,test062,481,321,75,239494457,Noisy,"clean + AWGN, clipped to [0,1]",12.763266,0.12745975,0.0,ok,,same noisy image reused for all methods
bsd68,test062,481,321,75,239494457,Gaussian_SciPy,"scipy.ndimage.gaussian_filter(sigma_filter=1.5, reflect)",19.918078,0.44499496,3.919,ok,,Optimized replacement for Python-loop Gaussian filter.
bsd68,test062,481,321,75,239494457,Median_SciPy,"scipy.ndimage.median_filter(size=3, reflect)",19.461781,0.2850702,15.5,ok,,Optimized replacement for Python-loop median filter.
bsd68,test062,481,321,75,239494457,NLM_Skimage_Fast,"skimage.denoise_nl_means(fast_mode=True, h=0.8*sigma, sigma=known_sigma)",19.037181,0.5354387,349.152,ok,,Fast engineering baseline; not the original patchwise NLM runtime.
bsd68,test062,481,321,75,239494457,NLM_IPOL_Like,skimage.denoise_nl_means(fast_mode=False) with IPOL grayscale parameter schedule,20.190524,0.56503456,31612.121,ok,,Closer to IPOL patchwise parameters; can be very slow.
bsd68,test062,481,321,75,239494457,BM3D_TAU,"bm3d.bm3d(noisy_float01, sigma_psd=sigma/255)",21.512766,0.62963687,1400.228,ok,,Reference classical upper baseline for AWGN.
bsd68,test063,321,481,5,934229642,Noisy,"clean + AWGN, clipped to [0,1]",34.237908,0.95983453,0.0,ok,,same noisy image reused for all methods
bsd68,test063,321,481,5,934229642,Gaussian_SciPy,"scipy.ndimage.gaussian_filter(sigma_filter=1.5, reflect)",23.199209,0.70319605,1.963,ok,,Optimized replacement for Python-loop Gaussian filter.
bsd68,test063,321,481,5,934229642,Median_SciPy,"scipy.ndimage.median_filter(size=3, reflect)",25.701559,0.847699,14.571,ok,,Optimized replacement for Python-loop median filter.
bsd68,test063,321,481,5,934229642,NLM_Skimage_Fast,"skimage.denoise_nl_means(fast_mode=True, h=0.8*sigma, sigma=known_sigma)",35.275757,0.97262361,243.831,ok,,Fast engineering baseline; not the original patchwise NLM runtime.
bsd68,test063,321,481,5,934229642,NLM_IPOL_Like,skimage.denoise_nl_means(fast_mode=False) with IPOL grayscale parameter schedule,,,2176.449,ok,,Closer to IPOL patchwise parameters; can be very slow.
bsd68,test063,321,481,5,934229642,BM3D_TAU,"bm3d.bm3d(noisy_float01, sigma_psd=sigma/255)",36.167575,0.97908961,1342.992,ok,,Reference classical upper baseline for AWGN.
bsd68,test063,321,481,10,138370698,Noisy,"clean + AWGN, clipped to [0,1]",28.209394,0.87053269,0.0,ok,,same noisy image reused for all methods
bsd68,test063,321,481,10,138370698,Gaussian_SciPy,"scipy.ndimage.gaussian_filter(sigma_filter=1.5, reflect)",23.148605,0.69824768,3.544,ok,,Optimized replacement for Python-loop Gaussian filter.
bsd68,test063,321,481,10,138370698,Median_SciPy,"scipy.ndimage.median_filter(size=3, reflect)",25.255253,0.82157373,14.467,ok,,Optimized replacement for Python-loop median filter.
bsd68,test063,321,481,10,138370698,NLM_Skimage_Fast,"skimage.denoise_nl_means(fast_mode=True, h=0.8*sigma, sigma=known_sigma)",30.439082,0.91815446,299.661,ok,,Fast engineering baseline; not the original patchwise NLM runtime.
bsd68,test063,321,481,10,138370698,NLM_IPOL_Like,skimage.denoise_nl_means(fast_mode=False) with IPOL grayscale parameter schedule,29.484722,0.90498563,2469.934,ok,,Closer to IPOL patchwise parameters; can be very slow.
bsd68,test063,321,481,10,138370698,BM3D_TAU,"bm3d.bm3d(noisy_float01, sigma_psd=sigma/255)",31.531948,0.94464505,1320.845,ok,,Reference classical upper baseline for AWGN.
bsd68,test063,321,481,15,1191965169,Noisy,"clean + AWGN, clipped to [0,1]",24.734166,0.76962227,0.0,ok,,same noisy image reused for all methods
bsd68,test063,321,481,15,1191965169,Gaussian_SciPy,"scipy.ndimage.gaussian_filter(sigma_filter=1.5, reflect)",23.083594,0.69177152,2.393,ok,,Optimized replacement for Python-loop Gaussian filter.
bsd68,test063,321,481,15,1191965169,Median_SciPy,"scipy.ndimage.median_filter(size=3, reflect)",24.754256,0.78887436,16.084,ok,,Optimized replacement for Python-loop median filter.
bsd68,test063,321,481,15,1191965169,NLM_Skimage_Fast,"skimage.denoise_nl_means(fast_mode=True, h=0.8*sigma, sigma=known_sigma)",27.673677,0.84989384,350.458,ok,,Fast engineering baseline; not the original patchwise NLM runtime.
bsd68,test063,321,481,15,1191965169,NLM_IPOL_Like,skimage.denoise_nl_means(fast_mode=False) with IPOL grayscale parameter schedule,26.525792,0.82980938,2667.803,ok,,Closer to IPOL patchwise parameters; can be very slow.
bsd68,test063,321,481,15,1191965169,BM3D_TAU,"bm3d.bm3d(noisy_float01, sigma_psd=sigma/255)",29.042616,0.90387093,1347.515,ok,,Reference classical upper baseline for AWGN.
bsd68,test063,321,481,20,2602153892,Noisy,"clean + AWGN, clipped to [0,1]",22.298859,0.67525295,0.0,ok,,same noisy image reused for all methods
bsd68,test063,321,481,20,2602153892,Gaussian_SciPy,"scipy.ndimage.gaussian_filter(sigma_filter=1.5, reflect)",22.971057,0.68179863,3.237,ok,,Optimized replacement for Python-loop Gaussian filter.
bsd68,test063,321,481,20,2602153892,Median_SciPy,"scipy.ndimage.median_filter(size=3, reflect)",24.123733,0.75147013,15.105,ok,,Optimized replacement for Python-loop median filter.
bsd68,test063,321,481,20,2602153892,NLM_Skimage_Fast,"skimage.denoise_nl_means(fast_mode=True, h=0.8*sigma, sigma=known_sigma)",25.770668,0.77775182,368.536,ok,,Fast engineering baseline; not the original patchwise NLM runtime.
bsd68,test063,321,481,20,2602153892,NLM_IPOL_Like,skimage.denoise_nl_means(fast_mode=False) with IPOL grayscale parameter schedule,25.381251,0.80614517,3806.893,ok,,Closer to IPOL patchwise parameters; can be very slow.
bsd68,test063,321,481,20,2602153892,BM3D_TAU,"bm3d.bm3d(noisy_float01, sigma_psd=sigma/255)",27.409669,0.8588356,1390.35,ok,,Reference classical upper baseline for AWGN.
bsd68,test063,321,481,25,1441001450,Noisy,"clean + AWGN, clipped to [0,1]",20.385631,0.58852836,0.0,ok,,same noisy image reused for all methods
bsd68,test063,321,481,25,1441001450,Gaussian_SciPy,"scipy.ndimage.gaussian_filter(sigma_filter=1.5, reflect)",22.841712,0.67042021,3.289,ok,,Optimized replacement for Python-loop Gaussian filter.
bsd68,test063,321,481,25,1441001450,Median_SciPy,"scipy.ndimage.median_filter(size=3, reflect)",23.461514,0.71234385,16.034,ok,,Optimized replacement for Python-loop median filter.
bsd68,test063,321,481,25,1441001450,NLM_Skimage_Fast,"skimage.denoise_nl_means(fast_mode=True, h=0.8*sigma, sigma=known_sigma)",24.391747,0.71135725,381.946,ok,,Fast engineering baseline; not the original patchwise NLM runtime.
bsd68,test063,321,481,25,1441001450,NLM_IPOL_Like,skimage.denoise_nl_means(fast_mode=False) with IPOL grayscale parameter schedule,24.166445,0.74973493,4024.853,ok,,Closer to IPOL patchwise parameters; can be very slow.
bsd68,test063,321,481,25,1441001450,BM3D_TAU,"bm3d.bm3d(noisy_float01, sigma_psd=sigma/255)",26.0911,0.81114097,1365.874,ok,,Reference classical upper baseline for AWGN.
bsd68,test063,321,481,30,1550343516,Noisy,"clean + AWGN, clipped to [0,1]",18.88213,0.51772715,0.0,ok,,same noisy image reused for all methods
bsd68,test063,321,481,30,1550343516,Gaussian_SciPy,"scipy.ndimage.gaussian_filter(sigma_filter=1.5, reflect)",22.687902,0.65881469,2.826,ok,,Optimized replacement for Python-loop Gaussian filter.
bsd68,test063,321,481,30,1550343516,Median_SciPy,"scipy.ndimage.median_filter(size=3, reflect)",22.821492,0.67344546,16.068,ok,,Optimized replacement for Python-loop median filter.
bsd68,test063,321,481,30,1550343516,NLM_Skimage_Fast,"skimage.denoise_nl_means(fast_mode=True, h=0.8*sigma, sigma=known_sigma)",23.354921,0.65258638,366.186,ok,,Fast engineering baseline; not the original patchwise NLM runtime.
bsd68,test063,321,481,30,1550343516,NLM_IPOL_Like,skimage.denoise_nl_means(fast_mode=False) with IPOL grayscale parameter schedule,23.28457,0.70216474,4207.012,ok,,Closer to IPOL patchwise parameters; can be very slow.
bsd68,test063,321,481,30,1550343516,BM3D_TAU,"bm3d.bm3d(noisy_float01, sigma_psd=sigma/255)",25.099788,0.76810019,1398.347,ok,,Reference classical upper baseline for AWGN.
bsd68,test063,321,481,35,4076114270,Noisy,"clean + AWGN, clipped to [0,1]",17.601296,0.4554567,0.0,ok,,same noisy image reused for all methods
bsd68,test063,321,481,35,4076114270,Gaussian_SciPy,"scipy.ndimage.gaussian_filter(sigma_filter=1.5, reflect)",22.501885,0.64347498,2.539,ok,,Optimized replacement for Python-loop Gaussian filter.
bsd68,test063,321,481,35,4076114270,Median_SciPy,"scipy.ndimage.median_filter(size=3, reflect)",22.209458,0.63764135,16.375,ok,,Optimized replacement for Python-loop median filter.
bsd68,test063,321,481,35,4076114270,NLM_Skimage_Fast,"skimage.denoise_nl_means(fast_mode=True, h=0.8*sigma, sigma=known_sigma)",22.516251,0.59896895,365.668,ok,,Fast engineering baseline; not the original patchwise NLM runtime.
bsd68,test063,321,481,35,4076114270,NLM_IPOL_Like,skimage.denoise_nl_means(fast_mode=False) with IPOL grayscale parameter schedule,22.922098,0.68231015,16307.342,ok,,Closer to IPOL patchwise parameters; can be very slow.
bsd68,test063,321,481,35,4076114270,BM3D_TAU,"bm3d.bm3d(noisy_float01, sigma_psd=sigma/255)",24.27007,0.72477908,1344.931,ok,,Reference classical upper baseline for AWGN.
bsd68,test063,321,481,40,1012489881,Noisy,"clean + AWGN, clipped to [0,1]",16.552585,0.40351628,0.0,ok,,same noisy image reused for all methods
bsd68,test063,321,481,40,1012489881,Gaussian_SciPy,"scipy.ndimage.gaussian_filter(sigma_filter=1.5, reflect)",22.311476,0.63107294,2.784,ok,,Optimized replacement for Python-loop Gaussian filter.
bsd68,test063,321,481,40,1012489881,Median_SciPy,"scipy.ndimage.median_filter(size=3, reflect)",21.540997,0.5999104,15.596,ok,,Optimized replacement for Python-loop median filter.
bsd68,test063,321,481,40,1012489881,NLM_Skimage_Fast,"skimage.denoise_nl_means(fast_mode=True, h=0.8*sigma, sigma=known_sigma)",21.829943,0.55016224,358.07,ok,,Fast engineering baseline; not the original patchwise NLM runtime.
bsd68,test063,321,481,40,1012489881,NLM_IPOL_Like,skimage.denoise_nl_means(fast_mode=False) with IPOL grayscale parameter schedule,22.450131,0.64482265,17212.085,ok,,Closer to IPOL patchwise parameters; can be very slow.
bsd68,test063,321,481,40,1012489881,BM3D_TAU,"bm3d.bm3d(noisy_float01, sigma_psd=sigma/255)",23.645304,0.68799449,1384.954,ok,,Reference classical upper baseline for AWGN.
bsd68,test063,321,481,50,3881866453,Noisy,"clean + AWGN, clipped to [0,1]",14.820912,0.3204716,0.0,ok,,same noisy image reused for all methods
bsd68,test063,321,481,50,3881866453,Gaussian_SciPy,"scipy.ndimage.gaussian_filter(sigma_filter=1.5, reflect)",21.83232,0.5989812,2.271,ok,,Optimized replacement for Python-loop Gaussian filter.
bsd68,test063,321,481,50,3881866453,Median_SciPy,"scipy.ndimage.median_filter(size=3, reflect)",20.330998,0.52806661,17.441,ok,,Optimized replacement for Python-loop median filter.
bsd68,test063,321,481,50,3881866453,NLM_Skimage_Fast,"skimage.denoise_nl_means(fast_mode=True, h=0.8*sigma, sigma=known_sigma)",20.601973,0.45247538,359.03,ok,,Fast engineering baseline; not the original patchwise NLM runtime.
bsd68,test063,321,481,50,3881866453,NLM_IPOL_Like,skimage.denoise_nl_means(fast_mode=False) with IPOL grayscale parameter schedule,21.551135,0.56617725,28243.601,ok,,Closer to IPOL patchwise parameters; can be very slow.
bsd68,test063,321,481,50,3881866453,BM3D_TAU,"bm3d.bm3d(noisy_float01, sigma_psd=sigma/255)",22.504147,0.6124641,1351.224,ok,,Reference classical upper baseline for AWGN.
bsd68,test063,321,481,75,2011579383,Noisy,"clean + AWGN, clipped to [0,1]",11.969091,0.19896663,0.0,ok,,same noisy image reused for all methods
bsd68,test063,321,481,75,2011579383,Gaussian_SciPy,"scipy.ndimage.gaussian_filter(sigma_filter=1.5, reflect)",20.500218,0.51785516,2.884,ok,,Optimized replacement for Python-loop Gaussian filter.
bsd68,test063,321,481,75,2011579383,Median_SciPy,"scipy.ndimage.median_filter(size=3, reflect)",17.778829,0.39166435,16.12,ok,,Optimized replacement for Python-loop median filter.
bsd68,test063,321,481,75,2011579383,NLM_Skimage_Fast,"skimage.denoise_nl_means(fast_mode=True, h=0.8*sigma, sigma=known_sigma)",18.653924,0.28805712,349.598,ok,,Fast engineering baseline; not the original patchwise NLM runtime.
bsd68,test063,321,481,75,2011579383,NLM_IPOL_Like,skimage.denoise_nl_means(fast_mode=False) with IPOL grayscale parameter schedule,18.932653,0.36441989,31936.693,ok,,Closer to IPOL patchwise parameters; can be very slow.
bsd68,test063,321,481,75,2011579383,BM3D_TAU,"bm3d.bm3d(noisy_float01, sigma_psd=sigma/255)",20.587713,0.47466425,1406.364,ok,,Reference classical upper baseline for AWGN.
bsd68,test064,481,321,5,643818978,Noisy,"clean + AWGN, clipped to [0,1]",34.177793,0.94157317,0.0,ok,,same noisy image reused for all methods
bsd68,test064,481,321,5,643818978,Gaussian_SciPy,"scipy.ndimage.gaussian_filter(sigma_filter=1.5, reflect)",24.547403,0.63745015,2.178,ok,,Optimized replacement for Python-loop Gaussian filter.
bsd68,test064,481,321,5,643818978,Median_SciPy,"scipy.ndimage.median_filter(size=3, reflect)",27.162846,0.77343318,15.562,ok,,Optimized replacement for Python-loop median filter.
bsd68,test064,481,321,5,643818978,NLM_Skimage_Fast,"skimage.denoise_nl_means(fast_mode=True, h=0.8*sigma, sigma=known_sigma)",34.665762,0.9453835,266.466,ok,,Fast engineering baseline; not the original patchwise NLM runtime.
bsd68,test064,481,321,5,643818978,NLM_IPOL_Like,skimage.denoise_nl_means(fast_mode=False) with IPOL grayscale parameter schedule,,,2310.907,ok,,Closer to IPOL patchwise parameters; can be very slow.
bsd68,test064,481,321,5,643818978,BM3D_TAU,"bm3d.bm3d(noisy_float01, sigma_psd=sigma/255)",35.360238,0.95776322,1361.328,ok,,Reference classical upper baseline for AWGN.
bsd68,test064,481,321,10,3862176996,Noisy,"clean + AWGN, clipped to [0,1]",28.141512,0.82053937,0.0,ok,,same noisy image reused for all methods
bsd68,test064,481,321,10,3862176996,Gaussian_SciPy,"scipy.ndimage.gaussian_filter(sigma_filter=1.5, reflect)",24.491187,0.63270963,2.967,ok,,Optimized replacement for Python-loop Gaussian filter.
bsd68,test064,481,321,10,3862176996,Median_SciPy,"scipy.ndimage.median_filter(size=3, reflect)",26.617936,0.74115853,15.296,ok,,Optimized replacement for Python-loop median filter.
bsd68,test064,481,321,10,3862176996,NLM_Skimage_Fast,"skimage.denoise_nl_means(fast_mode=True, h=0.8*sigma, sigma=known_sigma)",29.707041,0.83849185,336.862,ok,,Fast engineering baseline; not the original patchwise NLM runtime.
bsd68,test064,481,321,10,3862176996,NLM_IPOL_Like,skimage.denoise_nl_means(fast_mode=False) with IPOL grayscale parameter schedule,29.524509,0.8612127,2603.129,ok,,Closer to IPOL patchwise parameters; can be very slow.
bsd68,test064,481,321,10,3862176996,BM3D_TAU,"bm3d.bm3d(noisy_float01, sigma_psd=sigma/255)",30.858808,0.88642916,1353.588,ok,,Reference classical upper baseline for AWGN.
bsd68,test064,481,321,15,2984651939,Noisy,"clean + AWGN, clipped to [0,1]",24.664008,0.69738544,0.0,ok,,same noisy image reused for all methods
bsd68,test064,481,321,15,2984651939,Gaussian_SciPy,"scipy.ndimage.gaussian_filter(sigma_filter=1.5, reflect)",24.402573,0.62564663,2.777,ok,,Optimized replacement for Python-loop Gaussian filter.
bsd68,test064,481,321,15,2984651939,Median_SciPy,"scipy.ndimage.median_filter(size=3, reflect)",25.919647,0.70030881,15.446,ok,,Optimized replacement for Python-loop median filter.
bsd68,test064,481,321,15,2984651939,NLM_Skimage_Fast,"skimage.denoise_nl_means(fast_mode=True, h=0.8*sigma, sigma=known_sigma)",27.42434,0.7431276,362.269,ok,,Fast engineering baseline; not the original patchwise NLM runtime.
bsd68,test064,481,321,15,2984651939,NLM_IPOL_Like,skimage.denoise_nl_means(fast_mode=False) with IPOL grayscale parameter schedule,26.774568,0.76816214,2730.271,ok,,Closer to IPOL patchwise parameters; can be very slow.
bsd68,test064,481,321,15,2984651939,BM3D_TAU,"bm3d.bm3d(noisy_float01, sigma_psd=sigma/255)",28.630525,0.81171155,1444.633,ok,,Reference classical upper baseline for AWGN.
bsd68,test064,481,321,20,51203370,Noisy,"clean + AWGN, clipped to [0,1]",22.180947,0.58940097,0.0,ok,,same noisy image reused for all methods
bsd68,test064,481,321,20,51203370,Gaussian_SciPy,"scipy.ndimage.gaussian_filter(sigma_filter=1.5, reflect)",24.290905,0.61623701,2.648,ok,,Optimized replacement for Python-loop Gaussian filter.
bsd68,test064,481,321,20,51203370,Median_SciPy,"scipy.ndimage.median_filter(size=3, reflect)",25.103454,0.65465258,15.128,ok,,Optimized replacement for Python-loop median filter.
bsd68,test064,481,321,20,51203370,NLM_Skimage_Fast,"skimage.denoise_nl_means(fast_mode=True, h=0.8*sigma, sigma=known_sigma)",26.072065,0.67374827,367.348,ok,,Fast engineering baseline; not the original patchwise NLM runtime.
bsd68,test064,481,321,20,51203370,NLM_IPOL_Like,skimage.denoise_nl_means(fast_mode=False) with IPOL grayscale parameter schedule,25.791986,0.73053613,4050.028,ok,,Closer to IPOL patchwise parameters; can be very slow.
bsd68,test064,481,321,20,51203370,BM3D_TAU,"bm3d.bm3d(noisy_float01, sigma_psd=sigma/255)",27.231593,0.74938529,1399.615,ok,,Reference classical upper baseline for AWGN.
bsd68,test064,481,321,25,2710626055,Noisy,"clean + AWGN, clipped to [0,1]",20.314049,0.50197675,0.0,ok,,same noisy image reused for all methods
bsd68,test064,481,321,25,2710626055,Gaussian_SciPy,"scipy.ndimage.gaussian_filter(sigma_filter=1.5, reflect)",24.117635,0.60252186,2.849,ok,,Optimized replacement for Python-loop Gaussian filter.
bsd68,test064,481,321,25,2710626055,Median_SciPy,"scipy.ndimage.median_filter(size=3, reflect)",24.303764,0.60781872,17.111,ok,,Optimized replacement for Python-loop median filter.
bsd68,test064,481,321,25,2710626055,NLM_Skimage_Fast,"skimage.denoise_nl_means(fast_mode=True, h=0.8*sigma, sigma=known_sigma)",25.162894,0.61946549,360.472,ok,,Fast engineering baseline; not the original patchwise NLM runtime.
bsd68,test064,481,321,25,2710626055,NLM_IPOL_Like,skimage.denoise_nl_means(fast_mode=False) with IPOL grayscale parameter schedule,24.802409,0.67270196,4221.396,ok,,Closer to IPOL patchwise parameters; can be very slow.
bsd68,test064,481,321,25,2710626055,BM3D_TAU,"bm3d.bm3d(noisy_float01, sigma_psd=sigma/255)",26.301972,0.69550081,1439.786,ok,,Reference classical upper baseline for AWGN.
bsd68,test064,481,321,30,3132945825,Noisy,"clean + AWGN, clipped to [0,1]",18.803453,0.42820345,0.0,ok,,same noisy image reused for all methods
bsd68,test064,481,321,30,3132945825,Gaussian_SciPy,"scipy.ndimage.gaussian_filter(sigma_filter=1.5, reflect)",23.929206,0.58865092,2.384,ok,,Optimized replacement for Python-loop Gaussian filter.
bsd68,test064,481,321,30,3132945825,Median_SciPy,"scipy.ndimage.median_filter(size=3, reflect)",23.520832,0.56609615,16.519,ok,,Optimized replacement for Python-loop median filter.
bsd68,test064,481,321,30,3132945825,NLM_Skimage_Fast,"skimage.denoise_nl_means(fast_mode=True, h=0.8*sigma, sigma=known_sigma)",24.412687,0.57264833,358.482,ok,,Fast engineering baseline; not the original patchwise NLM runtime.
bsd68,test064,481,321,30,3132945825,NLM_IPOL_Like,skimage.denoise_nl_means(fast_mode=False) with IPOL grayscale parameter schedule,24.005416,0.62010108,4373.704,ok,,Closer to IPOL patchwise parameters; can be very slow.
bsd68,test064,481,321,30,3132945825,BM3D_TAU,"bm3d.bm3d(noisy_float01, sigma_psd=sigma/255)",25.566204,0.65013339,1418.116,ok,,Reference classical upper baseline for AWGN.
bsd68,test064,481,321,35,1230928220,Noisy,"clean + AWGN, clipped to [0,1]",17.538284,0.37050918,0.0,ok,,same noisy image reused for all methods
bsd68,test064,481,321,35,1230928220,Gaussian_SciPy,"scipy.ndimage.gaussian_filter(sigma_filter=1.5, reflect)",23.734638,0.57445192,2.764,ok,,Optimized replacement for Python-loop Gaussian filter.
bsd68,test064,481,321,35,1230928220,Median_SciPy,"scipy.ndimage.median_filter(size=3, reflect)",22.733154,0.52199663,16.331,ok,,Optimized replacement for Python-loop median filter.
bsd68,test064,481,321,35,1230928220,NLM_Skimage_Fast,"skimage.denoise_nl_means(fast_mode=True, h=0.8*sigma, sigma=known_sigma)",23.842533,0.53580849,357.995,ok,,Fast engineering baseline; not the original patchwise NLM runtime.
bsd68,test064,481,321,35,1230928220,NLM_IPOL_Like,skimage.denoise_nl_means(fast_mode=False) with IPOL grayscale parameter schedule,23.869039,0.60585353,17390.641,ok,,Closer to IPOL patchwise parameters; can be very slow.
bsd68,test064,481,321,35,1230928220,BM3D_TAU,"bm3d.bm3d(noisy_float01, sigma_psd=sigma/255)",25.004856,0.61284481,1398.392,ok,,Reference classical upper baseline for AWGN.
bsd68,test064,481,321,40,2548507804,Noisy,"clean + AWGN, clipped to [0,1]",16.483572,0.32363654,0.0,ok,,same noisy image reused for all methods
bsd68,test064,481,321,40,2548507804,Gaussian_SciPy,"scipy.ndimage.gaussian_filter(sigma_filter=1.5, reflect)",23.501335,0.561,3.417,ok,,Optimized replacement for Python-loop Gaussian filter.
bsd68,test064,481,321,40,2548507804,Median_SciPy,"scipy.ndimage.median_filter(size=3, reflect)",22.050628,0.48958059,16.986,ok,,Optimized replacement for Python-loop median filter.
bsd68,test064,481,321,40,2548507804,NLM_Skimage_Fast,"skimage.denoise_nl_means(fast_mode=True, h=0.8*sigma, sigma=known_sigma)",23.323535,0.50423336,352.388,ok,,Fast engineering baseline; not the original patchwise NLM runtime.
bsd68,test064,481,321,40,2548507804,NLM_IPOL_Like,skimage.denoise_nl_means(fast_mode=False) with IPOL grayscale parameter schedule,23.46931,0.5758484,18259.715,ok,,Closer to IPOL patchwise parameters; can be very slow.
bsd68,test064,481,321,40,2548507804,BM3D_TAU,"bm3d.bm3d(noisy_float01, sigma_psd=sigma/255)",24.553701,0.58538245,1415.895,ok,,Reference classical upper baseline for AWGN.
bsd68,test064,481,321,50,3079013583,Noisy,"clean + AWGN, clipped to [0,1]",14.762749,0.25352837,0.0,ok,,same noisy image reused for all methods
bsd68,test064,481,321,50,3079013583,Gaussian_SciPy,"scipy.ndimage.gaussian_filter(sigma_filter=1.5, reflect)",23.00416,0.53265136,3.184,ok,,Optimized replacement for Python-loop Gaussian filter.
bsd68,test064,481,321,50,3079013583,Median_SciPy,"scipy.ndimage.median_filter(size=3, reflect)",20.673922,0.42108656,16.414,ok,,Optimized replacement for Python-loop median filter.
bsd68,test064,481,321,50,3079013583,NLM_Skimage_Fast,"skimage.denoise_nl_means(fast_mode=True, h=0.8*sigma, sigma=known_sigma)",22.410825,0.44887435,351.692,ok,,Fast engineering baseline; not the original patchwise NLM runtime.
bsd68,test064,481,321,50,3079013583,NLM_IPOL_Like,skimage.denoise_nl_means(fast_mode=False) with IPOL grayscale parameter schedule,22.984481,0.5228974,28473.104,ok,,Closer to IPOL patchwise parameters; can be very slow.
bsd68,test064,481,321,50,3079013583,BM3D_TAU,"bm3d.bm3d(noisy_float01, sigma_psd=sigma/255)",23.801911,0.53579317,1404.961,ok,,Reference classical upper baseline for AWGN.
bsd68,test064,481,321,75,3863224057,Noisy,"clean + AWGN, clipped to [0,1]",11.914509,0.15337829,0.0,ok,,same noisy image reused for all methods
bsd68,test064,481,321,75,3863224057,Gaussian_SciPy,"scipy.ndimage.gaussian_filter(sigma_filter=1.5, reflect)",21.514372,0.45493633,2.108,ok,,Optimized replacement for Python-loop Gaussian filter.
bsd68,test064,481,321,75,3863224057,Median_SciPy,"scipy.ndimage.median_filter(size=3, reflect)",17.906242,0.30073759,17.705,ok,,Optimized replacement for Python-loop median filter.
bsd68,test064,481,321,75,3863224057,NLM_Skimage_Fast,"skimage.denoise_nl_means(fast_mode=True, h=0.8*sigma, sigma=known_sigma)",20.358006,0.34033339,348.334,ok,,Fast engineering baseline; not the original patchwise NLM runtime.
bsd68,test064,481,321,75,3863224057,NLM_IPOL_Like,skimage.denoise_nl_means(fast_mode=False) with IPOL grayscale parameter schedule,20.938346,0.3948545,31225.88,ok,,Closer to IPOL patchwise parameters; can be very slow.
bsd68,test064,481,321,75,3863224057,BM3D_TAU,"bm3d.bm3d(noisy_float01, sigma_psd=sigma/255)",22.226292,0.44649394,1431.451,ok,,Reference classical upper baseline for AWGN.
bsd68,test065,321,481,5,875652885,Noisy,"clean + AWGN, clipped to [0,1]",34.3666,0.88558599,0.0,ok,,same noisy image reused for all methods
bsd68,test065,321,481,5,875652885,Gaussian_SciPy,"scipy.ndimage.gaussian_filter(sigma_filter=1.5, reflect)",26.614098,0.7942298,2.161,ok,,Optimized replacement for Python-loop Gaussian filter.
bsd68,test065,321,481,5,875652885,Median_SciPy,"scipy.ndimage.median_filter(size=3, reflect)",29.832965,0.87209608,15.916,ok,,Optimized replacement for Python-loop median filter.
bsd68,test065,321,481,5,875652885,NLM_Skimage_Fast,"skimage.denoise_nl_means(fast_mode=True, h=0.8*sigma, sigma=known_sigma)",36.464496,0.9553845,299.815,ok,,Fast engineering baseline; not the original patchwise NLM runtime.
bsd68,test065,321,481,5,875652885,NLM_IPOL_Like,skimage.denoise_nl_means(fast_mode=False) with IPOL grayscale parameter schedule,,,2448.59,ok,,Closer to IPOL patchwise parameters; can be very slow.
bsd68,test065,321,481,5,875652885,BM3D_TAU,"bm3d.bm3d(noisy_float01, sigma_psd=sigma/255)",37.393511,0.96697642,1351.517,ok,,Reference classical upper baseline for AWGN.
bsd68,test065,321,481,10,2777274168,Noisy,"clean + AWGN, clipped to [0,1]",28.620207,0.72300447,0.0,ok,,same noisy image reused for all methods
bsd68,test065,321,481,10,2777274168,Gaussian_SciPy,"scipy.ndimage.gaussian_filter(sigma_filter=1.5, reflect)",26.51088,0.77892455,2.291,ok,,Optimized replacement for Python-loop Gaussian filter.
bsd68,test065,321,481,10,2777274168,Median_SciPy,"scipy.ndimage.median_filter(size=3, reflect)",28.969864,0.81184011,15.739,ok,,Optimized replacement for Python-loop median filter.
bsd68,test065,321,481,10,2777274168,NLM_Skimage_Fast,"skimage.denoise_nl_means(fast_mode=True, h=0.8*sigma, sigma=known_sigma)",31.928402,0.88747123,343.679,ok,,Fast engineering baseline; not the original patchwise NLM runtime.
bsd68,test065,321,481,10,2777274168,NLM_IPOL_Like,skimage.denoise_nl_means(fast_mode=False) with IPOL grayscale parameter schedule,30.934373,0.84912982,2648.449,ok,,Closer to IPOL patchwise parameters; can be very slow.
bsd68,test065,321,481,10,2777274168,BM3D_TAU,"bm3d.bm3d(noisy_float01, sigma_psd=sigma/255)",33.07216,0.91736856,1377.072,ok,,Reference classical upper baseline for AWGN.
bsd68,test065,321,481,15,3044338959,Noisy,"clean + AWGN, clipped to [0,1]",25.262446,0.58882828,0.0,ok,,same noisy image reused for all methods
bsd68,test065,321,481,15,3044338959,Gaussian_SciPy,"scipy.ndimage.gaussian_filter(sigma_filter=1.5, reflect)",26.324216,0.75550267,2.522,ok,,Optimized replacement for Python-loop Gaussian filter.
bsd68,test065,321,481,15,3044338959,Median_SciPy,"scipy.ndimage.median_filter(size=3, reflect)",27.944381,0.74662475,15.404,ok,,Optimized replacement for Python-loop median filter.
bsd68,test065,321,481,15,3044338959,NLM_Skimage_Fast,"skimage.denoise_nl_means(fast_mode=True, h=0.8*sigma, sigma=known_sigma)",29.530051,0.82241314,359.133,ok,,Fast engineering baseline; not the original patchwise NLM runtime.
bsd68,test065,321,481,15,3044338959,NLM_IPOL_Like,skimage.denoise_nl_means(fast_mode=False) with IPOL grayscale parameter schedule,28.130015,0.7617893,2736.859,ok,,Closer to IPOL patchwise parameters; can be very slow.
bsd68,test065,321,481,15,3044338959,BM3D_TAU,"bm3d.bm3d(noisy_float01, sigma_psd=sigma/255)",30.800956,0.86717918,1394.064,ok,,Reference classical upper baseline for AWGN.
bsd68,test065,321,481,20,767658058,Noisy,"clean + AWGN, clipped to [0,1]",22.88104,0.48286762,0.0,ok,,same noisy image reused for all methods
bsd68,test065,321,481,20,767658058,Gaussian_SciPy,"scipy.ndimage.gaussian_filter(sigma_filter=1.5, reflect)",26.024675,0.72439399,3.394,ok,,Optimized replacement for Python-loop Gaussian filter.
bsd68,test065,321,481,20,767658058,Median_SciPy,"scipy.ndimage.median_filter(size=3, reflect)",26.913681,0.68187904,16.007,ok,,Optimized replacement for Python-loop median filter.
bsd68,test065,321,481,20,767658058,NLM_Skimage_Fast,"skimage.denoise_nl_means(fast_mode=True, h=0.8*sigma, sigma=known_sigma)",27.838685,0.7583371,361.845,ok,,Fast engineering baseline; not the original patchwise NLM runtime.
bsd68,test065,321,481,20,767658058,NLM_IPOL_Like,skimage.denoise_nl_means(fast_mode=False) with IPOL grayscale parameter schedule,27.448212,0.76967918,4245.17,ok,,Closer to IPOL patchwise parameters; can be very slow.
bsd68,test065,321,481,20,767658058,BM3D_TAU,"bm3d.bm3d(noisy_float01, sigma_psd=sigma/255)",29.196643,0.81428595,1385.649,ok,,Reference classical upper baseline for AWGN.
bsd68,test065,321,481,25,2636783547,Noisy,"clean + AWGN, clipped to [0,1]",21.048081,0.40466821,0.0,ok,,same noisy image reused for all methods
bsd68,test065,321,481,25,2636783547,Gaussian_SciPy,"scipy.ndimage.gaussian_filter(sigma_filter=1.5, reflect)",25.640214,0.69278513,3.263,ok,,Optimized replacement for Python-loop Gaussian filter.
bsd68,test065,321,481,25,2636783547,Median_SciPy,"scipy.ndimage.median_filter(size=3, reflect)",25.89728,0.62197309,16.356,ok,,Optimized replacement for Python-loop median filter.
bsd68,test065,321,481,25,2636783547,NLM_Skimage_Fast,"skimage.denoise_nl_means(fast_mode=True, h=0.8*sigma, sigma=known_sigma)",26.591511,0.70483172,366.662,ok,,Fast engineering baseline; not the original patchwise NLM runtime.
bsd68,test065,321,481,25,2636783547,NLM_IPOL_Like,skimage.denoise_nl_means(fast_mode=False) with IPOL grayscale parameter schedule,26.289849,0.71489205,4486.255,ok,,Closer to IPOL patchwise parameters; can be very slow.
bsd68,test065,321,481,25,2636783547,BM3D_TAU,"bm3d.bm3d(noisy_float01, sigma_psd=sigma/255)",27.94041,0.76822609,1406.292,ok,,Reference classical upper baseline for AWGN.
bsd68,test065,321,481,30,2507706251,Noisy,"clean + AWGN, clipped to [0,1]",19.522206,0.3414462,0.0,ok,,same noisy image reused for all methods
bsd68,test065,321,481,30,2507706251,Gaussian_SciPy,"scipy.ndimage.gaussian_filter(sigma_filter=1.5, reflect)",25.193286,0.65906382,2.889,ok,,Optimized replacement for Python-loop Gaussian filter.
bsd68,test065,321,481,30,2507706251,Median_SciPy,"scipy.ndimage.median_filter(size=3, reflect)",24.947639,0.56906829,16.618,ok,,Optimized replacement for Python-loop median filter.
bsd68,test065,321,481,30,2507706251,NLM_Skimage_Fast,"skimage.denoise_nl_means(fast_mode=True, h=0.8*sigma, sigma=known_sigma)",25.604191,0.65920705,367.135,ok,,Fast engineering baseline; not the original patchwise NLM runtime.
bsd68,test065,321,481,30,2507706251,NLM_IPOL_Like,skimage.denoise_nl_means(fast_mode=False) with IPOL grayscale parameter schedule,25.238647,0.66423099,4568.822,ok,,Closer to IPOL patchwise parameters; can be very slow.
bsd68,test065,321,481,30,2507706251,BM3D_TAU,"bm3d.bm3d(noisy_float01, sigma_psd=sigma/255)",26.90817,0.72476788,1468.313,ok,,Reference classical upper baseline for AWGN.
bsd68,test065,321,481,35,3337634690,Noisy,"clean + AWGN, clipped to [0,1]",18.274161,0.29389264,0.0,ok,,same noisy image reused for all methods
bsd68,test065,321,481,35,3337634690,Gaussian_SciPy,"scipy.ndimage.gaussian_filter(sigma_filter=1.5, reflect)",24.69368,0.62806637,3.072,ok,,Optimized replacement for Python-loop Gaussian filter.
bsd68,test065,321,481,35,3337634690,Median_SciPy,"scipy.ndimage.median_filter(size=3, reflect)",24.046474,0.52113207,17.216,ok,,Optimized replacement for Python-loop median filter.
bsd68,test065,321,481,35,3337634690,NLM_Skimage_Fast,"skimage.denoise_nl_means(fast_mode=True, h=0.8*sigma, sigma=known_sigma)",24.717548,0.61659236,378.942,ok,,Fast engineering baseline; not the original patchwise NLM runtime.
bsd68,test065,321,481,35,3337634690,NLM_IPOL_Like,skimage.denoise_nl_means(fast_mode=False) with IPOL grayscale parameter schedule,24.733423,0.63884152,18410.547,ok,,Closer to IPOL patchwise parameters; can be very slow.
bsd68,test065,321,481,35,3337634690,BM3D_TAU,"bm3d.bm3d(noisy_float01, sigma_psd=sigma/255)",26.044786,0.68690024,1408.515,ok,,Reference classical upper baseline for AWGN.
bsd68,test065,321,481,40,128459385,Noisy,"clean + AWGN, clipped to [0,1]",17.188757,0.25462303,0.0,ok,,same noisy image reused for all methods
bsd68,test065,321,481,40,128459385,Gaussian_SciPy,"scipy.ndimage.gaussian_filter(sigma_filter=1.5, reflect)",24.22967,0.60145192,2.626,ok,,Optimized replacement for Python-loop Gaussian filter.
bsd68,test065,321,481,40,128459385,Median_SciPy,"scipy.ndimage.median_filter(size=3, reflect)",23.304933,0.48144607,15.423,ok,,Optimized replacement for Python-loop median filter.
bsd68,test065,321,481,40,128459385,NLM_Skimage_Fast,"skimage.denoise_nl_means(fast_mode=True, h=0.8*sigma, sigma=known_sigma)",24.003359,0.58226388,359.027,ok,,Fast engineering baseline; not the original patchwise NLM runtime.
bsd68,test065,321,481,40,128459385,NLM_IPOL_Like,skimage.denoise_nl_means(fast_mode=False) with IPOL grayscale parameter schedule,24.0072,0.60010232,18587.174,ok,,Closer to IPOL patchwise parameters; can be very slow.
bsd68,test065,321,481,40,128459385,BM3D_TAU,"bm3d.bm3d(noisy_float01, sigma_psd=sigma/255)",25.332191,0.65479192,1449.748,ok,,Reference classical upper baseline for AWGN.
bsd68,test065,321,481,50,2255743420,Noisy,"clean + AWGN, clipped to [0,1]",15.446925,0.19751536,0.0,ok,,same noisy image reused for all methods
bsd68,test065,321,481,50,2255743420,Gaussian_SciPy,"scipy.ndimage.gaussian_filter(sigma_filter=1.5, reflect)",23.119159,0.54389461,2.151,ok,,Optimized replacement for Python-loop Gaussian filter.
bsd68,test065,321,481,50,2255743420,Median_SciPy,"scipy.ndimage.median_filter(size=3, reflect)",21.737324,0.40394268,16.567,ok,,Optimized replacement for Python-loop median filter.
bsd68,test065,321,481,50,2255743420,NLM_Skimage_Fast,"skimage.denoise_nl_means(fast_mode=True, h=0.8*sigma, sigma=known_sigma)",22.63067,0.52005383,349.751,ok,,Fast engineering baseline; not the original patchwise NLM runtime.
bsd68,test065,321,481,50,2255743420,NLM_IPOL_Like,skimage.denoise_nl_means(fast_mode=False) with IPOL grayscale parameter schedule,22.96012,0.54450097,28922.78,ok,,Closer to IPOL patchwise parameters; can be very slow.
bsd68,test065,321,481,50,2255743420,BM3D_TAU,"bm3d.bm3d(noisy_float01, sigma_psd=sigma/255)",23.956265,0.59428486,1411.588,ok,,Reference classical upper baseline for AWGN.
bsd68,test065,321,481,75,3805911194,Noisy,"clean + AWGN, clipped to [0,1]",12.422635,0.1170609,0.0,ok,,same noisy image reused for all methods
bsd68,test065,321,481,75,3805911194,Gaussian_SciPy,"scipy.ndimage.gaussian_filter(sigma_filter=1.5, reflect)",20.553343,0.43279347,2.299,ok,,Optimized replacement for Python-loop Gaussian filter.
bsd68,test065,321,481,75,3805911194,Median_SciPy,"scipy.ndimage.median_filter(size=3, reflect)",18.841411,0.28120934,16.283,ok,,Optimized replacement for Python-loop median filter.
bsd68,test065,321,481,75,3805911194,NLM_Skimage_Fast,"skimage.denoise_nl_means(fast_mode=True, h=0.8*sigma, sigma=known_sigma)",19.736696,0.40095661,349.997,ok,,Fast engineering baseline; not the original patchwise NLM runtime.
bsd68,test065,321,481,75,3805911194,NLM_IPOL_Like,skimage.denoise_nl_means(fast_mode=False) with IPOL grayscale parameter schedule,19.918031,0.41838289,31587.601,ok,,Closer to IPOL patchwise parameters; can be very slow.
bsd68,test065,321,481,75,3805911194,BM3D_TAU,"bm3d.bm3d(noisy_float01, sigma_psd=sigma/255)",21.256894,0.48765247,1375.304,ok,,Reference classical upper baseline for AWGN.
bsd68,test066,321,481,5,1223957854,Noisy,"clean + AWGN, clipped to [0,1]",34.152619,0.74240354,0.0,ok,,same noisy image reused for all methods
bsd68,test066,321,481,5,1223957854,Gaussian_SciPy,"scipy.ndimage.gaussian_filter(sigma_filter=1.5, reflect)",34.821888,0.96061112,1.684,ok,,Optimized replacement for Python-loop Gaussian filter.
bsd68,test066,321,481,5,1223957854,Median_SciPy,"scipy.ndimage.median_filter(size=3, reflect)",38.963478,0.93629059,17.85,ok,,Optimized replacement for Python-loop median filter.
bsd68,test066,321,481,5,1223957854,NLM_Skimage_Fast,"skimage.denoise_nl_means(fast_mode=True, h=0.8*sigma, sigma=known_sigma)",43.576604,0.97810032,345.769,ok,,Fast engineering baseline; not the original patchwise NLM runtime.
bsd68,test066,321,481,5,1223957854,NLM_IPOL_Like,skimage.denoise_nl_means(fast_mode=False) with IPOL grayscale parameter schedule,37.839106,0.87587705,2775.217,ok,,Closer to IPOL patchwise parameters; can be very slow.
bsd68,test066,321,481,5,1223957854,BM3D_TAU,"bm3d.bm3d(noisy_float01, sigma_psd=sigma/255)",44.893557,0.98207135,1415.176,ok,,Reference classical upper baseline for AWGN.
bsd68,test066,321,481,10,3327866581,Noisy,"clean + AWGN, clipped to [0,1]",28.188599,0.4392358,0.0,ok,,same noisy image reused for all methods
bsd68,test066,321,481,10,3327866581,Gaussian_SciPy,"scipy.ndimage.gaussian_filter(sigma_filter=1.5, reflect)",34.293455,0.93609311,3.015,ok,,Optimized replacement for Python-loop Gaussian filter.
bsd68,test066,321,481,10,3327866581,Median_SciPy,"scipy.ndimage.median_filter(size=3, reflect)",34.804657,0.81555363,17.202,ok,,Optimized replacement for Python-loop median filter.
bsd68,test066,321,481,10,3327866581,NLM_Skimage_Fast,"skimage.denoise_nl_means(fast_mode=True, h=0.8*sigma, sigma=known_sigma)",40.558409,0.96641723,359.329,ok,,Fast engineering baseline; not the original patchwise NLM runtime.
bsd68,test066,321,481,10,3327866581,NLM_IPOL_Like,skimage.denoise_nl_means(fast_mode=False) with IPOL grayscale parameter schedule,32.821478,0.69375818,2863.256,ok,,Closer to IPOL patchwise parameters; can be very slow.
bsd68,test066,321,481,10,3327866581,BM3D_TAU,"bm3d.bm3d(noisy_float01, sigma_psd=sigma/255)",41.723068,0.97249863,1383.182,ok,,Reference classical upper baseline for AWGN.
bsd68,test066,321,481,15,2654382561,Noisy,"clean + AWGN, clipped to [0,1]",24.654443,0.27395131,0.0,ok,,same noisy image reused for all methods
bsd68,test066,321,481,15,2654382561,Gaussian_SciPy,"scipy.ndimage.gaussian_filter(sigma_filter=1.5, reflect)",33.557642,0.90008191,2.338,ok,,Optimized replacement for Python-loop Gaussian filter.
bsd68,test066,321,481,15,2654382561,Median_SciPy,"scipy.ndimage.median_filter(size=3, reflect)",31.786957,0.6782678,16.668,ok,,Optimized replacement for Python-loop median filter.
bsd68,test066,321,481,15,2654382561,NLM_Skimage_Fast,"skimage.denoise_nl_means(fast_mode=True, h=0.8*sigma, sigma=known_sigma)",38.484675,0.95372114,352.858,ok,,Fast engineering baseline; not the original patchwise NLM runtime.
bsd68,test066,321,481,15,2654382561,NLM_IPOL_Like,skimage.denoise_nl_means(fast_mode=False) with IPOL grayscale parameter schedule,29.616854,0.52543359,2822.394,ok,,Closer to IPOL patchwise parameters; can be very slow.
bsd68,test066,321,481,15,2654382561,BM3D_TAU,"bm3d.bm3d(noisy_float01, sigma_psd=sigma/255)",39.67027,0.96377129,1402.864,ok,,Reference classical upper baseline for AWGN.
bsd68,test066,321,481,20,710228499,Noisy,"clean + AWGN, clipped to [0,1]",22.16172,0.18796771,0.0,ok,,same noisy image reused for all methods
bsd68,test066,321,481,20,710228499,Gaussian_SciPy,"scipy.ndimage.gaussian_filter(sigma_filter=1.5, reflect)",32.628754,0.85231217,2.355,ok,,Optimized replacement for Python-loop Gaussian filter.
bsd68,test066,321,481,20,710228499,Median_SciPy,"scipy.ndimage.median_filter(size=3, reflect)",29.434969,0.55236518,16.087,ok,,Optimized replacement for Python-loop median filter.
bsd68,test066,321,481,20,710228499,NLM_Skimage_Fast,"skimage.denoise_nl_means(fast_mode=True, h=0.8*sigma, sigma=known_sigma)",37.018696,0.94023896,354.953,ok,,Fast engineering baseline; not the original patchwise NLM runtime.
bsd68,test066,321,481,20,710228499,NLM_IPOL_Like,skimage.denoise_nl_means(fast_mode=False) with IPOL grayscale parameter schedule,30.944018,0.62555956,4657.529,ok,,Closer to IPOL patchwise parameters; can be very slow.
bsd68,test066,321,481,20,710228499,BM3D_TAU,"bm3d.bm3d(noisy_float01, sigma_psd=sigma/255)",38.035748,0.95425163,1405.54,ok,,Reference classical upper baseline for AWGN.
bsd68,test066,321,481,25,1069205340,Noisy,"clean + AWGN, clipped to [0,1]",20.25601,0.14006865,0.0,ok,,same noisy image reused for all methods
bsd68,test066,321,481,25,1069205340,Gaussian_SciPy,"scipy.ndimage.gaussian_filter(sigma_filter=1.5, reflect)",31.722966,0.80121297,3.15,ok,,Optimized replacement for Python-loop Gaussian filter.
bsd68,test066,321,481,25,1069205340,Median_SciPy,"scipy.ndimage.median_filter(size=3, reflect)",27.702231,0.45515265,16.62,ok,,Optimized replacement for Python-loop median filter.
bsd68,test066,321,481,25,1069205340,NLM_Skimage_Fast,"skimage.denoise_nl_means(fast_mode=True, h=0.8*sigma, sigma=known_sigma)",35.88987,0.92603198,351.899,ok,,Fast engineering baseline; not the original patchwise NLM runtime.
bsd68,test066,321,481,25,1069205340,NLM_IPOL_Like,skimage.denoise_nl_means(fast_mode=False) with IPOL grayscale parameter schedule,29.375157,0.53844439,4710.423,ok,,Closer to IPOL patchwise parameters; can be very slow.
bsd68,test066,321,481,25,1069205340,BM3D_TAU,"bm3d.bm3d(noisy_float01, sigma_psd=sigma/255)",37.085872,0.94688801,1408.277,ok,,Reference classical upper baseline for AWGN.
bsd68,test066,321,481,30,2262423002,Noisy,"clean + AWGN, clipped to [0,1]",18.667059,0.10857589,0.0,ok,,same noisy image reused for all methods
bsd68,test066,321,481,30,2262423002,Gaussian_SciPy,"scipy.ndimage.gaussian_filter(sigma_filter=1.5, reflect)",30.727621,0.74698598,2.575,ok,,Optimized replacement for Python-loop Gaussian filter.
bsd68,test066,321,481,30,2262423002,Median_SciPy,"scipy.ndimage.median_filter(size=3, reflect)",26.11838,0.37327505,16.179,ok,,Optimized replacement for Python-loop median filter.
bsd68,test066,321,481,30,2262423002,NLM_Skimage_Fast,"skimage.denoise_nl_means(fast_mode=True, h=0.8*sigma, sigma=known_sigma)",34.510266,0.90736197,349.53,ok,,Fast engineering baseline; not the original patchwise NLM runtime.
bsd68,test066,321,481,30,2262423002,NLM_IPOL_Like,skimage.denoise_nl_means(fast_mode=False) with IPOL grayscale parameter schedule,27.897368,0.45799311,4677.304,ok,,Closer to IPOL patchwise parameters; can be very slow.
bsd68,test066,321,481,30,2262423002,BM3D_TAU,"bm3d.bm3d(noisy_float01, sigma_psd=sigma/255)",35.797545,0.93706064,1405.887,ok,,Reference classical upper baseline for AWGN.
bsd68,test066,321,481,35,2067363220,Noisy,"clean + AWGN, clipped to [0,1]",17.30327,0.08765912,0.0,ok,,same noisy image reused for all methods
bsd68,test066,321,481,35,2067363220,Gaussian_SciPy,"scipy.ndimage.gaussian_filter(sigma_filter=1.5, reflect)",29.905828,0.69492838,2.563,ok,,Optimized replacement for Python-loop Gaussian filter.
bsd68,test066,321,481,35,2067363220,Median_SciPy,"scipy.ndimage.median_filter(size=3, reflect)",24.863093,0.31089444,16.877,ok,,Optimized replacement for Python-loop median filter.
bsd68,test066,321,481,35,2067363220,NLM_Skimage_Fast,"skimage.denoise_nl_means(fast_mode=True, h=0.8*sigma, sigma=known_sigma)",33.415784,0.88412256,364.098,ok,,Fast engineering baseline; not the original patchwise NLM runtime.
bsd68,test066,321,481,35,2067363220,NLM_IPOL_Like,skimage.denoise_nl_means(fast_mode=False) with IPOL grayscale parameter schedule,28.916896,0.5333725,19722.136,ok,,Closer to IPOL patchwise parameters; can be very slow.
bsd68,test066,321,481,35,2067363220,BM3D_TAU,"bm3d.bm3d(noisy_float01, sigma_psd=sigma/255)",34.989121,0.9294512,1440.359,ok,,Reference classical upper baseline for AWGN.
bsd68,test066,321,481,40,1221200722,Noisy,"clean + AWGN, clipped to [0,1]",16.193503,0.07306275,0.0,ok,,same noisy image reused for all methods
bsd68,test066,321,481,40,1221200722,Gaussian_SciPy,"scipy.ndimage.gaussian_filter(sigma_filter=1.5, reflect)",29.012892,0.64538316,3.502,ok,,Optimized replacement for Python-loop Gaussian filter.
bsd68,test066,321,481,40,1221200722,Median_SciPy,"scipy.ndimage.median_filter(size=3, reflect)",23.766016,0.26652029,15.46,ok,,Optimized replacement for Python-loop median filter.
bsd68,test066,321,481,40,1221200722,NLM_Skimage_Fast,"skimage.denoise_nl_means(fast_mode=True, h=0.8*sigma, sigma=known_sigma)",32.378479,0.86745571,364.826,ok,,Fast engineering baseline; not the original patchwise NLM runtime.
bsd68,test066,321,481,40,1221200722,NLM_IPOL_Like,skimage.denoise_nl_means(fast_mode=False) with IPOL grayscale parameter schedule,28.123498,0.49680474,19891.864,ok,,Closer to IPOL patchwise parameters; can be very slow.
bsd68,test066,321,481,40,1221200722,BM3D_TAU,"bm3d.bm3d(noisy_float01, sigma_psd=sigma/255)",33.930437,0.91805016,1509.4,ok,,Reference classical upper baseline for AWGN.
bsd68,test066,321,481,50,2778736885,Noisy,"clean + AWGN, clipped to [0,1]",14.369558,0.0543706,0.0,ok,,same noisy image reused for all methods
bsd68,test066,321,481,50,2778736885,Gaussian_SciPy,"scipy.ndimage.gaussian_filter(sigma_filter=1.5, reflect)",27.594368,0.55587731,3.247,ok,,Optimized replacement for Python-loop Gaussian filter.
bsd68,test066,321,481,50,2778736885,Median_SciPy,"scipy.ndimage.median_filter(size=3, reflect)",21.887838,0.19755821,15.881,ok,,Optimized replacement for Python-loop median filter.
bsd68,test066,321,481,50,2778736885,NLM_Skimage_Fast,"skimage.denoise_nl_means(fast_mode=True, h=0.8*sigma, sigma=known_sigma)",30.60795,0.83427567,348.696,ok,,Fast engineering baseline; not the original patchwise NLM runtime.
bsd68,test066,321,481,50,2778736885,NLM_IPOL_Like,skimage.denoise_nl_means(fast_mode=False) with IPOL grayscale parameter schedule,28.831447,0.58781234,30656.529,ok,,Closer to IPOL patchwise parameters; can be very slow.
bsd68,test066,321,481,50,2778736885,BM3D_TAU,"bm3d.bm3d(noisy_float01, sigma_psd=sigma/255)",32.736339,0.90675624,1415.106,ok,,Reference classical upper baseline for AWGN.
bsd68,test066,321,481,75,2947546420,Noisy,"clean + AWGN, clipped to [0,1]",11.459916,0.03141917,0.0,ok,,same noisy image reused for all methods
bsd68,test066,321,481,75,2947546420,Gaussian_SciPy,"scipy.ndimage.gaussian_filter(sigma_filter=1.5, reflect)",24.829643,0.40815825,1.758,ok,,Optimized replacement for Python-loop Gaussian filter.
bsd68,test066,321,481,75,2947546420,Median_SciPy,"scipy.ndimage.median_filter(size=3, reflect)",18.353583,0.11154879,16.02,ok,,Optimized replacement for Python-loop median filter.
bsd68,test066,321,481,75,2947546420,NLM_Skimage_Fast,"skimage.denoise_nl_means(fast_mode=True, h=0.8*sigma, sigma=known_sigma)",27.127166,0.82328818,348.604,ok,,Fast engineering baseline; not the original patchwise NLM runtime.
bsd68,test066,321,481,75,2947546420,NLM_IPOL_Like,skimage.denoise_nl_means(fast_mode=False) with IPOL grayscale parameter schedule,27.163002,0.72234423,31845.314,ok,,Closer to IPOL patchwise parameters; can be very slow.
bsd68,test066,321,481,75,2947546420,BM3D_TAU,"bm3d.bm3d(noisy_float01, sigma_psd=sigma/255)",29.864239,0.8845096,1389.159,ok,,Reference classical upper baseline for AWGN.
bsd68,test067,481,321,5,2747820999,Noisy,"clean + AWGN, clipped to [0,1]",34.153973,0.98061008,0.0,ok,,same noisy image reused for all methods
bsd68,test067,481,321,5,2747820999,Gaussian_SciPy,"scipy.ndimage.gaussian_filter(sigma_filter=1.5, reflect)",19.919668,0.62376502,2.082,ok,,Optimized replacement for Python-loop Gaussian filter.
bsd68,test067,481,321,5,2747820999,Median_SciPy,"scipy.ndimage.median_filter(size=3, reflect)",23.079433,0.81824103,14.259,ok,,Optimized replacement for Python-loop median filter.
bsd68,test067,481,321,5,2747820999,NLM_Skimage_Fast,"skimage.denoise_nl_means(fast_mode=True, h=0.8*sigma, sigma=known_sigma)",34.354847,0.98217424,234.011,ok,,Fast engineering baseline; not the original patchwise NLM runtime.
bsd68,test067,481,321,5,2747820999,NLM_IPOL_Like,skimage.denoise_nl_means(fast_mode=False) with IPOL grayscale parameter schedule,,,2004.139,ok,,Closer to IPOL patchwise parameters; can be very slow.
bsd68,test067,481,321,5,2747820999,BM3D_TAU,"bm3d.bm3d(noisy_float01, sigma_psd=sigma/255)",34.739334,0.98442342,1327.144,ok,,Reference classical upper baseline for AWGN.
bsd68,test067,481,321,10,852327469,Noisy,"clean + AWGN, clipped to [0,1]",28.201439,0.93270059,0.0,ok,,same noisy image reused for all methods
bsd68,test067,481,321,10,852327469,Gaussian_SciPy,"scipy.ndimage.gaussian_filter(sigma_filter=1.5, reflect)",19.896532,0.62225856,2.393,ok,,Optimized replacement for Python-loop Gaussian filter.
bsd68,test067,481,321,10,852327469,Median_SciPy,"scipy.ndimage.median_filter(size=3, reflect)",22.811517,0.80414961,15.439,ok,,Optimized replacement for Python-loop median filter.
bsd68,test067,481,321,10,852327469,NLM_Skimage_Fast,"skimage.denoise_nl_means(fast_mode=True, h=0.8*sigma, sigma=known_sigma)",29.008109,0.93984655,258.987,ok,,Fast engineering baseline; not the original patchwise NLM runtime.
bsd68,test067,481,321,10,852327469,NLM_IPOL_Like,skimage.denoise_nl_means(fast_mode=False) with IPOL grayscale parameter schedule,28.777445,0.94299338,2289.972,ok,,Closer to IPOL patchwise parameters; can be very slow.
bsd68,test067,481,321,10,852327469,BM3D_TAU,"bm3d.bm3d(noisy_float01, sigma_psd=sigma/255)",29.787303,0.9548755,1323.671,ok,,Reference classical upper baseline for AWGN.
bsd68,test067,481,321,15,3951060147,Noisy,"clean + AWGN, clipped to [0,1]",24.696575,0.87088421,0.0,ok,,same noisy image reused for all methods
bsd68,test067,481,321,15,3951060147,Gaussian_SciPy,"scipy.ndimage.gaussian_filter(sigma_filter=1.5, reflect)",19.853525,0.619049,2.724,ok,,Optimized replacement for Python-loop Gaussian filter.
bsd68,test067,481,321,15,3951060147,Median_SciPy,"scipy.ndimage.median_filter(size=3, reflect)",22.414328,0.78389535,14.95,ok,,Optimized replacement for Python-loop median filter.
bsd68,test067,481,321,15,3951060147,NLM_Skimage_Fast,"skimage.denoise_nl_means(fast_mode=True, h=0.8*sigma, sigma=known_sigma)",26.201096,0.88543199,297.052,ok,,Fast engineering baseline; not the original patchwise NLM runtime.
bsd68,test067,481,321,15,3951060147,NLM_IPOL_Like,skimage.denoise_nl_means(fast_mode=False) with IPOL grayscale parameter schedule,25.805554,0.89556357,2462.553,ok,,Closer to IPOL patchwise parameters; can be very slow.
bsd68,test067,481,321,15,3951060147,BM3D_TAU,"bm3d.bm3d(noisy_float01, sigma_psd=sigma/255)",27.197126,0.91946088,1300.533,ok,,Reference classical upper baseline for AWGN.
bsd68,test067,481,321,20,3037851990,Noisy,"clean + AWGN, clipped to [0,1]",22.271037,0.8061631,0.0,ok,,same noisy image reused for all methods
bsd68,test067,481,321,20,3037851990,Gaussian_SciPy,"scipy.ndimage.gaussian_filter(sigma_filter=1.5, reflect)",19.793969,0.61380332,2.841,ok,,Optimized replacement for Python-loop Gaussian filter.
bsd68,test067,481,321,20,3037851990,Median_SciPy,"scipy.ndimage.median_filter(size=3, reflect)",21.958435,0.76064075,15.988,ok,,Optimized replacement for Python-loop median filter.
bsd68,test067,481,321,20,3037851990,NLM_Skimage_Fast,"skimage.denoise_nl_means(fast_mode=True, h=0.8*sigma, sigma=known_sigma)",24.294909,0.82519271,336.681,ok,,Fast engineering baseline; not the original patchwise NLM runtime.
bsd68,test067,481,321,20,3037851990,NLM_IPOL_Like,skimage.denoise_nl_means(fast_mode=False) with IPOL grayscale parameter schedule,23.821776,0.85737916,3359.595,ok,,Closer to IPOL patchwise parameters; can be very slow.
bsd68,test067,481,321,20,3037851990,BM3D_TAU,"bm3d.bm3d(noisy_float01, sigma_psd=sigma/255)",25.523532,0.88047952,1426.889,ok,,Reference classical upper baseline for AWGN.
bsd68,test067,481,321,25,597129053,Noisy,"clean + AWGN, clipped to [0,1]",20.369354,0.74048837,0.0,ok,,same noisy image reused for all methods
bsd68,test067,481,321,25,597129053,Gaussian_SciPy,"scipy.ndimage.gaussian_filter(sigma_filter=1.5, reflect)",19.721194,0.60835005,3.114,ok,,Optimized replacement for Python-loop Gaussian filter.
bsd68,test067,481,321,25,597129053,Median_SciPy,"scipy.ndimage.median_filter(size=3, reflect)",21.471038,0.73612231,16.826,ok,,Optimized replacement for Python-loop median filter.
bsd68,test067,481,321,25,597129053,NLM_Skimage_Fast,"skimage.denoise_nl_means(fast_mode=True, h=0.8*sigma, sigma=known_sigma)",22.857945,0.76612764,357.01,ok,,Fast engineering baseline; not the original patchwise NLM runtime.
bsd68,test067,481,321,25,597129053,NLM_IPOL_Like,skimage.denoise_nl_means(fast_mode=False) with IPOL grayscale parameter schedule,22.655756,0.81772077,3628.996,ok,,Closer to IPOL patchwise parameters; can be very slow.
bsd68,test067,481,321,25,597129053,BM3D_TAU,"bm3d.bm3d(noisy_float01, sigma_psd=sigma/255)",24.250947,0.840719,1336.981,ok,,Reference classical upper baseline for AWGN.
bsd68,test067,481,321,30,1234926639,Noisy,"clean + AWGN, clipped to [0,1]",18.885509,0.68132926,0.0,ok,,same noisy image reused for all methods
bsd68,test067,481,321,30,1234926639,Gaussian_SciPy,"scipy.ndimage.gaussian_filter(sigma_filter=1.5, reflect)",19.632962,0.60164047,3.288,ok,,Optimized replacement for Python-loop Gaussian filter.
bsd68,test067,481,321,30,1234926639,Median_SciPy,"scipy.ndimage.median_filter(size=3, reflect)",20.984172,0.71079986,16.533,ok,,Optimized replacement for Python-loop median filter.
bsd68,test067,481,321,30,1234926639,NLM_Skimage_Fast,"skimage.denoise_nl_means(fast_mode=True, h=0.8*sigma, sigma=known_sigma)",21.82078,0.71368525,365.548,ok,,Fast engineering baseline; not the original patchwise NLM runtime.
bsd68,test067,481,321,30,1234926639,NLM_IPOL_Like,skimage.denoise_nl_means(fast_mode=False) with IPOL grayscale parameter schedule,21.909699,0.78313323,3774.475,ok,,Closer to IPOL patchwise parameters; can be very slow.
bsd68,test067,481,321,30,1234926639,BM3D_TAU,"bm3d.bm3d(noisy_float01, sigma_psd=sigma/255)",23.287715,0.80226077,1349.521,ok,,Reference classical upper baseline for AWGN.
bsd68,test067,481,321,35,529098944,Noisy,"clean + AWGN, clipped to [0,1]",17.640907,0.62575125,0.0,ok,,same noisy image reused for all methods
bsd68,test067,481,321,35,529098944,Gaussian_SciPy,"scipy.ndimage.gaussian_filter(sigma_filter=1.5, reflect)",19.531854,0.59447673,3.266,ok,,Optimized replacement for Python-loop Gaussian filter.
bsd68,test067,481,321,35,529098944,Median_SciPy,"scipy.ndimage.median_filter(size=3, reflect)",20.482446,0.68476861,16.482,ok,,Optimized replacement for Python-loop median filter.
bsd68,test067,481,321,35,529098944,NLM_Skimage_Fast,"skimage.denoise_nl_means(fast_mode=True, h=0.8*sigma, sigma=known_sigma)",20.872684,0.65996896,367.51,ok,,Fast engineering baseline; not the original patchwise NLM runtime.
bsd68,test067,481,321,35,529098944,NLM_IPOL_Like,skimage.denoise_nl_means(fast_mode=False) with IPOL grayscale parameter schedule,21.160913,0.75055469,13807.54,ok,,Closer to IPOL patchwise parameters; can be very slow.
bsd68,test067,481,321,35,529098944,BM3D_TAU,"bm3d.bm3d(noisy_float01, sigma_psd=sigma/255)",22.433012,0.7629334,1361.937,ok,,Reference classical upper baseline for AWGN.
bsd68,test067,481,321,40,3575335825,Noisy,"clean + AWGN, clipped to [0,1]",16.548762,0.57373025,0.0,ok,,same noisy image reused for all methods
bsd68,test067,481,321,40,3575335825,Gaussian_SciPy,"scipy.ndimage.gaussian_filter(sigma_filter=1.5, reflect)",19.410897,0.58540603,2.809,ok,,Optimized replacement for Python-loop Gaussian filter.
bsd68,test067,481,321,40,3575335825,Median_SciPy,"scipy.ndimage.median_filter(size=3, reflect)",20.006259,0.66059155,16.304,ok,,Optimized replacement for Python-loop median filter.
bsd68,test067,481,321,40,3575335825,NLM_Skimage_Fast,"skimage.denoise_nl_means(fast_mode=True, h=0.8*sigma, sigma=known_sigma)",20.132517,0.61082351,364.085,ok,,Fast engineering baseline; not the original patchwise NLM runtime.
bsd68,test067,481,321,40,3575335825,NLM_IPOL_Like,skimage.denoise_nl_means(fast_mode=False) with IPOL grayscale parameter schedule,20.854861,0.72130391,14549.67,ok,,Closer to IPOL patchwise parameters; can be very slow.
bsd68,test067,481,321,40,3575335825,BM3D_TAU,"bm3d.bm3d(noisy_float01, sigma_psd=sigma/255)",21.745674,0.72596204,1356.921,ok,,Reference classical upper baseline for AWGN.
bsd68,test067,481,321,50,2646817487,Noisy,"clean + AWGN, clipped to [0,1]",14.835273,0.48632454,0.0,ok,,same noisy image reused for all methods
bsd68,test067,481,321,50,2646817487,Gaussian_SciPy,"scipy.ndimage.gaussian_filter(sigma_filter=1.5, reflect)",19.127386,0.56492086,2.754,ok,,Optimized replacement for Python-loop Gaussian filter.
bsd68,test067,481,321,50,2646817487,Median_SciPy,"scipy.ndimage.median_filter(size=3, reflect)",19.03638,0.60950979,16.641,ok,,Optimized replacement for Python-loop median filter.
bsd68,test067,481,321,50,2646817487,NLM_Skimage_Fast,"skimage.denoise_nl_means(fast_mode=True, h=0.8*sigma, sigma=known_sigma)",18.813056,0.51342043,363.091,ok,,Fast engineering baseline; not the original patchwise NLM runtime.
bsd68,test067,481,321,50,2646817487,NLM_IPOL_Like,skimage.denoise_nl_means(fast_mode=False) with IPOL grayscale parameter schedule,20.123312,0.64921752,23392.672,ok,,Closer to IPOL patchwise parameters; can be very slow.
bsd68,test067,481,321,50,2646817487,BM3D_TAU,"bm3d.bm3d(noisy_float01, sigma_psd=sigma/255)",20.677861,0.65754936,1397.236,ok,,Reference classical upper baseline for AWGN.
bsd68,test067,481,321,75,2943530374,Noisy,"clean + AWGN, clipped to [0,1]",11.968971,0.33407381,0.0,ok,,same noisy image reused for all methods
bsd68,test067,481,321,75,2943530374,Gaussian_SciPy,"scipy.ndimage.gaussian_filter(sigma_filter=1.5, reflect)",18.315508,0.51099483,2.233,ok,,Optimized replacement for Python-loop Gaussian filter.
bsd68,test067,481,321,75,2943530374,Median_SciPy,"scipy.ndimage.median_filter(size=3, reflect)",16.85525,0.4994339,16.083,ok,,Optimized replacement for Python-loop median filter.
bsd68,test067,481,321,75,2943530374,NLM_Skimage_Fast,"skimage.denoise_nl_means(fast_mode=True, h=0.8*sigma, sigma=known_sigma)",16.401283,0.30034858,375.375,ok,,Fast engineering baseline; not the original patchwise NLM runtime.
bsd68,test067,481,321,75,2943530374,NLM_IPOL_Like,skimage.denoise_nl_means(fast_mode=False) with IPOL grayscale parameter schedule,17.668663,0.44445734,29924.482,ok,,Closer to IPOL patchwise parameters; can be very slow.
bsd68,test067,481,321,75,2943530374,BM3D_TAU,"bm3d.bm3d(noisy_float01, sigma_psd=sigma/255)",18.75551,0.51324174,1413.542,ok,,Reference classical upper baseline for AWGN.
bsd68,test068,321,481,5,3156471023,Noisy,"clean + AWGN, clipped to [0,1]",34.590068,0.91888254,0.0,ok,,same noisy image reused for all methods
bsd68,test068,321,481,5,3156471023,Gaussian_SciPy,"scipy.ndimage.gaussian_filter(sigma_filter=1.5, reflect)",21.537555,0.66687035,1.727,ok,,Optimized replacement for Python-loop Gaussian filter.
bsd68,test068,321,481,5,3156471023,Median_SciPy,"scipy.ndimage.median_filter(size=3, reflect)",23.365231,0.77722021,15.777,ok,,Optimized replacement for Python-loop median filter.
bsd68,test068,321,481,5,3156471023,NLM_Skimage_Fast,"skimage.denoise_nl_means(fast_mode=True, h=0.8*sigma, sigma=known_sigma)",35.959898,0.98092551,331.261,ok,,Fast engineering baseline; not the original patchwise NLM runtime.
bsd68,test068,321,481,5,3156471023,NLM_IPOL_Like,skimage.denoise_nl_means(fast_mode=False) with IPOL grayscale parameter schedule,,,2462.995,ok,,Closer to IPOL patchwise parameters; can be very slow.
bsd68,test068,321,481,5,3156471023,BM3D_TAU,"bm3d.bm3d(noisy_float01, sigma_psd=sigma/255)",36.291163,0.9832954,1391.066,ok,,Reference classical upper baseline for AWGN.
bsd68,test068,321,481,10,3577742534,Noisy,"clean + AWGN, clipped to [0,1]",28.791194,0.80185691,0.0,ok,,same noisy image reused for all methods
bsd68,test068,321,481,10,3577742534,Gaussian_SciPy,"scipy.ndimage.gaussian_filter(sigma_filter=1.5, reflect)",21.48583,0.66075974,2.551,ok,,Optimized replacement for Python-loop Gaussian filter.
bsd68,test068,321,481,10,3577742534,Median_SciPy,"scipy.ndimage.median_filter(size=3, reflect)",23.156031,0.7371535,15.253,ok,,Optimized replacement for Python-loop median filter.
bsd68,test068,321,481,10,3577742534,NLM_Skimage_Fast,"skimage.denoise_nl_means(fast_mode=True, h=0.8*sigma, sigma=known_sigma)",30.449259,0.94047287,301.608,ok,,Fast engineering baseline; not the original patchwise NLM runtime.
bsd68,test068,321,481,10,3577742534,NLM_IPOL_Like,skimage.denoise_nl_means(fast_mode=False) with IPOL grayscale parameter schedule,30.252096,0.91601546,2516.954,ok,,Closer to IPOL patchwise parameters; can be very slow.
bsd68,test068,321,481,10,3577742534,BM3D_TAU,"bm3d.bm3d(noisy_float01, sigma_psd=sigma/255)",31.134093,0.95379509,1383.17,ok,,Reference classical upper baseline for AWGN.
bsd68,test068,321,481,15,2960472291,Noisy,"clean + AWGN, clipped to [0,1]",25.424403,0.70066049,0.0,ok,,same noisy image reused for all methods
bsd68,test068,321,481,15,2960472291,Gaussian_SciPy,"scipy.ndimage.gaussian_filter(sigma_filter=1.5, reflect)",21.403698,0.65103644,3.063,ok,,Optimized replacement for Python-loop Gaussian filter.
bsd68,test068,321,481,15,2960472291,Median_SciPy,"scipy.ndimage.median_filter(size=3, reflect)",22.88188,0.68979598,15.909,ok,,Optimized replacement for Python-loop median filter.
bsd68,test068,321,481,15,2960472291,NLM_Skimage_Fast,"skimage.denoise_nl_means(fast_mode=True, h=0.8*sigma, sigma=known_sigma)",27.298408,0.88111691,337.496,ok,,Fast engineering baseline; not the original patchwise NLM runtime.
bsd68,test068,321,481,15,2960472291,NLM_IPOL_Like,skimage.denoise_nl_means(fast_mode=False) with IPOL grayscale parameter schedule,27.308306,0.86101452,2651.943,ok,,Closer to IPOL patchwise parameters; can be very slow.
bsd68,test068,321,481,15,2960472291,BM3D_TAU,"bm3d.bm3d(noisy_float01, sigma_psd=sigma/255)",28.316057,0.91657529,1345.674,ok,,Reference classical upper baseline for AWGN.
bsd68,test068,321,481,20,2156228041,Noisy,"clean + AWGN, clipped to [0,1]",23.027603,0.61518624,0.0,ok,,same noisy image reused for all methods
bsd68,test068,321,481,20,2156228041,Gaussian_SciPy,"scipy.ndimage.gaussian_filter(sigma_filter=1.5, reflect)",21.27488,0.63796372,2.607,ok,,Optimized replacement for Python-loop Gaussian filter.
bsd68,test068,321,481,20,2156228041,Median_SciPy,"scipy.ndimage.median_filter(size=3, reflect)",22.515106,0.64243255,15.671,ok,,Optimized replacement for Python-loop median filter.
bsd68,test068,321,481,20,2156228041,NLM_Skimage_Fast,"skimage.denoise_nl_means(fast_mode=True, h=0.8*sigma, sigma=known_sigma)",25.226947,0.81778681,359.643,ok,,Fast engineering baseline; not the original patchwise NLM runtime.
bsd68,test068,321,481,20,2156228041,NLM_IPOL_Like,skimage.denoise_nl_means(fast_mode=False) with IPOL grayscale parameter schedule,25.440765,0.87091805,3907.12,ok,,Closer to IPOL patchwise parameters; can be very slow.
bsd68,test068,321,481,20,2156228041,BM3D_TAU,"bm3d.bm3d(noisy_float01, sigma_psd=sigma/255)",26.420038,0.87538104,1403.218,ok,,Reference classical upper baseline for AWGN.
bsd68,test068,321,481,25,398870397,Noisy,"clean + AWGN, clipped to [0,1]",21.201189,0.54597972,0.0,ok,,same noisy image reused for all methods
bsd68,test068,321,481,25,398870397,Gaussian_SciPy,"scipy.ndimage.gaussian_filter(sigma_filter=1.5, reflect)",21.124181,0.62456682,2.676,ok,,Optimized replacement for Python-loop Gaussian filter.
bsd68,test068,321,481,25,398870397,Median_SciPy,"scipy.ndimage.median_filter(size=3, reflect)",22.070907,0.60041338,15.913,ok,,Optimized replacement for Python-loop median filter.
bsd68,test068,321,481,25,398870397,NLM_Skimage_Fast,"skimage.denoise_nl_means(fast_mode=True, h=0.8*sigma, sigma=known_sigma)",23.704345,0.75716664,362.619,ok,,Fast engineering baseline; not the original patchwise NLM runtime.
bsd68,test068,321,481,25,398870397,NLM_IPOL_Like,skimage.denoise_nl_means(fast_mode=False) with IPOL grayscale parameter schedule,24.201572,0.83606955,4129.983,ok,,Closer to IPOL patchwise parameters; can be very slow.
bsd68,test068,321,481,25,398870397,BM3D_TAU,"bm3d.bm3d(noisy_float01, sigma_psd=sigma/255)",24.929054,0.82895418,1417.028,ok,,Reference classical upper baseline for AWGN.
bsd68,test068,321,481,30,172781479,Noisy,"clean + AWGN, clipped to [0,1]",19.756446,0.48765172,0.0,ok,,same noisy image reused for all methods
bsd68,test068,321,481,30,172781479,Gaussian_SciPy,"scipy.ndimage.gaussian_filter(sigma_filter=1.5, reflect)",20.936131,0.61002336,3.468,ok,,Optimized replacement for Python-loop Gaussian filter.
bsd68,test068,321,481,30,172781479,Median_SciPy,"scipy.ndimage.median_filter(size=3, reflect)",21.650138,0.5602604,15.991,ok,,Optimized replacement for Python-loop median filter.
bsd68,test068,321,481,30,172781479,NLM_Skimage_Fast,"skimage.denoise_nl_means(fast_mode=True, h=0.8*sigma, sigma=known_sigma)",22.625689,0.7074226,363.966,ok,,Fast engineering baseline; not the original patchwise NLM runtime.
bsd68,test068,321,481,30,172781479,NLM_IPOL_Like,skimage.denoise_nl_means(fast_mode=False) with IPOL grayscale parameter schedule,23.360357,0.8054917,4279.464,ok,,Closer to IPOL patchwise parameters; can be very slow.
bsd68,test068,321,481,30,172781479,BM3D_TAU,"bm3d.bm3d(noisy_float01, sigma_psd=sigma/255)",23.822885,0.78591891,1403.761,ok,,Reference classical upper baseline for AWGN.
bsd68,test068,321,481,35,140953202,Noisy,"clean + AWGN, clipped to [0,1]",18.483411,0.43614418,0.0,ok,,same noisy image reused for all methods
bsd68,test068,321,481,35,140953202,Gaussian_SciPy,"scipy.ndimage.gaussian_filter(sigma_filter=1.5, reflect)",20.711973,0.59271317,3.117,ok,,Optimized replacement for Python-loop Gaussian filter.
bsd68,test068,321,481,35,140953202,Median_SciPy,"scipy.ndimage.median_filter(size=3, reflect)",21.228141,0.5261656,16.417,ok,,Optimized replacement for Python-loop median filter.
bsd68,test068,321,481,35,140953202,NLM_Skimage_Fast,"skimage.denoise_nl_means(fast_mode=True, h=0.8*sigma, sigma=known_sigma)",21.70264,0.66156829,363.917,ok,,Fast engineering baseline; not the original patchwise NLM runtime.
bsd68,test068,321,481,35,140953202,NLM_IPOL_Like,skimage.denoise_nl_means(fast_mode=False) with IPOL grayscale parameter schedule,22.45594,0.77167886,17062.6,ok,,Closer to IPOL patchwise parameters; can be very slow.
bsd68,test068,321,481,35,140953202,BM3D_TAU,"bm3d.bm3d(noisy_float01, sigma_psd=sigma/255)",22.822215,0.74167857,1435.688,ok,,Reference classical upper baseline for AWGN.
bsd68,test068,321,481,40,2937504012,Noisy,"clean + AWGN, clipped to [0,1]",17.458171,0.39492224,0.0,ok,,same noisy image reused for all methods
bsd68,test068,321,481,40,2937504012,Gaussian_SciPy,"scipy.ndimage.gaussian_filter(sigma_filter=1.5, reflect)",20.467018,0.57340684,2.309,ok,,Optimized replacement for Python-loop Gaussian filter.
bsd68,test068,321,481,40,2937504012,Median_SciPy,"scipy.ndimage.median_filter(size=3, reflect)",20.792726,0.49392176,19.311,ok,,Optimized replacement for Python-loop median filter.
bsd68,test068,321,481,40,2937504012,NLM_Skimage_Fast,"skimage.denoise_nl_means(fast_mode=True, h=0.8*sigma, sigma=known_sigma)",20.983779,0.62467959,361.729,ok,,Fast engineering baseline; not the original patchwise NLM runtime.
bsd68,test068,321,481,40,2937504012,NLM_IPOL_Like,skimage.denoise_nl_means(fast_mode=False) with IPOL grayscale parameter schedule,21.966531,0.74396743,17842.005,ok,,Closer to IPOL patchwise parameters; can be very slow.
bsd68,test068,321,481,40,2937504012,BM3D_TAU,"bm3d.bm3d(noisy_float01, sigma_psd=sigma/255)",22.079467,0.70448837,1439.001,ok,,Reference classical upper baseline for AWGN.
bsd68,test068,321,481,50,2486911028,Noisy,"clean + AWGN, clipped to [0,1]",15.659668,0.32158741,0.0,ok,,same noisy image reused for all methods
bsd68,test068,321,481,50,2486911028,Gaussian_SciPy,"scipy.ndimage.gaussian_filter(sigma_filter=1.5, reflect)",19.925537,0.54066979,3.21,ok,,Optimized replacement for Python-loop Gaussian filter.
bsd68,test068,321,481,50,2486911028,Median_SciPy,"scipy.ndimage.median_filter(size=3, reflect)",19.869272,0.43538969,16.734,ok,,Optimized replacement for Python-loop median filter.
bsd68,test068,321,481,50,2486911028,NLM_Skimage_Fast,"skimage.denoise_nl_means(fast_mode=True, h=0.8*sigma, sigma=known_sigma)",19.794071,0.56037347,357.234,ok,,Fast engineering baseline; not the original patchwise NLM runtime.
bsd68,test068,321,481,50,2486911028,NLM_IPOL_Like,skimage.denoise_nl_means(fast_mode=False) with IPOL grayscale parameter schedule,20.697968,0.66364082,27834.282,ok,,Closer to IPOL patchwise parameters; can be very slow.
bsd68,test068,321,481,50,2486911028,BM3D_TAU,"bm3d.bm3d(noisy_float01, sigma_psd=sigma/255)",20.917616,0.64252531,1401.708,ok,,Reference classical upper baseline for AWGN.
bsd68,test068,321,481,75,356503398,Noisy,"clean + AWGN, clipped to [0,1]",12.636474,0.20996226,0.0,ok,,same noisy image reused for all methods
bsd68,test068,321,481,75,356503398,Gaussian_SciPy,"scipy.ndimage.gaussian_filter(sigma_filter=1.5, reflect)",18.403795,0.4491468,2.3,ok,,Optimized replacement for Python-loop Gaussian filter.
bsd68,test068,321,481,75,356503398,Median_SciPy,"scipy.ndimage.median_filter(size=3, reflect)",17.853093,0.33126844,15.144,ok,,Optimized replacement for Python-loop median filter.
bsd68,test068,321,481,75,356503398,NLM_Skimage_Fast,"skimage.denoise_nl_means(fast_mode=True, h=0.8*sigma, sigma=known_sigma)",17.578833,0.44534523,352.36,ok,,Fast engineering baseline; not the original patchwise NLM runtime.
bsd68,test068,321,481,75,356503398,NLM_IPOL_Like,skimage.denoise_nl_means(fast_mode=False) with IPOL grayscale parameter schedule,18.001717,0.50093995,31087.033,ok,,Closer to IPOL patchwise parameters; can be very slow.
bsd68,test068,321,481,75,356503398,BM3D_TAU,"bm3d.bm3d(noisy_float01, sigma_psd=sigma/255)",18.772373,0.53031137,1387.358,ok,,Reference classical upper baseline for AWGN.
