dataset,image,sigma,method,psnr,ssim,runtime_ms,seed
bsd68,test001,5,Noisy,34.18049137263543,0.95670026978941,0.0,5753
bsd68,test001,5,Gaussian,22.924614586910014,0.6203303741979922,615.3841000050306,5753
bsd68,test001,5,Median,24.592950125720627,0.7272580984262871,1577.3942000232637,5753
bsd68,test001,5,NLM,28.966111554402765,0.7955095979234982,335.78679998754524,5753
bsd68,test001,5,BM3D,34.785733005820795,0.9651001422949665,1374.6253999997862,5753
bsd68,test001,10,Noisy,28.255032976873572,0.8597823125878031,0.0,10753
bsd68,test001,10,Gaussian,22.864703299658004,0.6146904297185848,635.3070000186563,10753
bsd68,test001,10,Median,24.27911768697621,0.7021220995549985,1559.2562000092585,10753
bsd68,test001,10,NLM,26.684505164030302,0.7283314450539229,355.18559999763966,10753
bsd68,test001,10,BM3D,30.221004334066247,0.8942709539225413,1386.2699000164866,10753
bsd68,test001,15,Noisy,24.798992063205624,0.7510164511588191,0.0,15753
bsd68,test001,15,Gaussian,22.765718560093227,0.6050904764767945,614.3663999973796,15753
bsd68,test001,15,Median,23.84336965820614,0.6691172866584861,1547.1437000087462,15753
bsd68,test001,15,NLM,24.90065286194912,0.6582549008549088,367.85549999331124,15753
bsd68,test001,15,BM3D,27.81593447046538,0.814842344354796,1407.4525000178255,15753
bsd68,test001,20,Noisy,22.38014649216952,0.652809773780564,0.0,20753
bsd68,test001,20,Gaussian,22.63954681150658,0.5942739980580166,622.3612999892794,20753
bsd68,test001,20,Median,23.314842732201512,0.6331052844861219,1549.2272999836132,20753
bsd68,test001,20,NLM,23.655408444333812,0.5959154752877185,365.5352000205312,20753
bsd68,test001,20,BM3D,26.340290398763845,0.7550194656485509,1577.5385000160895,20753
bsd68,test001,25,Noisy,20.51513962880986,0.5687687994880682,0.0,25753
bsd68,test001,25,Gaussian,22.470866313405296,0.5799040461305992,614.1876999754459,25753
bsd68,test001,25,Median,22.732413630679616,0.5962877265307188,1563.1037999992259,25753
bsd68,test001,25,NLM,22.794455211651375,0.5456553309790715,369.4215000141412,25753
bsd68,test001,25,BM3D,25.230906407477818,0.7020688827962759,1716.5681999758817,25753
bsd68,test001,30,Noisy,19.021828058361685,0.4957925123433866,0.0,30753
bsd68,test001,30,Gaussian,22.27264717191085,0.5630929419940093,621.4409000240266,30753
bsd68,test001,30,Median,22.160605586094256,0.5599597327878545,1559.9721999897156,30753
bsd68,test001,30,NLM,22.208611622152517,0.5069244952292927,368.2976999843959,30753
bsd68,test001,30,BM3D,24.361524812189433,0.6579999601985987,1428.676200011978,30753
bsd68,test001,35,Noisy,17.818171671133292,0.43756749786315075,0.0,35753
bsd68,test001,35,Gaussian,22.067267483785088,0.5467791170970484,610.5564000026789,35753
bsd68,test001,35,Median,21.61479971180906,0.5258857325640283,1550.5789000017103,35753
bsd68,test001,35,NLM,21.73970797903669,0.4771922194916351,360.0546000234317,35753
bsd68,test001,35,BM3D,23.6833477963811,0.6160176408138084,1498.0365999799687,35753
bsd68,test001,40,Noisy,16.786567660054665,0.38880050741782224,0.0,40753
bsd68,test001,40,Gaussian,21.84068151525703,0.5304133583439491,608.2987999834586,40753
bsd68,test001,40,Median,21.068077879524168,0.4958399304800084,1549.3500999873504,40753
bsd68,test001,40,NLM,21.368877486725466,0.45139733928328396,358.61699999077246,40753
bsd68,test001,40,BM3D,23.079643744442215,0.5774676597084814,1452.987500000745,40753
bsd68,test001,50,Noisy,15.084647888752233,0.3100798237924116,0.0,50753
bsd68,test001,50,Gaussian,21.333650213517483,0.4939946605051431,611.2330000032671,50753
bsd68,test001,50,Median,19.964680969152447,0.4322478139848655,1544.5252999779768,50753
bsd68,test001,50,NLM,20.685053409235362,0.4061852534465489,355.7252000027802,50753
bsd68,test001,50,BM3D,22.11931692064827,0.5117310268354422,1789.659899979597,50753
bsd68,test001,75,Noisy,12.185211189516231,0.19259976372058835,0.0,75753
bsd68,test001,75,Gaussian,19.77560761415142,0.41661878296156185,661.7640999902505,75753
bsd68,test001,75,Median,17.5819323455973,0.3193784315734915,1650.4112999828067,75753
bsd68,test001,75,NLM,19.204098325198903,0.3335694948125223,387.0849999948405,75753
bsd68,test001,75,BM3D,20.254740505951396,0.3984450419727668,2250.8373000018764,75753
bsd68,test002,5,Noisy,34.6447771120873,0.8757409971109379,0.0,5294
bsd68,test002,5,Gaussian,26.866203541427844,0.8242377025542929,644.3064000050072,5294
bsd68,test002,5,Median,28.57450654677962,0.8665704731586735,1597.481599979801,5294
bsd68,test002,5,NLM,36.4806673736997,0.9598566357658286,325.58020000578836,5294
bsd68,test002,5,BM3D,37.511392231671906,0.9746038247183861,1512.0134000026155,5294
bsd68,test002,10,Noisy,28.755419289705735,0.6838006714250202,0.0,10294
bsd68,test002,10,Gaussian,26.62046658494588,0.8077485486782585,622.2187000093982,10294
bsd68,test002,10,Median,27.999909885723937,0.8065820626564311,1620.0803999963682,10294
bsd68,test002,10,NLM,32.041399947688916,0.9095457239690536,353.2941000012215,10294
bsd68,test002,10,BM3D,33.407779518208145,0.9430886765164936,1456.5780000120867,10294
bsd68,test002,15,Noisy,25.25204388858354,0.5306183242184918,0.0,15294
bsd68,test002,15,Gaussian,26.255554026325633,0.7821431010506805,622.7140999981202,15294
bsd68,test002,15,Median,27.212495305622536,0.7303934879024079,1570.682299992768,15294
bsd68,test002,15,NLM,29.536828953500304,0.8610642773277393,362.0431000017561,15294
bsd68,test002,15,BM3D,30.976187590886262,0.9110521951834027,1419.663299981039,15294
bsd68,test002,20,Noisy,22.806235610254454,0.4267572152628809,0.0,20294
bsd68,test002,20,Gaussian,25.842565510011998,0.75339098735452,620.576399989659,20294
bsd68,test002,20,Median,26.426415531028667,0.6620835464697852,1554.1782999935094,20294
bsd68,test002,20,NLM,28.04419443040432,0.8272694809668945,360.59120000572875,20294
bsd68,test002,20,BM3D,29.361745054635854,0.8851335184963929,1427.259000018239,20294
bsd68,test002,25,Noisy,20.862604986367323,0.3471520742938909,0.0,25294
bsd68,test002,25,Gaussian,25.317470144616795,0.7175373471403442,620.1441999874078,25294
bsd68,test002,25,Median,25.48936321185667,0.5902738657263008,1581.0862999933306,25294
bsd68,test002,25,NLM,26.758386354241278,0.7890945207062061,363.6943000019528,25294
bsd68,test002,25,BM3D,28.0205513972853,0.8534392072456747,1453.1516999995802,25294
bsd68,test002,30,Noisy,19.362864529981188,0.2916102980242229,0.0,30294
bsd68,test002,30,Gaussian,24.813765240330085,0.6874041020813718,610.6389000196941,30294
bsd68,test002,30,Median,24.68319872287442,0.5315195610139182,1561.3755999947898,30294
bsd68,test002,30,NLM,25.853452727049945,0.7609904770076291,362.6147999893874,30294
bsd68,test002,30,BM3D,26.939608909790145,0.829842844628732,1455.2355000050738,30294
bsd68,test002,35,Noisy,18.05604863093096,0.2482300612808149,0.0,35294
bsd68,test002,35,Gaussian,24.23616087520542,0.6505877812114138,616.2161999964155,35294
bsd68,test002,35,Median,23.78275548139268,0.47703697270539774,1581.256100005703,35294
bsd68,test002,35,NLM,25.006578910955916,0.7358464052141879,359.1045999783091,35294
bsd68,test002,35,BM3D,26.079797065173974,0.8104218707963028,1433.4304000076372,35294
bsd68,test002,40,Noisy,16.916228706180355,0.2125461189167316,0.0,40294
bsd68,test002,40,Gaussian,23.69393915961502,0.6149399558527546,617.4613999901339,40294
bsd68,test002,40,Median,23.01665063258838,0.43215167822148237,1567.9057000088505,40294
bsd68,test002,40,NLM,24.240469332121393,0.7072118772528871,360.9353000065312,40294
bsd68,test002,40,BM3D,25.269072588516345,0.7843907447437122,1487.1089000080246,40294
bsd68,test002,50,Noisy,15.147700159321646,0.16347069917204057,0.0,50294
bsd68,test002,50,Gaussian,22.61178690024161,0.5508494543927961,617.9737000202294,50294
bsd68,test002,50,Median,21.609094324495803,0.357637667953122,1579.6363000117708,50294
bsd68,test002,50,NLM,22.97719172508404,0.6634278135515012,359.7666000132449,50294
bsd68,test002,50,BM3D,23.92779474033299,0.750173991586759,1628.3569000079297,50294
bsd68,test002,75,Noisy,12.171337405241863,0.09729482423175388,0.0,75294
bsd68,test002,75,Gaussian,20.22490034203767,0.42125399238377265,614.0639999939594,75294
bsd68,test002,75,Median,18.61276675954183,0.2353350361124647,1555.0485999847297,75294
bsd68,test002,75,NLM,20.61609891059358,0.5772088870067841,354.8016999848187,75294
bsd68,test002,75,BM3D,21.39001124325349,0.6853556589762904,1450.3006000013556,75294
bsd68,test003,5,Noisy,34.11822401810012,0.8433432914315945,0.0,5933
bsd68,test003,5,Gaussian,25.32343613852624,0.8123947083794397,613.7994000164326,5933
bsd68,test003,5,Median,27.06765532189944,0.8477980682656517,1567.065500013996,5933
bsd68,test003,5,NLM,35.822794895314814,0.9269372995033047,333.63720000488684,5933
bsd68,test003,5,BM3D,37.73566059558902,0.9584003935908061,1413.1274000101257,5933
bsd68,test003,10,Noisy,28.140618318693747,0.625339890916223,0.0,10933
bsd68,test003,10,Gaussian,25.220975836420436,0.789817473387408,612.0188999921083,10933
bsd68,test003,10,Median,26.593512401868487,0.7711953360305852,1570.3150999906939,10933
bsd68,test003,10,NLM,31.94120765582737,0.8772157568885612,345.6771000055596,10933
bsd68,test003,10,BM3D,34.04731699998575,0.9207953968063927,1450.221299979603,10933
bsd68,test003,15,Noisy,24.66295840719219,0.48206405257398544,0.0,15933
bsd68,test003,15,Gaussian,25.066366860950318,0.7576200168749958,614.9125999945682,15933
bsd68,test003,15,Median,25.930687310457987,0.6821069178899244,1553.3392000070307,15933
bsd68,test003,15,NLM,29.64914843856485,0.8377070895111262,358.3556000085082,15933
bsd68,test003,15,BM3D,31.981704602471236,0.8941376968361554,1544.9401999940164,15933
bsd68,test003,20,Noisy,22.211253221517005,0.3882918545282964,0.0,20933
bsd68,test003,20,Gaussian,24.890919595456438,0.7227792834727379,612.3172999941744,20933
bsd68,test003,20,Median,25.19299448957093,0.6026539245822354,1537.646599987056,20933
bsd68,test003,20,NLM,28.035865655668985,0.802813312376325,364.3704999994952,20933
bsd68,test003,20,BM3D,30.58014065178359,0.8722627261584637,1511.2419999786653,20933
bsd68,test003,25,Noisy,20.310348610833895,0.32319231436281765,0.0,25933
bsd68,test003,25,Gaussian,24.61431321434148,0.6777777742533287,613.1098000041675,25933
bsd68,test003,25,Median,24.351147706065966,0.524326692162413,1567.4873999960255,25933
bsd68,test003,25,NLM,26.711508842861456,0.7680331817034949,357.8356000070926,25933
bsd68,test003,25,BM3D,29.36262647772033,0.8470117823141883,1471.153599995887,25933
bsd68,test003,30,Noisy,18.818364220621728,0.27763304325563803,0.0,30933
bsd68,test003,30,Gaussian,24.378837578289847,0.6387651709335341,610.1249000057578,30933
bsd68,test003,30,Median,23.5915816080068,0.4663617752954689,1539.2772000050172,30933
bsd68,test003,30,NLM,25.716060183264695,0.7404851291812933,359.29059999762103,30933
bsd68,test003,30,BM3D,28.54467679294368,0.8314427471962116,1580.9751000197139,30933
bsd68,test003,35,Noisy,17.526802478388372,0.2396155442146671,0.0,35933
bsd68,test003,35,Gaussian,24.056714517405126,0.5975902104317664,635.452400019858,35933
bsd68,test003,35,Median,22.770379182699937,0.40983020895599287,1569.816000002902,35933
bsd68,test003,35,NLM,24.77137797495633,0.7085874656126953,357.8828999889083,35933
bsd68,test003,35,BM3D,27.66031999435606,0.809299984499039,1456.3763000187464,35933
bsd68,test003,40,Noisy,16.470078786880606,0.2130259129578648,0.0,40933
bsd68,test003,40,Gaussian,23.76795360119653,0.5647994085242533,617.962099990109,40933
bsd68,test003,40,Median,22.067829761970547,0.37042379541390313,1552.7992999996059,40933
bsd68,test003,40,NLM,24.1530943257461,0.6841034803899233,362.131900008535,40933
bsd68,test003,40,BM3D,27.097263843369728,0.7955491845017003,1453.00270000007,40933
bsd68,test003,50,Noisy,14.732431827510311,0.169389297610529,0.0,50933
bsd68,test003,50,Gaussian,23.068565387490803,0.5029969820052687,612.6402000081725,50933
bsd68,test003,50,Median,20.608182249875007,0.3017126683159808,1568.4814999985974,50933
bsd68,test003,50,NLM,23.140069042840796,0.6379556168428907,355.60280000208877,50933
bsd68,test003,50,BM3D,25.850068220092272,0.7628722647515905,1452.8287000139244,50933
bsd68,test003,75,Noisy,11.919260360757475,0.10887297167911876,0.0,75933
bsd68,test003,75,Gaussian,21.288576893902516,0.38332768663209194,614.8487000027671,75933
bsd68,test003,75,Median,17.839545566103396,0.20349086955305717,1611.5673999884166,75933
bsd68,test003,75,NLM,21.39665880176855,0.5445712448882779,391.4087000011932,75933
bsd68,test003,75,BM3D,23.46594091013089,0.6962833172843794,4051.9830000121146,75933
bsd68,test004,5,Noisy,34.09319744984511,0.8823344151810727,0.0,5970
bsd68,test004,5,Gaussian,29.747903111074905,0.8746609197686028,627.0761000050697,5970
bsd68,test004,5,Median,31.86187187343778,0.9128831441770973,1830.4047999845352,5970
bsd68,test004,5,NLM,36.35513407464164,0.9466697257663366,346.0209000040777,5970
bsd68,test004,5,BM3D,38.54446888054048,0.9711548221074194,1741.5833999984898,5970
bsd68,test004,10,Noisy,28.100774183097133,0.6843377904528547,0.0,10970
bsd68,test004,10,Gaussian,29.51360149627793,0.8586727170340085,704.300899989903,10970
bsd68,test004,10,Median,30.580414056944555,0.8530849789601928,1673.4406999894418,10970
bsd68,test004,10,NLM,31.965087642745615,0.8753468490693609,379.68699997873046,10970
bsd68,test004,10,BM3D,34.94034183283888,0.9377234539475676,1608.508700010134,10970
bsd68,test004,15,Noisy,24.636468753825923,0.5282175672696814,0.0,15970
bsd68,test004,15,Gaussian,29.16758324215433,0.8344095032748772,651.1635000060778,15970
bsd68,test004,15,Median,29.15154933626466,0.7777525760456921,1701.0638999927323,15970
bsd68,test004,15,NLM,29.776110690629373,0.8155189567310167,371.9480999861844,15970
bsd68,test004,15,BM3D,32.83130473614727,0.903337190716814,1909.177699999418,15970
bsd68,test004,20,Noisy,22.1045903638197,0.41002132641620126,0.0,20970
bsd68,test004,20,Gaussian,28.684625369788193,0.8017106773681288,691.6120999958366,20970
bsd68,test004,20,Median,27.71636690855842,0.6968137246422828,1704.4618999934755,20970
bsd68,test004,20,NLM,28.153367940869988,0.7581511423006978,410.5167999805417,20970
bsd68,test004,20,BM3D,31.33337806961636,0.8693539576847934,1530.315599986352,20970
bsd68,test004,25,Noisy,20.224438794987762,0.32882696451111304,0.0,25970
bsd68,test004,25,Gaussian,28.151881536767913,0.7677217938556938,643.4290000179317,25970
bsd68,test004,25,Median,26.402401065651357,0.6236161362995698,1699.441000004299,25970
bsd68,test004,25,NLM,27.226860116670892,0.7199985317124888,372.7054000191856,25970
bsd68,test004,25,BM3D,30.19168582781701,0.8374927510318069,1607.8332000179216,25970
bsd68,test004,30,Noisy,18.709949073161813,0.26879424178836286,0.0,30970
bsd68,test004,30,Gaussian,27.595853294727263,0.7307939866870514,640.2144000167027,30970
bsd68,test004,30,Median,25.236545854052853,0.5584275829440337,1621.7449000105262,30970
bsd68,test004,30,NLM,26.449988550272042,0.6840198920899853,367.38760001026094,30970
bsd68,test004,30,BM3D,29.380608034800822,0.8091987107982926,1474.6742999996059,30970
bsd68,test004,35,Noisy,17.457086523167654,0.22355869707777554,0.0,35970
bsd68,test004,35,Gaussian,27.045510108312524,0.6955579891545367,637.0223000121769,35970
bsd68,test004,35,Median,24.15021759509177,0.4992624501931993,1606.6433999803849,35970
bsd68,test004,35,NLM,25.928567782329544,0.6563438067507841,366.3996000250336,35970
bsd68,test004,35,BM3D,28.679195737440534,0.7848486074955464,1512.3908999958076,35970
bsd68,test004,40,Noisy,16.378354201434874,0.1885987255144357,0.0,40970
bsd68,test004,40,Gaussian,26.480319211397322,0.6585788731709882,659.0223000093829,40970
bsd68,test004,40,Median,23.139286842051447,0.44439349414834206,1619.9625000008382,40970
bsd68,test004,40,NLM,25.388406946388162,0.6303190056527286,362.6826000108849,40970
bsd68,test004,40,BM3D,28.101924093810865,0.7595055589073001,1462.7057999896351,40970
bsd68,test004,50,Noisy,14.688576959573531,0.14100477043838344,0.0,50970
bsd68,test004,50,Gaussian,25.379854196903846,0.5893627944551935,629.691099980846,50970
bsd68,test004,50,Median,21.4459560406932,0.36081769724234825,1607.4710999964736,50970
bsd68,test004,50,NLM,24.740733392360305,0.5895709873844132,364.7548999870196,50970
bsd68,test004,50,BM3D,27.1142176021571,0.7164205950643668,1495.053699996788,50970
bsd68,test004,75,Noisy,11.871031455367785,0.08033397649880353,0.0,75970
bsd68,test004,75,Gaussian,22.984771821143525,0.45782457778865976,634.4267000094987,75970
bsd68,test004,75,Median,18.29881544672353,0.22634394512501918,1920.0809999892954,75970
bsd68,test004,75,NLM,23.184225186371936,0.5113160415599419,374.9919999972917,75970
bsd68,test004,75,BM3D,25.001866572367874,0.6351040064003979,2860.0077999872155,75970
bsd68,test005,5,Noisy,34.43830294791954,0.9290814242345184,0.0,5935
bsd68,test005,5,Gaussian,25.592507319391693,0.7657959119888735,654.4179000193253,5935
bsd68,test005,5,Median,27.453972420543092,0.8461474560098333,1671.7602999997325,5935
bsd68,test005,5,NLM,34.04313277274777,0.9403022531653797,330.7531999889761,5935
bsd68,test005,5,BM3D,36.1124436553272,0.9746867208468645,1435.7878000009805,5935
bsd68,test005,10,Noisy,28.569816142666408,0.7977748470735502,0.0,10935
bsd68,test005,10,Gaussian,25.436909390079947,0.7557002440905654,643.5340000025462,10935
bsd68,test005,10,Median,26.908433926402004,0.8067195189593224,1658.988799987128,10935
bsd68,test005,10,NLM,29.639177807498736,0.8644443895646555,363.55579999508336,10935
bsd68,test005,10,BM3D,31.72094636770212,0.9331032423969504,1463.2089999795426,10935
bsd68,test005,15,Noisy,25.178624909464208,0.6740328675793353,0.0,15935
bsd68,test005,15,Gaussian,25.21121023275901,0.742196372499053,702.5911999808159,15935
bsd68,test005,15,Median,26.25230871341175,0.7612334694824437,1715.6491000205278,15935
bsd68,test005,15,NLM,27.327601018906144,0.7980204793298191,375.07710000500083,15935
bsd68,test005,15,BM3D,29.343778787736632,0.8871980041622448,1819.9875999998767,15935
bsd68,test005,20,Noisy,22.758973603206503,0.5691231203894559,0.0,20935
bsd68,test005,20,Gaussian,24.90359731584659,0.7230977701356471,802.542599994922,20935
bsd68,test005,20,Median,25.516032118821734,0.7107111007617894,1725.9977999783587,20935
bsd68,test005,20,NLM,25.882373282824265,0.7448368670605077,391.011100000469,20935
bsd68,test005,20,BM3D,27.647131297961394,0.8376284155109603,1551.166799996281,20935
bsd68,test005,25,Noisy,20.85970356432521,0.48166278376060057,0.0,25935
bsd68,test005,25,Gaussian,24.520995415442272,0.7015405063443004,645.105000003241,25935
bsd68,test005,25,Median,24.718674352850556,0.6568084914744236,1655.222400004277,25935
bsd68,test005,25,NLM,24.818031505675453,0.6994272914359738,379.8884999996517,25935
bsd68,test005,25,BM3D,26.329271651670286,0.7901099025663301,1453.801099996781,25935
bsd68,test005,30,Noisy,19.3103770787984,0.409965677102582,0.0,30935
bsd68,test005,30,Gaussian,24.105036560871174,0.6769060908435951,647.7725000004284,30935
bsd68,test005,30,Median,23.933355785711935,0.6056711327600339,1625.355700001819,30935
bsd68,test005,30,NLM,23.929835796834467,0.6582985984610412,375.0467000063509,30935
bsd68,test005,30,BM3D,25.33288136629342,0.7471347027137129,1443.8392000156455,30935
bsd68,test005,35,Noisy,18.073617865290664,0.35524985623989,0.0,35935
bsd68,test005,35,Gaussian,23.662007825351612,0.6542844998596234,658.255200018175,35935
bsd68,test005,35,Median,23.19574838510202,0.5609911334551233,1615.817000012612,35935
bsd68,test005,35,NLM,23.279535526889617,0.6291327312443808,390.7339999859687,35935
bsd68,test005,35,BM3D,24.527646517987755,0.7121941465286674,1416.121899994323,35935
bsd68,test005,40,Noisy,16.971248604672226,0.30968605092068974,0.0,40935
bsd68,test005,40,Gaussian,23.185930679119913,0.6293763933702626,636.7561000224669,40935
bsd68,test005,40,Median,22.47388006126036,0.5202955299566505,1622.580499999458,40935
bsd68,test005,40,NLM,22.7130175508416,0.6047052057615099,369.49149999418296,40935
bsd68,test005,40,BM3D,23.805281621519548,0.681334178201606,1430.7686999964062,40935
bsd68,test005,50,Noisy,15.230746311213569,0.24143542072262236,0.0,50935
bsd68,test005,50,Gaussian,22.22162901055801,0.5792988242053677,639.9001000099815,50935
bsd68,test005,50,Median,21.105860897247403,0.442849339302014,1622.1736000152305,50935
bsd68,test005,50,NLM,21.73061152760459,0.560985796933853,372.81840000650845,50935
bsd68,test005,50,BM3D,22.691013457907893,0.636290888552534,1437.0519000221975,50935
bsd68,test005,75,Noisy,12.259898066961416,0.14389494989202678,0.0,75935
bsd68,test005,75,Gaussian,20.018847671388762,0.4721883412653562,633.150800014846,75935
bsd68,test005,75,Median,18.429051246170772,0.31272592077634215,1613.021499972092,75935
bsd68,test005,75,NLM,19.844392986140665,0.48109583901342706,376.0752000089269,75935
bsd68,test005,75,BM3D,20.507681071789676,0.5467911257237071,1476.8818000156898,75935
bsd68,test006,5,Noisy,34.17059633145569,0.831634933016441,0.0,5878
bsd68,test006,5,Gaussian,31.72224201952347,0.8947440747419717,624.2543999978807,5878
bsd68,test006,5,Median,34.45091521012567,0.9084595265577898,1595.2976999979,5878
bsd68,test006,5,NLM,37.63637174074704,0.95410962384284,344.94379998068325,5878
bsd68,test006,5,BM3D,39.58963642036857,0.9728360028412925,1415.4951999953482,5878
bsd68,test006,10,Noisy,28.36117016541788,0.5977231138980971,0.0,10878
bsd68,test006,10,Gaussian,31.292555009045067,0.8731185108056375,627.673600014532,10878
bsd68,test006,10,Median,32.41113049852511,0.8266633450030672,1614.7671999933664,10878
bsd68,test006,10,NLM,33.574124357863255,0.9008400682120358,387.1664000034798,10878
bsd68,test006,10,BM3D,36.12532656354508,0.9465765739159214,1422.857199999271,10878
bsd68,test006,15,Noisy,24.95132662368123,0.4331475029071606,0.0,15878
bsd68,test006,15,Gaussian,30.650609821113694,0.8414570698577615,632.9440999834333,15878
bsd68,test006,15,Median,30.41602506178728,0.7296187769270311,1653.8236000051256,15878
bsd68,test006,15,NLM,31.700228025265975,0.8648679419061157,371.2049999739975,15878
bsd68,test006,15,BM3D,34.07865581491199,0.9204509560709917,1552.697100007208,15878
bsd68,test006,20,Noisy,22.545321089543158,0.3251990863617026,0.0,20878
bsd68,test006,20,Gaussian,29.849545260893823,0.8036027179875991,644.0177999902517,20878
bsd68,test006,20,Median,28.686219495355616,0.6370864502006756,1639.0145000186749,20878
bsd68,test006,20,NLM,30.376360064966118,0.8358015184181791,371.2888000009116,20878
bsd68,test006,20,BM3D,32.513744517193835,0.8950401019221021,1433.0170000030193,20878
bsd68,test006,25,Noisy,20.677644665011826,0.2525089866693522,0.0,25878
bsd68,test006,25,Gaussian,29.032517724783965,0.7639188271474291,639.0378999931272,25878
bsd68,test006,25,Median,27.182123740528947,0.5546669264255294,1603.223199985223,25878
bsd68,test006,25,NLM,29.375927408987238,0.8137730251734485,376.68839999241754,25878
bsd68,test006,25,BM3D,31.34073100492615,0.876573310797863,1434.611800010316,25878
bsd68,test006,30,Noisy,19.174777633129615,0.20140098525414418,0.0,30878
bsd68,test006,30,Gaussian,28.096216927805372,0.719139771675539,631.3974999939092,30878
bsd68,test006,30,Median,25.917478361868756,0.48564526785056533,1622.0443999918643,30878
bsd68,test006,30,NLM,28.5147011464149,0.7921467748701936,392.8747000172734,30878
bsd68,test006,30,BM3D,30.209025852884185,0.8538272470805363,1447.3282999824733,30878
bsd68,test006,35,Noisy,17.93669034387159,0.16644580959295088,0.0,35878
bsd68,test006,35,Gaussian,27.300661007092785,0.684089716732285,626.3910999987274,35878
bsd68,test006,35,Median,24.815880476782695,0.42926194144041424,1611.3838000164833,35878
bsd68,test006,35,NLM,27.771665128909298,0.7731504899385742,362.57610001484863,35878
bsd68,test006,35,BM3D,29.273946142695316,0.8396455854634425,1481.3102000043727,35878
bsd68,test006,40,Noisy,16.88596972569791,0.13958623561893221,0.0,40878
bsd68,test006,40,Gaussian,26.46317993716866,0.6423515975270403,648.3331999916118,40878
bsd68,test006,40,Median,23.81183830809387,0.37852398952414784,1614.2212999984622,40878
bsd68,test006,40,NLM,27.04856451501402,0.7559416564171357,365.31739999190904,40878
bsd68,test006,40,BM3D,28.456313217617225,0.828415837940573,1445.5171000154223,40878
bsd68,test006,50,Noisy,15.15887488946315,0.10241226356749351,0.0,50878
bsd68,test006,50,Gaussian,24.933567880543507,0.5688959941227357,810.1075000013225,50878
bsd68,test006,50,Median,22.036865615917336,0.29826439448591163,1610.323500004597,50878
bsd68,test006,50,NLM,25.751948917249607,0.7213943679876489,364.72759998287074,50878
bsd68,test006,50,BM3D,26.89834945771335,0.7997083808824549,1506.7842999997083,50878
bsd68,test006,75,Noisy,12.242807484337613,0.05757281897480428,0.0,75878
bsd68,test006,75,Gaussian,21.67056626359148,0.42913731975599945,634.601500001736,75878
bsd68,test006,75,Median,18.87566311351752,0.1843529121525699,1625.950699992245,75878
bsd68,test006,75,NLM,22.805946391108634,0.6488843454147596,368.9095000154339,75878
bsd68,test006,75,BM3D,23.563598274204875,0.7550338914389838,1484.25270000007,75878
bsd68,test007,5,Noisy,34.07351511906614,0.9286460936356483,0.0,5837
bsd68,test007,5,Gaussian,25.728577753586244,0.7985169364912695,634.9427000095602,5837
bsd68,test007,5,Median,28.763263753347132,0.8902880986231516,1632.6512999949045,5837
bsd68,test007,5,NLM,34.31890441197801,0.9268031997208261,326.19160000467673,5837
bsd68,test007,5,BM3D,36.77184018858717,0.9699533815379887,1374.346600001445,5837
bsd68,test007,10,Noisy,28.130926247177328,0.7917510893128855,0.0,10837
bsd68,test007,10,Gaussian,25.633396045105545,0.7894481337462291,629.9620000063442,10837
bsd68,test007,10,Median,27.99144706094348,0.849955351539716,1633.881299989298,10837
bsd68,test007,10,NLM,30.178941664671747,0.8447345920165756,358.08509998605587,10837
bsd68,test007,10,BM3D,32.89827537706868,0.9292114292072329,1382.1826000057627,10837
bsd68,test007,15,Noisy,24.62260759659288,0.6605676171971224,0.0,15837
bsd68,test007,15,Gaussian,25.47453077378438,0.7750660389709142,630.1419999799691,15837
bsd68,test007,15,Median,27.0271673399873,0.7974969690920126,1601.3430999882985,15837
bsd68,test007,15,NLM,27.88469593441453,0.7744803779196249,383.5098000126891,15837
bsd68,test007,15,BM3D,30.735860483319108,0.8864363090598248,1389.7572999994736,15837
bsd68,test007,20,Noisy,22.173965378323164,0.5544153079715766,0.0,20837
bsd68,test007,20,Gaussian,25.246406879407928,0.7534173847623419,641.9441000034567,20837
bsd68,test007,20,Median,26.000192781664634,0.7390877099114415,1594.3481999856886,20837
bsd68,test007,20,NLM,26.315326216174086,0.7164816471364959,377.54210000275634,20837
bsd68,test007,20,BM3D,29.188245185952105,0.8428634121422274,1394.9732999899425,20837
bsd68,test007,25,Noisy,20.307994511756988,0.47112624839557277,0.0,25837
bsd68,test007,25,Gaussian,24.987545598508063,0.7312717484021634,628.1273000058718,25837
bsd68,test007,25,Median,25.055555172667926,0.6844337317128619,1606.9715000048745,25837
bsd68,test007,25,NLM,25.036410073349032,0.6631034042887296,368.89300000621006,25837
bsd68,test007,25,BM3D,28.119435221306688,0.8099010702802544,1414.1136000107508,25837
bsd68,test007,30,Noisy,18.8364956211789,0.40626718324002886,0.0,30837
bsd68,test007,30,Gaussian,24.728931188785698,0.7101282274789635,641.599499998847,30837
bsd68,test007,30,Median,24.10199569403411,0.6331130726997087,1610.1426999957766,30837
bsd68,test007,30,NLM,24.111935390533485,0.6169980679475064,379.8668999806978,30837
bsd68,test007,30,BM3D,27.26761870655705,0.7772859211353702,1394.3207999982405,30837
bsd68,test007,35,Noisy,17.587873060565357,0.3520683236645692,0.0,35837
bsd68,test007,35,Gaussian,24.378439946794856,0.6821531882764204,627.9605000163428,35837
bsd68,test007,35,Median,23.238767599686206,0.5838293493647098,1593.7981999886688,35837
bsd68,test007,35,NLM,23.410215744935165,0.5779878404130776,364.78360000182875,35837
bsd68,test007,35,BM3D,26.447862191242393,0.7441698100850699,1436.1435000027996,35837
bsd68,test007,40,Noisy,16.59958404893813,0.3104833877882879,0.0,40837
bsd68,test007,40,Gaussian,24.07291884285884,0.6580831602708888,661.4040000131354,40837
bsd68,test007,40,Median,22.433499217375047,0.5395822706359753,1622.675499995239,40837
bsd68,test007,40,NLM,22.903608503637038,0.5494864271806719,363.97189999115653,40837
bsd68,test007,40,BM3D,25.75415954082899,0.7120981420956313,1440.8178000012413,40837
bsd68,test007,50,Noisy,14.905936661108466,0.24437334660637977,0.0,50837
bsd68,test007,50,Gaussian,23.333306017034605,0.6088937584615485,646.7743999965023,50837
bsd68,test007,50,Median,20.921260235484212,0.4638326391727165,1607.2576000005938,50837
bsd68,test007,50,NLM,22.008130024528207,0.49632125153219186,365.0361000036355,50837
bsd68,test007,50,BM3D,24.72977470131863,0.6662409194287296,1420.2996999956667,50837
bsd68,test007,75,Noisy,12.118459535135129,0.15185138332632475,0.0,75837
bsd68,test007,75,Gaussian,21.490755857068326,0.5006768693320824,643.1855999981053,75837
bsd68,test007,75,Median,18.103531014488688,0.32977904772100314,1597.112899995409,75837
bsd68,test007,75,NLM,20.474665210655512,0.4067679493910243,358.26280000037514,75837
bsd68,test007,75,BM3D,22.42776262079567,0.5511758681684826,1429.7678000002634,75837
bsd68,test008,5,Noisy,34.10242019922204,0.940690063489092,0.0,5124
bsd68,test008,5,Gaussian,22.555685853134317,0.6664406957210832,623.720699979458,5124
bsd68,test008,5,Median,24.26870918313267,0.7942077166997317,1617.692400002852,5124
bsd68,test008,5,NLM,31.237166245624714,0.8672954285909299,342.8006999893114,5124
bsd68,test008,5,BM3D,35.45010160315947,0.9667398485553172,1403.957199974684,5124
bsd68,test008,10,Noisy,28.168028809130433,0.8225091862592592,0.0,10124
bsd68,test008,10,Gaussian,22.50630841826789,0.6580734646237848,635.7019999995828,10124
bsd68,test008,10,Median,23.975417113114773,0.7573407228754175,1595.1748999941628,10124
bsd68,test008,10,NLM,27.538501816998256,0.7604285655848647,355.58239999227226,10124
bsd68,test008,10,BM3D,31.020589327991722,0.9127194353142689,1442.4025999906007,10124
bsd68,test008,15,Noisy,24.638349706421508,0.7057714935776044,0.0,15124
bsd68,test008,15,Gaussian,22.4278274564902,0.6463492766736527,629.7805999929551,15124
bsd68,test008,15,Median,23.59787049251495,0.7138715912250287,1586.441499995999,15124
bsd68,test008,15,NLM,25.481481618501288,0.6792765340481156,360.5898999958299,15124
bsd68,test008,15,BM3D,28.568640288252407,0.8548921775837307,1416.5599000116345,15124
bsd68,test008,20,Noisy,22.234586179555897,0.6081963646393382,0.0,20124
bsd68,test008,20,Gaussian,22.32786398476144,0.6312719554967654,646.7638000031002,20124
bsd68,test008,20,Median,23.0963869847527,0.6652706639716206,1610.717100003967,20124
bsd68,test008,20,NLM,24.02028496842593,0.6121883108832483,371.4651999762282,20124
bsd68,test008,20,BM3D,26.972310234173037,0.7976222003047742,1437.277399993036,20124
bsd68,test008,25,Noisy,20.370760137626135,0.5255176879716922,0.0,25124
bsd68,test008,25,Gaussian,22.19040580596273,0.6110518678256143,625.7569000008516,25124
bsd68,test008,25,Median,22.56803050748089,0.6172136665087816,1586.5844000072684,25124
bsd68,test008,25,NLM,22.936046245122164,0.5569398233301872,373.4903000004124,25124
bsd68,test008,25,BM3D,25.70437147331065,0.7374272199557355,1424.3958999868482,25124
bsd68,test008,30,Noisy,18.920380762481475,0.46052481883083496,0.0,30124
bsd68,test008,30,Gaussian,22.046432919816347,0.5938873588900475,625.6005000032019,30124
bsd68,test008,30,Median,22.009701839613747,0.5740157723561841,1618.542400014121,30124
bsd68,test008,30,NLM,22.20928616982302,0.5175814321750813,365.1308999978937,30124
bsd68,test008,30,BM3D,24.719268261325684,0.6849941887507341,1558.479500003159,30124
bsd68,test008,35,Noisy,17.723292179324233,0.4070103040548835,0.0,35124
bsd68,test008,35,Gaussian,21.871023735415957,0.5741034484727959,747.5990999955684,35124
bsd68,test008,35,Median,21.456231011344666,0.5348236463522781,1813.5867999808397,35124
bsd68,test008,35,NLM,21.73350228928073,0.49098309113451566,369.9115999916103,35124
bsd68,test008,35,BM3D,23.924555070339512,0.6396535610848932,1525.9834000025876,35124
bsd68,test008,40,Noisy,16.726596059141578,0.36099835146662196,0.0,40124
bsd68,test008,40,Gaussian,21.680277398379047,0.5508218585565575,628.9934999949764,40124
bsd68,test008,40,Median,20.866225699815292,0.49082455607793035,1618.8152999966405,40124
bsd68,test008,40,NLM,21.239966967513958,0.45946811954692085,413.70129998540506,40124
bsd68,test008,40,BM3D,23.230285239031588,0.5926611109167422,1646.8443000048865,40124
bsd68,test008,50,Noisy,15.092485358744065,0.2911208446163725,0.0,50124
bsd68,test008,50,Gaussian,21.271919886214828,0.5117211847796669,631.7079000000376,50124
bsd68,test008,50,Median,19.828427655179574,0.42710137136336107,1600.8845000178553,50124
bsd68,test008,50,NLM,20.641445050477287,0.4179747995345015,371.5659999870695,50124
bsd68,test008,50,BM3D,22.18133511920025,0.520070705436428,1461.220700002741,50124
bsd68,test008,75,Noisy,12.261679138933149,0.1857540800203317,0.0,75124
bsd68,test008,75,Gaussian,19.939217496451874,0.42293088350480823,643.9162000024226,75124
bsd68,test008,75,Median,17.476620512425484,0.3071174993911376,1591.4842000056524,75124
bsd68,test008,75,NLM,19.51989107974219,0.3515055748568105,363.9165999775287,75124
bsd68,test008,75,BM3D,20.368326269485088,0.40006008969016904,1514.1294999921229,75124
bsd68,test009,5,Noisy,34.10257483799457,0.890652331829702,0.0,5818
bsd68,test009,5,Gaussian,26.613422415917093,0.8175107637474025,639.3018999951892,5818
bsd68,test009,5,Median,29.02100407111729,0.8729297823069143,1602.8218000137713,5818
bsd68,test009,5,NLM,34.687239928472295,0.9335315413453601,334.7809000115376,5818
bsd68,test009,5,BM3D,37.20946154140533,0.9719678911848864,1425.7623000012245,5818
bsd68,test009,10,Noisy,28.140578287179675,0.7223537722709457,0.0,10818
bsd68,test009,10,Gaussian,26.47332226038945,0.8023649662963745,629.1748000076041,10818
bsd68,test009,10,Median,28.241908243395358,0.8168445947507834,1602.8262000181712,10818
bsd68,test009,10,NLM,30.530138973202515,0.8604380045350294,383.4610999911092,10818
bsd68,test009,10,BM3D,33.20482898856014,0.9332455724481675,1485.8420000236947,10818
bsd68,test009,15,Noisy,24.709581366353902,0.5879287438310916,0.0,15818
bsd68,test009,15,Gaussian,26.28460468540679,0.779469200134801,633.7692999804858,15818
bsd68,test009,15,Median,27.246325798931057,0.7469800564871514,1752.6240999868605,15818
bsd68,test009,15,NLM,28.329970756834367,0.7976300364152532,384.78620001114905,15818
bsd68,test009,15,BM3D,31.00265009968247,0.8904233270551178,2757.3442999855615,15818
bsd68,test009,20,Noisy,22.384136846839414,0.4892825660196989,0.0,20818
bsd68,test009,20,Gaussian,26.045706330467336,0.754992797785414,756.1181999917608,20818
bsd68,test009,20,Median,26.254903673996502,0.6807389532643611,1781.5740999940317,20818
bsd68,test009,20,NLM,27.034398740632074,0.7532113199255741,371.4357000135351,20818
bsd68,test009,20,BM3D,29.56138116211204,0.8534455233137925,1746.9177999882959,20818
bsd68,test009,25,Noisy,20.647531943631794,0.4146886184107908,0.0,25818
bsd68,test009,25,Gaussian,25.767223835666044,0.7290886499805646,742.0863999868743,25818
bsd68,test009,25,Median,25.28274375732672,0.6200117263619789,1655.4749000060838,25818
bsd68,test009,25,NLM,25.998299508915483,0.7129893832159985,388.0914000037592,25818
bsd68,test009,25,BM3D,28.561440575963957,0.8215009959783715,2253.129100019578,25818
bsd68,test009,30,Noisy,19.212141394016612,0.3543062230795981,0.0,30818
bsd68,test009,30,Gaussian,25.424901473273597,0.7012347743325281,637.6445000059903,30818
bsd68,test009,30,Median,24.312592760022888,0.5651129064393464,1625.3793999785557,30818
bsd68,test009,30,NLM,25.198492389375275,0.6793952372046341,386.93390000844374,30818
bsd68,test009,30,BM3D,27.65355897528284,0.789897401212001,1516.3423000194598,30818
bsd68,test009,35,Noisy,18.066807106047175,0.3085636057411302,0.0,35818
bsd68,test009,35,Gaussian,25.064269894979855,0.6732274366319538,632.2303999913856,35818
bsd68,test009,35,Median,23.460324918546856,0.5171607057675789,1666.0378999949899,35818
bsd68,test009,35,NLM,24.635414377481617,0.6541232411136833,384.1771000006702,35818
bsd68,test009,35,BM3D,26.92435136059515,0.7617628722246355,1613.6165999923833,35818
bsd68,test009,40,Noisy,17.07146673618288,0.27025464738048016,0.0,40818
bsd68,test009,40,Gaussian,24.66080121033339,0.6460254441614395,777.0958000037353,40818
bsd68,test009,40,Median,22.689100723142637,0.4757868057402958,1625.6182999932207,40818
bsd68,test009,40,NLM,24.11660309724036,0.6295601232705623,376.4472999901045,40818
bsd68,test009,40,BM3D,26.319160326190133,0.7374729783083067,1477.2701000038069,40818
bsd68,test009,50,Noisy,15.423571923032394,0.2140899957331652,0.0,50818
bsd68,test009,50,Gaussian,23.747724267130323,0.5944845941647099,641.1009000148624,50818
bsd68,test009,50,Median,21.234848433969702,0.40717551157862375,1641.6996000043582,50818
bsd68,test009,50,NLM,23.12578304526777,0.5882954426264059,385.6314000149723,50818
bsd68,test009,50,BM3D,25.106552524639167,0.6962384973912056,1581.4122000010684,50818
bsd68,test009,75,Noisy,12.510892974071462,0.1287379583341914,0.0,75818
bsd68,test009,75,Gaussian,21.22219179964621,0.4744704964743152,758.4512999746948,75818
bsd68,test009,75,Median,18.471838096938885,0.28500267063755863,1638.3195999951568,75818
bsd68,test009,75,NLM,20.893097462436586,0.48778120682234716,366.00879998877645,75818
bsd68,test009,75,BM3D,22.290265466109528,0.59648547762906,1531.6730000195093,75818
bsd68,test010,5,Noisy,34.08521629709912,0.8792175878906971,0.0,5908
bsd68,test010,5,Gaussian,28.6170837285067,0.830410611440748,631.7171000118833,5908
bsd68,test010,5,Median,30.61169511650348,0.8804840204541043,1582.2264999733306,5908
bsd68,test010,5,NLM,34.79688242351963,0.9195693504272948,422.3393999855034,5908
bsd68,test010,5,BM3D,37.558473290334284,0.9659817310931529,1687.8509999951348,5908
bsd68,test010,10,Noisy,28.11801422974902,0.6855696286713462,0.0,10908
bsd68,test010,10,Gaussian,28.42982410809068,0.8139282463324472,642.5218000076711,10908
bsd68,test010,10,Median,29.567139134843927,0.8179322241218746,1640.142599993851,10908
bsd68,test010,10,NLM,31.000072930468058,0.8417812274762775,370.2626999875065,10908
bsd68,test010,10,BM3D,33.74351400050124,0.9193140385241381,1422.786700015422,10908
bsd68,test010,15,Noisy,24.610311134876753,0.5309727957670619,0.0,15908
bsd68,test010,15,Gaussian,28.139553662403273,0.7885757408652324,648.4457000042312,15908
bsd68,test010,15,Median,28.367819979224812,0.7425498826854081,1607.640000001993,15908
bsd68,test010,15,NLM,28.771344723047267,0.7763067142471012,376.4402999950107,15908
bsd68,test010,15,BM3D,31.604255084472367,0.8737417026145444,1560.9459000115748,15908
bsd68,test010,20,Noisy,22.109107767585865,0.4197739748275171,0.0,20908
bsd68,test010,20,Gaussian,27.781956178494834,0.758908345867749,641.8076999834739,20908
bsd68,test010,20,Median,27.174516187812973,0.6693840394114587,1761.0285000118893,20908
bsd68,test010,20,NLM,27.37449402690014,0.7267859731351217,376.0465999948792,20908
bsd68,test010,20,BM3D,30.19893884233963,0.835546720693124,1467.6623000123072,20908
bsd68,test010,25,Noisy,20.22320699789843,0.3378557215447993,0.0,25908
bsd68,test010,25,Gaussian,27.34509398803436,0.7248163506602879,629.7958999930415,25908
bsd68,test010,25,Median,26.000444568536164,0.5960678494629345,1760.8307999907993,25908
bsd68,test010,25,NLM,26.35089896688794,0.682784527451735,368.6121000209823,25908
bsd68,test010,25,BM3D,29.134318965775655,0.7991005095372661,1881.7455999960657,25908
bsd68,test010,30,Noisy,18.66322734515057,0.27889670012095474,0.0,30908
bsd68,test010,30,Gaussian,26.858375068344834,0.6871195113797057,699.818499997491,30908
bsd68,test010,30,Median,24.873755227785455,0.5301951675033181,2039.227100001881,30908
bsd68,test010,30,NLM,25.71671902110497,0.6528046410538871,499.39589999848977,30908
bsd68,test010,30,BM3D,28.340436986078103,0.7716435269126518,1795.8145999873523,30908
bsd68,test010,35,Noisy,17.379214726848705,0.23417968931184338,0.0,35908
bsd68,test010,35,Gaussian,26.384136094419738,0.6525456857881977,643.2081999955699,35908
bsd68,test010,35,Median,23.888457306218356,0.4775074611560322,1702.8131000115536,35908
bsd68,test010,35,NLM,25.28237193234012,0.6283559852099935,368.1982999842148,35908
bsd68,test010,35,BM3D,27.641662236374152,0.7447701642321016,1782.9845999949612,35908
bsd68,test010,40,Noisy,16.293617462132925,0.19812229832117031,0.0,40908
bsd68,test010,40,Gaussian,25.880647612737192,0.6160430517501017,682.3895999987144,40908
bsd68,test010,40,Median,22.946304545811095,0.4251749473029016,1683.1072000204585,40908
bsd68,test010,40,NLM,24.819044177357597,0.6021460611624991,380.79080000170507,40908
bsd68,test010,40,BM3D,27.06588284504136,0.7186299044450932,1957.0776000036858,40908
bsd68,test010,50,Noisy,14.547349177874587,0.1495138381548381,0.0,50908
bsd68,test010,50,Gaussian,24.887136772794392,0.5523465517843329,728.684899979271,50908
bsd68,test010,50,Median,21.282139446403416,0.351138317134818,1831.1836999782827,50908
bsd68,test010,50,NLM,24.237164173888242,0.5673821784193888,377.51329998718575,50908
bsd68,test010,50,BM3D,26.206458538219366,0.6815299447028762,2048.7811000202782,50908
bsd68,test010,75,Noisy,11.763259743098835,0.08717736926125276,0.0,75908
bsd68,test010,75,Gaussian,22.790194831305794,0.43274973810947337,678.9144999929704,75908
bsd68,test010,75,Median,18.163767227411338,0.2271705502312188,1640.4945999966003,75908
bsd68,test010,75,NLM,23.086992829927986,0.49620074186995444,375.1576000067871,75908
bsd68,test010,75,BM3D,24.613354050717074,0.6086167805453193,1587.9724000114948,75908
bsd68,test011,5,Noisy,34.173601152995644,0.9226376189184737,0.0,5222
bsd68,test011,5,Gaussian,22.93429939305951,0.7310834512643315,640.3954999987036,5222
bsd68,test011,5,Median,26.584536219686655,0.8564613570371532,1638.4437000087928,5222
bsd68,test011,5,NLM,35.562182718308584,0.947744537925854,296.58939997898415,5222
bsd68,test011,5,BM3D,37.480511247653816,0.9755114272000488,1445.606699999189,5222
bsd68,test011,10,Noisy,28.309448358760314,0.797399053493306,0.0,10222
bsd68,test011,10,Gaussian,22.863460773720206,0.7206302066629314,643.6109000060242,10222
bsd68,test011,10,Median,26.01647372059145,0.8104678356893881,1815.9142000076827,10222
bsd68,test011,10,NLM,30.982183907404007,0.8938569206936519,339.6544000133872,10222
bsd68,test011,10,BM3D,33.573884007885525,0.9470575544378476,1561.5576000127476,10222
bsd68,test011,15,Noisy,24.924239845516546,0.6916612360083813,0.0,15222
bsd68,test011,15,Gaussian,22.752159784844398,0.7061801776039369,649.9577000213321,15222
bsd68,test011,15,Median,25.29371413377278,0.7579476283351647,1625.0106999941636,15222
bsd68,test011,15,NLM,28.00595886029339,0.8287234500359469,355.75700001209043,15222
bsd68,test011,15,BM3D,31.181503942692927,0.9160344839470104,1477.8445000119973,15222
bsd68,test011,20,Noisy,22.51655497817209,0.6044080292692753,0.0,20222
bsd68,test011,20,Gaussian,22.620444403581264,0.6874093334330635,630.6584000121802,20222
bsd68,test011,20,Median,24.53100345861658,0.7041086996332157,1600.7973000232596,20222
bsd68,test011,20,NLM,25.950346863864326,0.7585627944546499,365.5525000067428,20222
bsd68,test011,20,BM3D,29.582003623625074,0.8858176149015697,1478.4674000111409,20222
bsd68,test011,25,Noisy,20.662710544241914,0.534442346521569,0.0,25222
bsd68,test011,25,Gaussian,22.445544758506237,0.6669647281755571,631.2240999832284,25222
bsd68,test011,25,Median,23.776970553765686,0.6554202800462211,1635.71640002192,25222
bsd68,test011,25,NLM,24.794532694838473,0.7096134445809537,474.9933000130113,25222
bsd68,test011,25,BM3D,28.274256295652407,0.8567098340464413,2231.4317999989726,25222
bsd68,test011,30,Noisy,19.210669033503176,0.4758208001281004,0.0,30222
bsd68,test011,30,Gaussian,22.21242411792925,0.6428196811207306,649.5058000145946,30222
bsd68,test011,30,Median,23.011420548234916,0.6105005070442431,1627.6735999854282,30222
bsd68,test011,30,NLM,23.73225113188974,0.6565913103529544,363.2328000094276,30222
bsd68,test011,30,BM3D,27.18798955728165,0.8242396438162166,1521.9384000229184,30222
bsd68,test011,35,Noisy,17.96875403730052,0.4262353896695281,0.0,35222
bsd68,test011,35,Gaussian,21.97435407784834,0.6216724284410057,654.7247999988031,35222
bsd68,test011,35,Median,22.30419180572396,0.571408980702303,1596.3585000135936,35222
bsd68,test011,35,NLM,22.942229727261626,0.6189570626553975,381.94799999473616,35222
bsd68,test011,35,BM3D,26.24891719237148,0.7961643538451992,1460.342500009574,35222
bsd68,test011,40,Noisy,16.943875314754962,0.38594110682934823,0.0,40222
bsd68,test011,40,Gaussian,21.738384449898223,0.6014159822798476,662.8062000090722,40222
bsd68,test011,40,Median,21.673710738514895,0.5393100554734394,1714.6699999866541,40222
bsd68,test011,40,NLM,22.277600587655115,0.5855657454583771,363.77560000983067,40222
bsd68,test011,40,BM3D,25.489742623308665,0.7690116701171031,1529.5059999916703,40222
bsd68,test011,50,Noisy,15.284359003442303,0.3197398655003549,0.0,50222
bsd68,test011,50,Gaussian,21.142732745896392,0.5589329002521557,637.6918999885675,50222
bsd68,test011,50,Median,20.406823549621716,0.47830920531573917,1705.107500019949,50222
bsd68,test011,50,NLM,21.227306905837963,0.532092612224351,374.7709000017494,50222
bsd68,test011,50,BM3D,24.035074542607887,0.7090900146293887,1661.734900000738,50222
bsd68,test011,75,Noisy,12.36465834136956,0.21378584144785417,0.0,75222
bsd68,test011,75,Gaussian,19.496139036892732,0.46412661630939217,656.4601999998558,75222
bsd68,test011,75,Median,17.919587021259417,0.3649053494015247,1618.7351999979,75222
bsd68,test011,75,NLM,18.938580075262056,0.42764570611843744,374.14200001512654,75222
bsd68,test011,75,BM3D,21.225953046234174,0.5850622295003108,1469.4925000076182,75222
bsd68,test012,5,Noisy,34.10043597157538,0.9246018936091428,0.0,6041
bsd68,test012,5,Gaussian,27.049940872463672,0.7801860000644585,630.0861000199802,6041
bsd68,test012,5,Median,29.76550117233755,0.8702660518162514,1591.1215999803971,6041
bsd68,test012,5,NLM,33.42147958708252,0.900851186664223,341.6302999830805,6041
bsd68,test012,5,BM3D,36.2676228334738,0.9588229537932288,1422.330500005046,6041
bsd68,test012,10,Noisy,28.1315794399052,0.7813872046186722,0.0,11041
bsd68,test012,10,Gaussian,26.9167351961605,0.7700271887882133,755.9287000040058,11041
bsd68,test012,10,Median,28.8126729765605,0.8272564027298487,1703.1267999846023,11041
bsd68,test012,10,NLM,29.633128004943302,0.8129262259401019,377.3366999812424,11041
bsd68,test012,10,BM3D,32.52938650358149,0.9080251740100937,1764.8789999948349,11041
bsd68,test012,15,Noisy,24.622686602415808,0.6456418221728898,0.0,16041
bsd68,test012,15,Gaussian,26.711330732027847,0.7548695906888695,634.3782999902032,16041
bsd68,test012,15,Median,27.74418132932491,0.7741192696688224,1625.5419000226539,16041
bsd68,test012,15,NLM,27.405571580400405,0.7349069916425809,375.1347000070382,16041
bsd68,test012,15,BM3D,30.44341246449808,0.8591601119939111,1669.3305999797303,16041
bsd68,test012,20,Noisy,22.123276360853225,0.5345263030769783,0.0,21041
bsd68,test012,20,Gaussian,26.449441154406777,0.7355149789447463,659.4635999936145,21041
bsd68,test012,20,Median,26.6427925535815,0.7189038422255021,1610.6832000077702,21041
bsd68,test012,20,NLM,25.915046595086096,0.6685983229711243,387.12020000093617,21041
bsd68,test012,20,BM3D,29.04978881414096,0.814774447048854,1591.3182999938726,21041
bsd68,test012,25,Noisy,20.21564525003233,0.4477187422835368,0.0,26041
bsd68,test012,25,Gaussian,26.174165255836588,0.7151830957069585,636.9124999910127,26041
bsd68,test012,25,Median,25.582114725925802,0.6630586474373125,1622.12649997673,26041
bsd68,test012,25,NLM,24.95380376771317,0.6173448612532214,369.1486000025179,26041
bsd68,test012,25,BM3D,28.01088389923981,0.7737956440750818,1488.2941000105347,26041
bsd68,test012,30,Noisy,18.66290783589244,0.37865301302829096,0.0,31041
bsd68,test012,30,Gaussian,25.772342362398906,0.6878284895791882,645.7678000151645,31041
bsd68,test012,30,Median,24.51863783655974,0.6092346317430027,1655.8101999980863,31041
bsd68,test012,30,NLM,24.26880246623023,0.5803421994939659,389.0839999949094,31041
bsd68,test012,30,BM3D,27.162182350942857,0.7388992953892064,1626.722199987853,31041
bsd68,test012,35,Noisy,17.410259316281078,0.3234861526920726,0.0,36041
bsd68,test012,35,Gaussian,25.38610824944158,0.6626407441531084,629.1872000147123,36041
bsd68,test012,35,Median,23.578862755491855,0.5579234276941202,1607.1366000105627,36041
bsd68,test012,35,NLM,23.60069563454088,0.5371779106643438,383.6124000081327,36041
bsd68,test012,35,BM3D,26.46675915506652,0.7036388322140597,1509.5029000076465,36041
bsd68,test012,40,Noisy,16.332234857731248,0.2791668525234915,0.0,41041
bsd68,test012,40,Gaussian,25.007699007604288,0.6370240107013175,646.6256999992765,41041
bsd68,test012,40,Median,22.71148709949778,0.5150791497557314,1688.6494000209495,41041
bsd68,test012,40,NLM,23.233626356977464,0.5110094923346922,403.38250002241693,41041
bsd68,test012,40,BM3D,25.86761247492972,0.6700212156316327,1604.0324000059627,41041
bsd68,test012,50,Noisy,14.603420277144297,0.213078524750004,0.0,51041
bsd68,test012,50,Gaussian,24.146186156243374,0.5871988551558013,634.8721999966074,51041
bsd68,test012,50,Median,21.1495461941959,0.4375469366128305,1654.7389999905135,51041
bsd68,test012,50,NLM,22.501286600224667,0.4594288467774418,369.179700006498,51041
bsd68,test012,50,BM3D,24.858348852736437,0.6117002399139294,1513.6893999879248,51041
bsd68,test012,75,Noisy,11.800611092322399,0.12796042959377926,0.0,76041
bsd68,test012,75,Gaussian,22.308805043460023,0.4826073936898576,679.2593999998644,76041
bsd68,test012,75,Median,18.133196021999197,0.30517061812799834,1605.5563999980222,76041
bsd68,test012,75,NLM,21.57292462940655,0.3888010593853856,368.90470000798814,76041
bsd68,test012,75,BM3D,23.196972136664435,0.5087474220541245,1508.750200009672,76041
bsd68,test013,5,Noisy,34.088834613366444,0.903077385664024,0.0,5055
bsd68,test013,5,Gaussian,29.58105139944061,0.8543238670998281,627.8091999993194,5055
bsd68,test013,5,Median,31.95851824112884,0.9087887319358744,1623.6952999897767,5055
bsd68,test013,5,NLM,35.20570296054406,0.9368232711276839,369.03309999615885,5055
bsd68,test013,5,BM3D,37.40550660179325,0.9683233010164168,1390.968099993188,5055
bsd68,test013,10,Noisy,28.136649382994587,0.7330676637531716,0.0,10055
bsd68,test013,10,Gaussian,29.3628793596531,0.8414163707218876,648.5035999794491,10055
bsd68,test013,10,Median,30.605565165271106,0.8573862336127018,1618.229000014253,10055
bsd68,test013,10,NLM,30.923451966284716,0.8535381158585081,366.01949998294003,10055
bsd68,test013,10,BM3D,33.82545383124608,0.9306899438092244,1455.1206000032835,10055
bsd68,test013,15,Noisy,24.619670853913334,0.5806166317154203,0.0,15055
bsd68,test013,15,Gaussian,29.016889410276416,0.8197423525685635,631.8035000003874,15055
bsd68,test013,15,Median,29.131353704781873,0.7908409247664112,1617.3968000221066,15055
bsd68,test013,15,NLM,28.722709305861514,0.7798085075993714,380.7297000021208,15055
bsd68,test013,15,BM3D,31.730534980704522,0.8889208310806371,1426.6112000041176,15055
bsd68,test013,20,Noisy,22.120080567757135,0.46345796129773476,0.0,20055
bsd68,test013,20,Gaussian,28.552385856076338,0.7952422300050993,644.3022000021301,20055
bsd68,test013,20,Median,27.704026087551895,0.7229442023083008,1603.7611000065226,20055
bsd68,test013,20,NLM,27.254976840600662,0.7163638658261211,365.40080001577735,20055
bsd68,test013,20,BM3D,30.273866782249172,0.8499139405351869,1441.6474000026938,20055
bsd68,test013,25,Noisy,20.21341015943404,0.37567681350039406,0.0,25055
bsd68,test013,25,Gaussian,28.0494987222383,0.7646590369691157,625.339400023222,25055
bsd68,test013,25,Median,26.386376031796857,0.6560945848109355,1612.0464999985415,25055
bsd68,test013,25,NLM,26.376128593401447,0.6691473546708008,361.4747999818064,25055
bsd68,test013,25,BM3D,29.256839555697812,0.813036517045907,1457.4552000267431,25055
bsd68,test013,30,Noisy,18.68199713954479,0.30942648477567153,0.0,30055
bsd68,test013,30,Gaussian,27.49568273436558,0.7317219994009105,623.8684999989346,30055
bsd68,test013,30,Median,25.212695667811694,0.5933624662006267,1639.3507000175305,30055
bsd68,test013,30,NLM,25.778801017486256,0.6344954603105365,361.6168999869842,30055
bsd68,test013,30,BM3D,28.45450549243139,0.7786317907719444,1433.3140999951866,30055
bsd68,test013,35,Noisy,17.386510569327758,0.2596288509480053,0.0,35055
bsd68,test013,35,Gaussian,26.929067945901433,0.6999952172284067,644.3879999860656,35055
bsd68,test013,35,Median,24.134610603682667,0.5373833273759244,1607.9676000226755,35055
bsd68,test013,35,NLM,25.230038773139686,0.6041817639754752,364.8043999855872,35055
bsd68,test013,35,BM3D,27.818068651275148,0.7493279007756501,1434.2235999938566,35055
bsd68,test013,40,Noisy,16.324453403676472,0.21854529863005842,0.0,40055
bsd68,test013,40,Gaussian,26.307588835755954,0.6650138599502345,630.5238999775611,40055
bsd68,test013,40,Median,23.18271182526943,0.48977369256634584,1622.4168999760877,40055
bsd68,test013,40,NLM,24.770400748031,0.5750697726075404,361.6278000117745,40055
bsd68,test013,40,BM3D,27.195522118060865,0.721004023094411,1466.0559000039939,40055
bsd68,test013,50,Noisy,14.530566590355791,0.16284645029779943,0.0,50055
bsd68,test013,50,Gaussian,25.25274266816657,0.6056622217673556,641.9305999879725,50055
bsd68,test013,50,Median,21.456902794476022,0.4049070804197845,1576.452800014522,50055
bsd68,test013,50,NLM,24.025631325507312,0.5322243475466804,362.50300001120195,50055
bsd68,test013,50,BM3D,26.364885111186677,0.6770263854400383,1456.2880999874324,50055
bsd68,test013,75,Noisy,11.70700233202665,0.09121265849826041,0.0,75055
bsd68,test013,75,Gaussian,22.903458080420684,0.4811167136641313,625.5075999943074,75055
bsd68,test013,75,Median,18.33290874305669,0.2654894564487191,1578.6374000017531,75055
bsd68,test013,75,NLM,22.71908286434745,0.4530154373764777,380.5819000117481,75055
bsd68,test013,75,BM3D,24.520778097225495,0.5851204237482904,1470.3267000149935,75055
bsd68,test014,5,Noisy,34.123327393107886,0.8357168892556791,0.0,5802
bsd68,test014,5,Gaussian,27.79823919281271,0.8243547403887352,647.2357000166085,5802
bsd68,test014,5,Median,30.252609958465868,0.8646478500702183,1607.410800002981,5802
bsd68,test014,5,NLM,36.17865216504288,0.9283770735768068,341.1589000024833,5802
bsd68,test014,5,BM3D,38.055274703072996,0.9578087721731873,1503.4974000009242,5802
bsd68,test014,10,Noisy,28.14855692063972,0.6117598473527511,0.0,10802
bsd68,test014,10,Gaussian,27.634135064716403,0.8021047223267957,625.9185000089929,10802
bsd68,test014,10,Median,29.36374681547294,0.7857606673411416,1599.033699982101,10802
bsd68,test014,10,NLM,32.081454807965784,0.8701251867841374,360.4639999975916,10802
bsd68,test014,10,BM3D,34.501508126501655,0.9194222201530967,1666.976100008469,10802
bsd68,test014,15,Noisy,24.68249758178647,0.46358379928719917,0.0,15802
bsd68,test014,15,Gaussian,27.366804319910955,0.7687017648694388,659.296900004847,15802
bsd68,test014,15,Median,28.21959260100548,0.6935695787145422,1620.8563999971375,15802
bsd68,test014,15,NLM,29.892987194631736,0.8222643471081429,372.85690000862814,15802
bsd68,test014,15,BM3D,32.47252782379716,0.8883745097531199,1448.6370999948122,15802
bsd68,test014,20,Noisy,22.203014050098417,0.36476250246128117,0.0,20802
bsd68,test014,20,Gaussian,27.03877902250239,0.7313289285541991,625.8652999822516,20802
bsd68,test014,20,Median,27.043367366893676,0.605907995979194,1599.236900015967,20802
bsd68,test014,20,NLM,28.52696603069363,0.7848010196904817,364.44909998681396,20802
bsd68,test014,20,BM3D,31.07374967723533,0.8619978331983681,1521.8452999833971,20802
bsd68,test014,25,Noisy,20.317693940474154,0.29801064883222295,0.0,25802
bsd68,test014,25,Gaussian,26.683758478042957,0.6886631474372248,637.5427999882959,25802
bsd68,test014,25,Median,25.855826250893415,0.527483373476163,1593.8867999939248,25802
bsd68,test014,25,NLM,27.57697339917747,0.7528096305354494,373.42670001089573,25802
bsd68,test014,25,BM3D,30.044434076076033,0.8349169691508085,1448.2244999962859,25802
bsd68,test014,30,Noisy,18.808584909940606,0.24948283167968824,0.0,30802
bsd68,test014,30,Gaussian,26.229238519298214,0.6457095968363689,645.1704000064638,30802
bsd68,test014,30,Median,24.81247225125483,0.46518538066289083,1614.1604000004008,30802
bsd68,test014,30,NLM,26.73696706357626,0.7245715140356235,363.9052000071388,30802
bsd68,test014,30,BM3D,29.12548972751186,0.8116483009721094,1455.1774999999907,30802
bsd68,test014,35,Noisy,17.51209878818479,0.21231103605866358,0.0,35802
bsd68,test014,35,Gaussian,25.75808670857704,0.6050390824375493,700.237000011839,35802
bsd68,test014,35,Median,23.760386604400278,0.412533405730445,1599.7689999931026,35802
bsd68,test014,35,NLM,26.0640924969325,0.6979064549803524,365.7649999950081,35802
bsd68,test014,35,BM3D,28.444309766247923,0.7916532920081459,1443.924599996535,35802
bsd68,test014,40,Noisy,16.466628040091106,0.18310118069267806,0.0,40802
bsd68,test014,40,Gaussian,25.30176632415605,0.5673906973232655,635.1268000144046,40802
bsd68,test014,40,Median,22.849681750941492,0.36686375600843496,1686.2038999970537,40802
bsd68,test014,40,NLM,25.562639548779877,0.6747777696888873,445.9601999842562,40802
bsd68,test014,40,BM3D,27.80979944201979,0.7712857939718016,2092.641700000968,40802
bsd68,test014,50,Noisy,14.72620957158724,0.14190440972805304,0.0,50802
bsd68,test014,50,Gaussian,24.397775230441102,0.5028648310915245,831.297299999278,50802
bsd68,test014,50,Median,21.306846635894953,0.3003396654076488,1788.8421999814454,50802
bsd68,test014,50,NLM,24.64476173441454,0.6297212404934893,374.7665999981109,50802
bsd68,test014,50,BM3D,26.68838600659845,0.735888694553008,2234.5435000024736,50802
bsd68,test014,75,Noisy,11.881473536410788,0.08674808778948308,0.0,75802
bsd68,test014,75,Gaussian,22.18147150606415,0.3831581939515755,666.8346999795176,75802
bsd68,test014,75,Median,18.239084248097186,0.19765798390639336,1768.4902000182774,75802
bsd68,test014,75,NLM,22.717292617586278,0.5433040889214332,366.8694000225514,75802
bsd68,test014,75,BM3D,24.58382175820319,0.6782946323036265,2142.6726000208873,75802
bsd68,test015,5,Noisy,34.12462765641537,0.9161974989052332,0.0,5708
bsd68,test015,5,Gaussian,24.415687745120213,0.728629108516233,790.2767000196036,5708
bsd68,test015,5,Median,26.346445474841907,0.820675209714207,2091.519299981883,5708
bsd68,test015,5,NLM,32.82708603360224,0.8856886761643304,354.3945999990683,5708
bsd68,test015,5,BM3D,35.96633520415064,0.9586178358060606,2996.113900007913,5708
bsd68,test015,10,Noisy,28.165572393033983,0.7708058238791881,0.0,10708
bsd68,test015,10,Gaussian,24.341915501815812,0.7171515448184483,677.1911999967415,10708
bsd68,test015,10,Median,25.891959892445072,0.77548745098788,1651.1282999999821,10708
bsd68,test015,10,NLM,28.92063183208514,0.8085790032975124,360.29820001567714,10708
bsd68,test015,10,BM3D,31.6928932493996,0.9021049494291578,2073.9341999869794,10708
bsd68,test015,15,Noisy,24.70240695378026,0.6455827206914928,0.0,15708
bsd68,test015,15,Gaussian,24.212149610441045,0.7012161663272336,778.0724999902304,15708
bsd68,test015,15,Median,25.326581921797455,0.7225902083904774,1666.744199988898,15708
bsd68,test015,15,NLM,26.6574253170989,0.7434480443273306,383.26790000428446,15708
bsd68,test015,15,BM3D,29.41420533036133,0.8528033384887507,1558.284700004151,15708
bsd68,test015,20,Noisy,22.276858132058916,0.5457510616081964,0.0,20708
bsd68,test015,20,Gaussian,24.058179215502186,0.6799118784629316,645.2245000109542,20708
bsd68,test015,20,Median,24.642987239390678,0.6630118621088467,1675.3779000137001,20708
bsd68,test015,20,NLM,25.148456292100438,0.6861263453109044,377.0922999829054,20708
bsd68,test015,20,BM3D,27.83095119686001,0.8049743475944493,1429.6576000051573,20708
bsd68,test015,25,Noisy,20.48097190979464,0.46832306423636944,0.0,25708
bsd68,test015,25,Gaussian,23.844207672016047,0.6560827427108404,795.6851999915671,25708
bsd68,test015,25,Median,23.928372488058102,0.6092597939335224,1628.7205000116955,25708
bsd68,test015,25,NLM,24.24253732506199,0.6460146510492378,376.62470000213943,25708
bsd68,test015,25,BM3D,26.65624599770146,0.7620804526933334,1423.5778999864124,25708
bsd68,test015,30,Noisy,19.026215781516697,0.40896674172189557,0.0,30708
bsd68,test015,30,Gaussian,23.625044359342514,0.6340734225306761,647.534399991855,30708
bsd68,test015,30,Median,23.20268928946239,0.5615430086627682,1720.0987999967765,30708
bsd68,test015,30,NLM,23.568865801226462,0.6136776282556212,504.90119997994043,30708
bsd68,test015,30,BM3D,25.73966458818954,0.726119425402568,1944.5785999996588,30708
bsd68,test015,35,Noisy,17.783039564529446,0.35726344934918614,0.0,35708
bsd68,test015,35,Gaussian,23.38206406890237,0.6125066549386189,646.5917999739759,35708
bsd68,test015,35,Median,22.49794099637406,0.5198724140372739,1646.4680000208318,35708
bsd68,test015,35,NLM,23.116267623552666,0.5898330171520697,375.85179999587126,35708
bsd68,test015,35,BM3D,25.00331289279606,0.6933547325741568,1709.3466999940574,35708
bsd68,test015,40,Noisy,16.734655044958636,0.31593552417140863,0.0,40708
bsd68,test015,40,Gaussian,23.098628822338185,0.5887778820128045,1055.9639999992214,40708
bsd68,test015,40,Median,21.798781272295447,0.477128656121936,2005.1330999995116,40708
bsd68,test015,40,NLM,22.642509055862014,0.5650824419707198,496.09879998024553,40708
bsd68,test015,40,BM3D,24.378479897986217,0.664861920374062,2179.9459000176284,40708
bsd68,test015,50,Noisy,15.082734517576661,0.25316837327568503,0.0,50708
bsd68,test015,50,Gaussian,22.476270670895346,0.5437924554724964,1078.3433000033256,50708
bsd68,test015,50,Median,20.575809205178096,0.41403246649839187,2433.2642999943346,50708
bsd68,test015,50,NLM,21.86684778938917,0.5218508332675367,501.9692999776453,50708
bsd68,test015,50,BM3D,23.317036750100925,0.6070626604595339,2274.859600001946,50708
bsd68,test015,75,Noisy,12.191245296552927,0.1554344213254758,0.0,75708
bsd68,test015,75,Gaussian,20.651813215469616,0.44202749430804766,697.9651000001468,75708
bsd68,test015,75,Median,17.971838801131966,0.2944740622348899,1884.686999983387,75708
bsd68,test015,75,NLM,20.254850549260706,0.4415146027159369,440.8466999884695,75708
bsd68,test015,75,BM3D,21.3675986106899,0.5112008157949786,2316.853299998911,75708
bsd68,test016,5,Noisy,34.09995228669565,0.9418402298474828,0.0,5561
bsd68,test016,5,Gaussian,23.702567678163575,0.7860446561027694,844.2236999981105,5561
bsd68,test016,5,Median,27.7705789583925,0.8968241743447402,1846.976699976949,5561
bsd68,test016,5,NLM,33.91484467513622,0.9295782089459274,332.90449998457916,5561
bsd68,test016,5,BM3D,36.286804712884155,0.9737870446149559,1467.7648000069894,5561
bsd68,test016,10,Noisy,28.120312844291018,0.8329735631923812,0.0,10561
bsd68,test016,10,Gaussian,23.64957396651191,0.778490791464766,677.430399984587,10561
bsd68,test016,10,Median,27.06709362536118,0.8623134913388062,1783.7261999957263,10561
bsd68,test016,10,NLM,30.133363886912043,0.872584009781736,354.9752999970224,10561
bsd68,test016,10,BM3D,32.23199088471303,0.9369730667021712,1642.8004000044893,10561
bsd68,test016,15,Noisy,24.615090187036092,0.7310719325215701,0.0,15561
bsd68,test016,15,Gaussian,23.536169150657614,0.7666235835613506,674.4929999986198,15561
bsd68,test016,15,Median,26.181787034892388,0.820741275513268,1738.0089999933261,15561
bsd68,test016,15,NLM,27.87641625821624,0.8276121223814734,373.71459999121726,15561
bsd68,test016,15,BM3D,29.98442914247193,0.9015691622739503,1472.7383000135887,15561
bsd68,test016,20,Noisy,22.17849069959412,0.6459567613727946,0.0,20561
bsd68,test016,20,Gaussian,23.408120640427438,0.7522813076029614,695.2497999882326,20561
bsd68,test016,20,Median,25.247117205208166,0.7745209905800889,1759.567800007062,20561
bsd68,test016,20,NLM,26.13701188505855,0.78227952963337,398.8651999970898,20561
bsd68,test016,20,BM3D,28.489498471431087,0.8693363173892857,1494.396299996879,20561
bsd68,test016,25,Noisy,20.296130725264728,0.5765080010173678,0.0,25561
bsd68,test016,25,Gaussian,23.233612877361516,0.7372620467097148,814.057599985972,25561
bsd68,test016,25,Median,24.370412357511274,0.7330852995264092,1757.2122999990825,25561
bsd68,test016,25,NLM,24.709634590410236,0.7407626765606031,397.10100000957027,25561
bsd68,test016,25,BM3D,27.396236531820417,0.8444312295821407,1500.6086999783292,25561
bsd68,test016,30,Noisy,18.823076301938713,0.5178725263060634,0.0,30561
bsd68,test016,30,Gaussian,23.04723938730994,0.7180085962104042,684.4799999962561,30561
bsd68,test016,30,Median,23.562158783181783,0.6918054173487307,1734.0997999999672,30561
bsd68,test016,30,NLM,23.650749459117254,0.7010631855425036,399.71349999541417,30561
bsd68,test016,30,BM3D,26.451696310988176,0.8150555439067901,1563.2821999897715,30561
bsd68,test016,35,Noisy,17.568047944716007,0.4676983134635503,0.0,35561
bsd68,test016,35,Gaussian,22.800820240616662,0.6978969072506992,672.6351999968756,35561
bsd68,test016,35,Median,22.690737999826077,0.6497506235838925,1746.8332000134978,35561
bsd68,test016,35,NLM,22.809653304519983,0.6680560905726973,400.0682999903802,35561
bsd68,test016,35,BM3D,25.624366271695646,0.788129148648412,1460.9528000000864,35561
bsd68,test016,40,Noisy,16.49823702173531,0.4246763366335549,0.0,40561
bsd68,test016,40,Gaussian,22.56032709414447,0.6819240837083584,697.3341999982949,40561
bsd68,test016,40,Median,21.946454467813325,0.6167904536623716,1749.0413000050467,40561
bsd68,test016,40,NLM,22.067391770590348,0.6353065046596137,399.3404000066221,40561
bsd68,test016,40,BM3D,24.95141143587276,0.7671744915586972,1487.179499992635,40561
bsd68,test016,50,Noisy,14.866315633393054,0.35703313357136485,0.0,50561
bsd68,test016,50,Gaussian,22.033730754134794,0.6460408163976279,695.4000999976415,50561
bsd68,test016,50,Median,20.6189722084154,0.5570149714383819,1743.5768999857828,50561
bsd68,test016,50,NLM,20.76717029898419,0.5677080055541223,387.6196999917738,50561
bsd68,test016,50,BM3D,23.68616219572042,0.7173395085340836,1506.5848999947775,50561
bsd68,test016,75,Noisy,12.026251012411887,0.23961743110285497,0.0,75561
bsd68,test016,75,Gaussian,20.433413952695112,0.5532810688211234,675.3550999856088,75561
bsd68,test016,75,Median,17.84644676923751,0.4345638446358946,1831.0829999973066,75561
bsd68,test016,75,NLM,18.618108667190484,0.4366292040167729,400.61800001421943,75561
bsd68,test016,75,BM3D,21.050988328024467,0.5935268831847902,1499.0963000163902,75561
bsd68,test017,5,Noisy,34.118189405342065,0.8109625662698119,0.0,5095
bsd68,test017,5,Gaussian,32.5372860874253,0.8835350933664387,671.3572999869939,5095
bsd68,test017,5,Median,34.91594881086172,0.8981729775948505,1747.9109999840148,5095
bsd68,test017,5,NLM,36.95640567897233,0.9338524344908031,369.00569999124855,5095
bsd68,test017,5,BM3D,39.32201857670278,0.9654502721344648,1540.101600025082,5095
bsd68,test017,10,Noisy,28.412408696035158,0.5695400499762036,0.0,10095
bsd68,test017,10,Gaussian,32.164347387710734,0.8603878520950364,697.1769999945536,10095
bsd68,test017,10,Median,32.71421493735638,0.8070149036148826,1750.7687000033911,10095
bsd68,test017,10,NLM,33.786791385581935,0.880999073150784,388.10310000553727,10095
bsd68,test017,10,BM3D,36.17119566370507,0.9291357540187528,1540.000599983614,10095
bsd68,test017,15,Noisy,25.065211397853325,0.40761165590217685,0.0,15095
bsd68,test017,15,Gaussian,31.537175086489427,0.8231455038450085,692.0457999804057,15095
bsd68,test017,15,Median,30.585129418819598,0.6981259993390163,1743.3495000004768,15095
bsd68,test017,15,NLM,32.11250866868411,0.840282698016371,395.48289999947883,15095
bsd68,test017,15,BM3D,34.30815736743865,0.8943894194748364,1564.5288999949116,15095
bsd68,test017,20,Noisy,22.677335228560192,0.3040377854122706,0.0,20095
bsd68,test017,20,Gaussian,30.725625875932323,0.7815383075052049,740.5342000129167,20095
bsd68,test017,20,Median,28.807447790623048,0.6014514732072498,1767.7721000218298,20095
bsd68,test017,20,NLM,30.901403804632174,0.8073603287032909,381.7809999745805,20095
bsd68,test017,20,BM3D,33.025932941134535,0.8678370014022492,1567.555599991465,20095
bsd68,test017,25,Noisy,20.82935619151291,0.23394830003764935,0.0,25095
bsd68,test017,25,Gaussian,29.756240284337178,0.7279375786224661,691.5413000097033,25095
bsd68,test017,25,Median,27.309916281633146,0.5174149248034259,1740.4306999815162,25095
bsd68,test017,25,NLM,29.906775972466903,0.7730426460505829,398.238499998115,25095
bsd68,test017,25,BM3D,31.895405817253494,0.836986986093704,1617.6780000096187,25095
bsd68,test017,30,Noisy,19.311124184971444,0.1876598075584911,0.0,30095
bsd68,test017,30,Gaussian,28.858288951899198,0.6809382449166356,698.794199997792,30095
bsd68,test017,30,Median,26.00998498422069,0.4502381192253722,1759.6627000020817,30095
bsd68,test017,30,NLM,29.140527768673632,0.7436643870694404,393.0112000089139,30095
bsd68,test017,30,BM3D,30.963340001126202,0.8143212534779413,1558.662600000389,30095
bsd68,test017,35,Noisy,18.071329010511818,0.1521361659908021,0.0,35095
bsd68,test017,35,Gaussian,27.82715929356126,0.6281077826528546,681.731899996521,35095
bsd68,test017,35,Median,24.881086310235684,0.3904708840589842,1774.5692000025883,35095
bsd68,test017,35,NLM,28.181030569419665,0.708954832852848,380.6475000164937,35095
bsd68,test017,35,BM3D,29.8829500541458,0.7848635242109598,1544.4920999871101,35095
bsd68,test017,40,Noisy,17.042492657831758,0.12648703209902892,0.0,40095
bsd68,test017,40,Gaussian,27.006164461298173,0.5829583679956831,698.0915000021923,40095
bsd68,test017,40,Median,23.905301907498263,0.3421476805894268,1746.5653999825008,40095
bsd68,test017,40,NLM,27.549067082979697,0.6801880047220089,375.7449999975506,40095
bsd68,test017,40,BM3D,29.119808846615246,0.762357823645566,1576.5557000122499,40095
bsd68,test017,50,Noisy,15.254340309255891,0.0916130966446979,0.0,50095
bsd68,test017,50,Gaussian,25.291567110178917,0.502781507161943,673.5687000036705,50095
bsd68,test017,50,Median,22.207654688042847,0.2725939246763139,1756.2648000021,50095
bsd68,test017,50,NLM,26.06699007600783,0.6206089669034105,385.35050000064075,50095
bsd68,test017,50,BM3D,27.399823189535827,0.7234091410044339,1609.6269999979995,50095
bsd68,test017,75,Noisy,12.30695293556179,0.04923527933584045,0.0,75095
bsd68,test017,75,Gaussian,21.910994642904047,0.3556810661493599,673.7934999982826,75095
bsd68,test017,75,Median,19.025208169371695,0.1651734187372441,1784.066599997459,75095
bsd68,test017,75,NLM,23.168014964174667,0.5130258283220419,396.33829999365844,75095
bsd68,test017,75,BM3D,24.056778586926775,0.650314399536382,1708.477899985155,75095
bsd68,test018,5,Noisy,34.12734012031206,0.806866976278844,0.0,5437
bsd68,test018,5,Gaussian,31.465470679607513,0.8930260219556249,698.5589999821968,5437
bsd68,test018,5,Median,33.577868245033514,0.9054985212162964,1725.2729999891017,5437
bsd68,test018,5,NLM,37.887440189611716,0.947435540502705,360.1476000039838,5437
bsd68,test018,5,BM3D,40.089463907275665,0.9723275244074528,1510.7255000039004,5437
bsd68,test018,10,Noisy,28.153162392153558,0.5476048651847346,0.0,10437
bsd68,test018,10,Gaussian,31.10534449213401,0.8646745641965514,780.9956999844871,10437
bsd68,test018,10,Median,31.813503357267518,0.8092576248596808,1758.9500999893062,10437
bsd68,test018,10,NLM,33.93559504598955,0.8974276761203298,371.2592000083532,10437
bsd68,test018,10,BM3D,36.63976986172482,0.9445231428426477,1562.5188999983948,10437
bsd68,test018,15,Noisy,24.691051627937505,0.38556315687843196,0.0,15437
bsd68,test018,15,Gaussian,30.595398527847273,0.8253538314929278,692.4028999928851,15437
bsd68,test018,15,Median,30.00166182031561,0.7003954976682949,1724.6031000104267,15437
bsd68,test018,15,NLM,31.94255719340649,0.8609292253597098,386.73040000139736,15437
bsd68,test018,15,BM3D,34.66260261801063,0.9178959553455412,1630.9492000145838,15437
bsd68,test018,20,Noisy,22.226541734877184,0.2863449086547958,0.0,20437
bsd68,test018,20,Gaussian,29.950298433809003,0.7770464978517284,696.3269999832846,20437
bsd68,test018,20,Median,28.344630668622294,0.5970997690150772,1730.8528000139631,20437
bsd68,test018,20,NLM,30.579359094709563,0.8300481724050182,381.19760001427494,20437
bsd68,test018,20,BM3D,33.32376949935308,0.8943140521840328,1550.2426000020932,20437
bsd68,test018,25,Noisy,20.3653566186518,0.22371779488735538,0.0,25437
bsd68,test018,25,Gaussian,29.24743493155269,0.7250948823128893,699.1902999870945,25437
bsd68,test018,25,Median,26.915948775442242,0.5112876869877199,1733.8452000112738,25437
bsd68,test018,25,NLM,29.508414991370945,0.8030061991014747,382.8246999764815,25437
bsd68,test018,25,BM3D,32.33161254298469,0.8739350068836848,1516.694899997674,25437
bsd68,test018,30,Noisy,18.840551332904752,0.18014339303592697,0.0,30437
bsd68,test018,30,Gaussian,28.531947223188073,0.6759983908371795,689.0196000167634,30437
bsd68,test018,30,Median,25.65284907493171,0.4400397489488894,1767.9976999934297,30437
bsd68,test018,30,NLM,28.718878280196037,0.7766472217616198,401.86059998814017,30437
bsd68,test018,30,BM3D,31.449390067085933,0.853830624418865,1551.83300000499,30437
bsd68,test018,35,Noisy,17.571522607352296,0.1483894147447823,0.0,35437
bsd68,test018,35,Gaussian,27.783373126246076,0.621520497919048,680.5120999924839,35437
bsd68,test018,35,Median,24.42967807625267,0.3766700138710974,2610.536099993624,35437
bsd68,test018,35,NLM,28.06105560805474,0.7533314664694594,583.1735999963712,35437
bsd68,test018,35,BM3D,30.763009488300952,0.8364949969157695,2017.9454000026453,35437
bsd68,test018,40,Noisy,16.53840247998126,0.12530335849495694,0.0,40437
bsd68,test018,40,Gaussian,27.095210431360044,0.5779637110385313,695.3231999941636,40437
bsd68,test018,40,Median,23.46211914923427,0.3282779255454199,1745.5818000016734,40437
bsd68,test018,40,NLM,27.347409953596127,0.7285249815738577,393.6428999877535,40437
bsd68,test018,40,BM3D,30.12269750257319,0.821607974229399,1521.1766000138596,40437
bsd68,test018,50,Noisy,14.794360609725052,0.09156979096387641,0.0,50437
bsd68,test018,50,Gaussian,25.798723081752257,0.5002266723570418,846.2112999986857,50437
bsd68,test018,50,Median,21.722316555373105,0.2546387462613938,1865.448299999116,50437
bsd68,test018,50,NLM,26.438807565179797,0.6843815806818028,379.8040999972727,50437
bsd68,test018,50,BM3D,28.956074595828127,0.7953947586003887,1587.9134999995586,50437
bsd68,test018,75,Noisy,11.939902568247538,0.05197140002486936,0.0,75437
bsd68,test018,75,Gaussian,22.966061743786142,0.3667435628913771,672.2320999833755,75437
bsd68,test018,75,Median,18.462443714033153,0.15424506965048226,1754.055099998368,75437
bsd68,test018,75,NLM,24.45764387840171,0.6002639872171027,386.6602999914903,75437
bsd68,test018,75,BM3D,26.03917380366015,0.745859753473398,1588.0603999830782,75437
bsd68,test019,5,Noisy,34.09304980515066,0.8857370919992372,0.0,5549
bsd68,test019,5,Gaussian,24.247183359646538,0.7284033149016077,693.3292000030633,5549
bsd68,test019,5,Median,26.176339800229883,0.7871965954889462,1763.8558000035118,5549
bsd68,test019,5,NLM,33.929943995858594,0.9054740856609114,348.72180002275854,5549
bsd68,test019,5,BM3D,36.89031299873988,0.9649832269437243,1527.5196000002325,5549
bsd68,test019,10,Noisy,28.179459005723167,0.7103880524349854,0.0,10549
bsd68,test019,10,Gaussian,24.17771461655302,0.7130636558543944,670.630299980985,10549
bsd68,test019,10,Median,25.767585548623714,0.7303616788450448,1731.7113000026438,10549
bsd68,test019,10,NLM,29.39227455230816,0.8129251608206783,378.962800023146,10549
bsd68,test019,10,BM3D,32.57195053553761,0.9153644152761403,1523.049399984302,10549
bsd68,test019,15,Noisy,24.76522372658006,0.5776473191566297,0.0,15549
bsd68,test019,15,Gaussian,24.057968668470167,0.69106345545541,693.6822000134271,15549
bsd68,test019,15,Median,25.17934148346381,0.6630082787837933,1761.5318000025582,15549
bsd68,test019,15,NLM,27.534598256689197,0.7557987621326187,389.4832999794744,15549
bsd68,test019,15,BM3D,30.251307628741188,0.8658128063605918,1537.599000002956,15549
bsd68,test019,20,Noisy,22.343039331584166,0.48187423709562144,0.0,20549
bsd68,test019,20,Gaussian,23.893983127495837,0.6659032596130041,678.5602000018116,20549
bsd68,test019,20,Median,24.53555782434076,0.5974742861512727,1739.7391999838874,20549
bsd68,test019,20,NLM,26.390382684909063,0.7156605911845227,388.52310000220314,20549
bsd68,test019,20,BM3D,28.602189273444555,0.8186161326208005,1552.3950000060722,20549
bsd68,test019,25,Noisy,20.50157606616463,0.407956727418742,0.0,25549
bsd68,test019,25,Gaussian,23.679279075622564,0.6357103042929072,676.7925999884028,25549
bsd68,test019,25,Median,23.82479495770131,0.5366989330115732,1758.3495999861043,25549
bsd68,test019,25,NLM,25.593071782154592,0.6851507650283406,391.5287999843713,25549
bsd68,test019,25,BM3D,27.363906269689235,0.7702833752412207,1537.002199998824,25549
bsd68,test019,30,Noisy,19.016367651814285,0.35396493610069923,0.0,30549
bsd68,test019,30,Gaussian,23.454409805177345,0.6068174682365851,680.9730000095442,30549
bsd68,test019,30,Median,23.1552178874831,0.4872620689623639,1728.0113999731839,30549
bsd68,test019,30,NLM,24.91829496824195,0.6585825383050382,386.54929999029264,30549
bsd68,test019,30,BM3D,26.45950508035131,0.7335025654617968,1508.89559998177,30549
bsd68,test019,35,Noisy,17.734872554098025,0.3098581707004683,0.0,35549
bsd68,test019,35,Gaussian,23.16845520813645,0.5782248701081638,676.154700020561,35549
bsd68,test019,35,Median,22.42284738402443,0.4409954313131764,1745.5857999739237,35549
bsd68,test019,35,NLM,24.396854379176062,0.6378680960929851,383.41350000700913,35549
bsd68,test019,35,BM3D,25.762398111999843,0.7039283008892027,1658.8518999924418,35549
bsd68,test019,40,Noisy,16.669862826769947,0.27336406058496654,0.0,40549
bsd68,test019,40,Gaussian,22.85129355405543,0.5483080925572447,734.7579000052065,40549
bsd68,test019,40,Median,21.78227757952412,0.40383232348647646,1803.7447000097018,40549
bsd68,test019,40,NLM,23.855044079940527,0.6148856062265065,392.4259999766946,40549
bsd68,test019,40,BM3D,25.17224239959056,0.6800399419079945,2116.167999978643,40549
bsd68,test019,50,Noisy,14.889910965084015,0.21928414747109176,0.0,50549
bsd68,test019,50,Gaussian,22.161818836332692,0.4909838795644487,679.292799992254,50549
bsd68,test019,50,Median,20.455734059211522,0.3369754757115911,1760.6167999911122,50549
bsd68,test019,50,NLM,22.80468293401793,0.5733678626402293,396.2724000157323,50549
bsd68,test019,50,BM3D,24.10523359461787,0.6360019665162533,1577.0569999876898,50549
bsd68,test019,75,Noisy,12.022375936483531,0.14504641423406783,0.0,75549
bsd68,test019,75,Gaussian,20.508380440820698,0.3893886689610803,672.3253000236582,75549
bsd68,test019,75,Median,17.92174233935315,0.24290445675376313,1770.7393000018783,75549
bsd68,test019,75,NLM,20.651823267774713,0.48928021972612074,393.6802000098396,75549
bsd68,test019,75,BM3D,22.20236439430284,0.5727796850717237,1593.0875999911223,75549
bsd68,test020,5,Noisy,34.10145689028985,0.8478330249984033,0.0,5127
bsd68,test020,5,Gaussian,24.750471760189242,0.803636060833444,792.2110999934375,5127
bsd68,test020,5,Median,26.759695894499153,0.8365308180299121,1724.0785999747459,5127
bsd68,test020,5,NLM,34.8741347232083,0.9164895974321742,383.55199998477474,5127
bsd68,test020,5,BM3D,37.34153276055861,0.9584095952198343,1597.9423999961,5127
bsd68,test020,10,Noisy,28.19503329088995,0.6362068174150665,0.0,10127
bsd68,test020,10,Gaussian,24.675225820960655,0.783282023835944,679.0242999850307,10127
bsd68,test020,10,Median,26.32539854016812,0.7642096074818165,1779.7882000159007,10127
bsd68,test020,10,NLM,31.046659615278898,0.8602230562873701,378.9882000128273,10127
bsd68,test020,10,BM3D,33.179118479300655,0.9161057212453113,1607.1283999772277,10127
bsd68,test020,15,Noisy,24.808643368007004,0.4954197070868072,0.0,15127
bsd68,test020,15,Gaussian,24.551209891804653,0.7529741587057114,672.5245000270661,15127
bsd68,test020,15,Median,25.70582667872155,0.6784563643464082,1754.6732999908272,15127
bsd68,test020,15,NLM,28.90316785970679,0.8181469250185918,377.2916999878362,15127
bsd68,test020,15,BM3D,30.90076450380834,0.8756301018957584,1535.4985000158194,15127
bsd68,test020,20,Noisy,22.4105762279102,0.40526988840417016,0.0,20127
bsd68,test020,20,Gaussian,24.38039834330557,0.7148932948265732,695.8257000078447,20127
bsd68,test020,20,Median,24.98322352010915,0.5938245572266653,1786.3351999840233,20127
bsd68,test020,20,NLM,27.43171649523532,0.7851992447010993,394.4871000130661,20127
bsd68,test020,20,BM3D,29.25015841855346,0.8396082722851702,1771.593000012217,20127
bsd68,test020,25,Noisy,20.566801706444924,0.34089743280827245,0.0,25127
bsd68,test020,25,Gaussian,24.150321190477335,0.6747084140970372,704.2291999969166,25127
bsd68,test020,25,Median,24.252836228875626,0.5265447859805217,1813.0912999913562,25127
bsd68,test020,25,NLM,26.2313242142314,0.753416559884361,374.9381999950856,25127
bsd68,test020,25,BM3D,28.047331638735002,0.8077532303624386,1601.1066000210121,25127
bsd68,test020,30,Noisy,19.091851567575098,0.29564981595955975,0.0,30127
bsd68,test020,30,Gaussian,23.89271215738158,0.6352176617564297,690.8486999745946,30127
bsd68,test020,30,Median,23.461572854483915,0.46488383226878566,1744.9572999903467,30127
bsd68,test020,30,NLM,25.346472230008015,0.725440852772887,395.7364000089001,30127
bsd68,test020,30,BM3D,27.06678715596272,0.7805224310582421,1528.4642000042368,30127
bsd68,test020,35,Noisy,17.85819339288039,0.2613346598647533,0.0,35127
bsd68,test020,35,Gaussian,23.59321847393968,0.5974034370933784,685.1968000119086,35127
bsd68,test020,35,Median,22.721485363199534,0.41848567530169983,1781.745399988722,35127
bsd68,test020,35,NLM,24.779020017357972,0.7012227485418684,397.9525000031572,35127
bsd68,test020,35,BM3D,26.29892132068614,0.7606818383732364,1533.7910999951418,35127
bsd68,test020,40,Noisy,16.808009720229315,0.23323881239325006,0.0,40127
bsd68,test020,40,Gaussian,23.27191018752499,0.5596450133833236,683.1004000268877,40127
bsd68,test020,40,Median,22.00740071145463,0.37476169189355846,2366.7168999963906,40127
bsd68,test020,40,NLM,24.13749372201151,0.676133202963186,559.7340999811422,40127
bsd68,test020,40,BM3D,25.62089709740914,0.7390413876718894,2179.952800011961,40127
bsd68,test020,50,Noisy,15.049823365036127,0.18989328184914625,0.0,50127
bsd68,test020,50,Gaussian,22.545350160478577,0.49278156275909757,729.7991999948863,50127
bsd68,test020,50,Median,20.706055161161206,0.31195311381982593,1765.231199999107,50127
bsd68,test020,50,NLM,23.086003294567345,0.627037907230955,431.22389999916777,50127
bsd68,test020,50,BM3D,24.490526796971672,0.7074716079945713,1651.2382999935653,50127
bsd68,test020,75,Noisy,12.166772166261506,0.12572237682529158,0.0,75127
bsd68,test020,75,Gaussian,20.68299800684017,0.3819548601679661,689.780900022015,75127
bsd68,test020,75,Median,18.138485716679163,0.22159627740783797,1796.2915999814868,75127
bsd68,test020,75,NLM,20.833998182321892,0.5242027808259593,401.3412000203971,75127
bsd68,test020,75,BM3D,22.16174390553605,0.653311885318208,1603.888800018467,75127
bsd68,test021,5,Noisy,34.11512894186926,0.9356008341191584,0.0,5326
bsd68,test021,5,Gaussian,21.143567012651303,0.7048653547412476,792.5691000127699,5326
bsd68,test021,5,Median,23.653065386482055,0.8276516677567891,1800.70930000511,5326
bsd68,test021,5,NLM,33.124092657223756,0.9356228911775476,316.9623000139836,5326
bsd68,test021,5,BM3D,35.73219396104423,0.9737356040105912,1489.9870000081137,5326
bsd68,test021,10,Noisy,28.260365401181566,0.8368058676292993,0.0,10326
bsd68,test021,10,Gaussian,21.113400369858496,0.6978310883402188,691.5558000036981,10326
bsd68,test021,10,Median,23.386227753378623,0.7933851270327062,1824.113300011959,10326
bsd68,test021,10,NLM,28.86741693501639,0.8896517924036883,347.9544000001624,10326
bsd68,test021,10,BM3D,31.244877608071352,0.9440042395923166,1748.1704000092577,10326
bsd68,test021,15,Noisy,24.8806046653276,0.7511789583108289,0.0,15326
bsd68,test021,15,Gaussian,21.0498135867093,0.6857894250261821,792.1332000114489,15326
bsd68,test021,15,Median,22.972313697182457,0.7504013438750209,1788.1840000045486,15326
bsd68,test021,15,NLM,26.12476312201657,0.8364279423558649,366.3038999948185,15326
bsd68,test021,15,BM3D,28.7528516502364,0.9132793101083442,1508.922499982873,15326
bsd68,test021,20,Noisy,22.547646057408535,0.6827285375763239,0.0,20326
bsd68,test021,20,Gaussian,20.95487711752337,0.6705235938225522,713.7862000090536,20326
bsd68,test021,20,Median,22.526419366426072,0.709372237247537,1769.61710001342,20326
bsd68,test021,20,NLM,24.29006587526199,0.7857543798923482,392.6905999833252,20326
bsd68,test021,20,BM3D,27.05522911464375,0.8823889637309187,1552.2406999953091,20326
bsd68,test021,25,Noisy,20.776997124876416,0.6241448386620417,0.0,25326
bsd68,test021,25,Gaussian,20.842893318229258,0.6536705673406615,712.5857999781147,25326
bsd68,test021,25,Median,22.026998205717142,0.6704028335519859,1755.8033000095747,25326
bsd68,test021,25,NLM,23.01678847916242,0.7393737334853726,392.64179999008775,25326
bsd68,test021,25,BM3D,25.73325589558189,0.8505361886516987,1605.3597999853082,25326
bsd68,test021,30,Noisy,19.280835437098723,0.5704190337776622,0.0,30326
bsd68,test021,30,Gaussian,20.69587721879302,0.6386755576782034,704.4091999996454,30326
bsd68,test021,30,Median,21.52570297058044,0.6393026602833105,1790.6752999988385,30326
bsd68,test021,30,NLM,21.95883897117572,0.6936546275472063,401.115699991351,30326
bsd68,test021,30,BM3D,24.676648217351893,0.8202362595689608,1530.697300011525,30326
bsd68,test021,35,Noisy,18.08729169963235,0.5238638293342487,0.0,35326
bsd68,test021,35,Gaussian,20.53953795466995,0.6196322214008096,688.0164000031073,35326
bsd68,test021,35,Median,20.993171517575743,0.6057340216132449,1777.6772999786772,35326
bsd68,test021,35,NLM,21.1749418780498,0.6527616397320484,406.753099989146,35326
bsd68,test021,35,BM3D,23.747014550284668,0.786310796502924,1517.8082000056747,35326
bsd68,test021,40,Noisy,17.088192055897295,0.48268126349766083,0.0,40326
bsd68,test021,40,Gaussian,20.329102193090804,0.5990511670669336,703.6280000174884,40326
bsd68,test021,40,Median,20.532263702777918,0.5773127896233751,1767.5268999882974,40326
bsd68,test021,40,NLM,20.534430859480043,0.6146369541452961,397.57190001546405,40326
bsd68,test021,40,BM3D,22.937021332190856,0.7534615379470323,1534.955799987074,40326
bsd68,test021,50,Noisy,15.357047390358336,0.40780845038337415,0.0,50326
bsd68,test021,50,Gaussian,19.871682003020567,0.5613342869608867,689.0271999873221,50326
bsd68,test021,50,Median,19.557503412438468,0.5236390739582016,1800.3890999825671,50326
bsd68,test021,50,NLM,19.432023903856624,0.5434457884457957,404.2202999989968,50326
bsd68,test021,50,BM3D,21.53261492310728,0.6829834028811395,1714.5583999808878,50326
bsd68,test021,75,Noisy,12.452012650012339,0.28514434980587067,0.0,75326
bsd68,test021,75,Gaussian,18.54204588812834,0.4827141456527255,772.1593999885954,75326
bsd68,test021,75,Median,17.49820106050148,0.4299637898730348,1996.1845999932848,75326
bsd68,test021,75,NLM,17.578883362202376,0.4134819333970242,394.2353999882471,75326
bsd68,test021,75,BM3D,19.07381107273266,0.5378987053559245,1538.6359000112861,75326
bsd68,test022,5,Noisy,34.12722711377229,0.9500767781565135,0.0,5700
bsd68,test022,5,Gaussian,22.95527020652221,0.6805627417530379,803.7007999955676,5700
bsd68,test022,5,Median,25.338503160745454,0.8081288037851854,1873.669599997811,5700
bsd68,test022,5,NLM,32.532092494720814,0.9087719157502676,332.971700001508,5700
bsd68,test022,5,BM3D,35.71843724476335,0.9720487848429789,1496.4034000004176,5700
bsd68,test022,10,Noisy,28.206173103357557,0.851781328001978,0.0,10700
bsd68,test022,10,Gaussian,22.902609156376982,0.6739112698871197,690.8137999998871,10700
bsd68,test022,10,Median,24.947364751314748,0.7779041497591446,2039.991800003918,10700
bsd68,test022,10,NLM,28.624269213888876,0.8276603392994047,442.74050000240095,10700
bsd68,test022,10,BM3D,31.53485175215338,0.9271729297600758,1561.8159000005107,10700
bsd68,test022,15,Noisy,24.79374590797585,0.7515260773034215,0.0,15700
bsd68,test022,15,Gaussian,22.809359314586125,0.6639802317533738,740.0263999879826,15700
bsd68,test022,15,Median,24.444673713314828,0.7405374708815369,1903.412899991963,15700
bsd68,test022,15,NLM,26.313544995964886,0.757621472760963,389.50640000985004,15700
bsd68,test022,15,BM3D,29.22356150242832,0.8787846086211094,1561.0076999873854,15700
bsd68,test022,20,Noisy,22.393400685034862,0.663228287135943,0.0,20700
bsd68,test022,20,Gaussian,22.70069016576205,0.652724854601213,688.1357000092976,20700
bsd68,test022,20,Median,23.864324119719083,0.7032855590376499,1787.8424000227824,20700
bsd68,test022,20,NLM,24.65457404316231,0.692361183103669,397.750600008294,20700
bsd68,test022,20,BM3D,27.71956275994636,0.8341756657965547,1530.8992000063881,20700
bsd68,test022,25,Noisy,20.53598712535007,0.584250901929295,0.0,25700
bsd68,test022,25,Gaussian,22.534184149908757,0.6362714561589717,701.551100006327,25700
bsd68,test022,25,Median,23.201925024332315,0.6607671785825083,1910.2883000159636,25700
bsd68,test022,25,NLM,23.4250595652688,0.6329471901211642,528.3887000114191,25700
bsd68,test022,25,BM3D,26.53894859109673,0.7893781076071109,1548.0919999827165,25700
bsd68,test022,30,Noisy,19.05664791402353,0.5189093910422135,0.0,30700
bsd68,test022,30,Gaussian,22.342586560684733,0.6184171601419868,693.3344999852125,30700
bsd68,test022,30,Median,22.561455333768116,0.6214236218128717,1967.316700000083,30700
bsd68,test022,30,NLM,22.444401345686053,0.5795561109596966,401.599000004353,30700
bsd68,test022,30,BM3D,25.5525376007571,0.7470614883667298,1566.669499996351,30700
bsd68,test022,35,Noisy,17.83838706517895,0.46303021532296396,0.0,35700
bsd68,test022,35,Gaussian,22.138971295750633,0.6028878300232516,690.413999982411,35700
bsd68,test022,35,Median,21.928684823961273,0.5884690854647686,1785.3864000062458,35700
bsd68,test022,35,NLM,21.858289274353368,0.5439364403801429,408.49010000238195,35700
bsd68,test022,35,BM3D,24.78318017885207,0.7110946887518048,1712.8185000037774,35700
bsd68,test022,40,Noisy,16.822035403166822,0.41726325102717726,0.0,40700
bsd68,test022,40,Gaussian,21.915656826698072,0.5867428608615297,710.0403000076767,40700
bsd68,test022,40,Median,21.28986641412389,0.553959078967765,1770.869700005278,40700
bsd68,test022,40,NLM,21.26490458482923,0.5098728698275028,390.29219999792986,40700
bsd68,test022,40,BM3D,24.113331283505545,0.6798581883643948,1589.9767999944743,40700
bsd68,test022,50,Noisy,15.13431110350599,0.3393678707659547,0.0,50700
bsd68,test022,50,Gaussian,21.38203788823212,0.5485157128475641,688.6673000117298,50700
bsd68,test022,50,Median,20.189731893504042,0.4922805153841326,1794.7997000010218,50700
bsd68,test022,50,NLM,20.358884424533564,0.4488866667418624,425.2390000037849,50700
bsd68,test022,50,BM3D,22.902734821782865,0.6117406723091894,1610.8593000099063,50700
bsd68,test022,75,Noisy,12.26163901797017,0.2179194067182633,0.0,75700
bsd68,test022,75,Gaussian,19.814473628972866,0.46299646351650775,689.771400007885,75700
bsd68,test022,75,Median,17.751623013137145,0.37680132858072624,1795.896099996753,75700
bsd68,test022,75,NLM,18.746739098172384,0.3462871260760625,382.62119999853894,75700
bsd68,test022,75,BM3D,20.553558195994988,0.480351803901304,1595.9427999914624,75700
bsd68,test023,5,Noisy,34.13250351467692,0.9000630558579065,0.0,5441
bsd68,test023,5,Gaussian,25.471025062635576,0.8150019259972612,690.0293999933638,5441
bsd68,test023,5,Median,27.84864004525772,0.8905888576105019,1825.0035000091884,5441
bsd68,test023,5,NLM,35.436800327795005,0.9433172693534209,366.8634000059683,5441
bsd68,test023,5,BM3D,37.59897708051958,0.9751450844635703,1501.3090000138618,5441
bsd68,test023,10,Noisy,28.158304880059283,0.7373419006599891,0.0,10441
bsd68,test023,10,Gaussian,25.364139572848128,0.801023449825483,772.6793000183534,10441
bsd68,test023,10,Median,27.205693794856273,0.8349689464078283,1814.9934000102803,10441
bsd68,test023,10,NLM,31.00508377138705,0.8808153565981903,376.88759999582544,10441
bsd68,test023,10,BM3D,33.47670461433648,0.9439817544033219,1526.1991000152193,10441
bsd68,test023,15,Noisy,24.662128657425196,0.6057100105157295,0.0,15441
bsd68,test023,15,Gaussian,25.206067131282683,0.7815468281838097,691.0858000046574,15441
bsd68,test023,15,Median,26.379818307001916,0.7702910177899299,1916.5603999863379,15441
bsd68,test023,15,NLM,28.306155879326063,0.8196600247639684,394.3032000097446,15441
bsd68,test023,15,BM3D,31.143035805448307,0.9138965296549146,1735.892500000773,15441
bsd68,test023,20,Noisy,22.244982460762465,0.5088650906688048,0.0,20441
bsd68,test023,20,Gaussian,24.984265098907574,0.7561849286446376,928.2341999933124,20441
bsd68,test023,20,Median,25.538774565517297,0.7055350184979513,1794.7865999885835,20441
bsd68,test023,20,NLM,26.340767769020424,0.7597196311503337,502.47700000181794,20441
bsd68,test023,20,BM3D,29.414875927227566,0.8807760106487931,1770.6492000143044,20441
bsd68,test023,25,Noisy,20.383511608813244,0.4338216304261517,0.0,25441
bsd68,test023,25,Gaussian,24.74579187808964,0.7257732397505864,704.4785000034608,25441
bsd68,test023,25,Median,24.701153460053654,0.6437490932640995,1804.1060999967158,25441
bsd68,test023,25,NLM,25.196468056247635,0.7165863165386597,427.13940000976436,25441
bsd68,test023,25,BM3D,28.22172503041628,0.8495052026863251,1708.1983999814838,25441
bsd68,test023,30,Noisy,18.89878942014834,0.37588838379213013,0.0,30441
bsd68,test023,30,Gaussian,24.401988107749442,0.6956556919527667,797.48280000058,30441
bsd68,test023,30,Median,23.77381120110694,0.5868723965325463,1810.2843999804463,30441
bsd68,test023,30,NLM,24.21936930085749,0.6717034819342923,402.0840000011958,30441
bsd68,test023,30,BM3D,27.03631821854372,0.8159414960959533,1572.0724000129849,30441
bsd68,test023,35,Noisy,17.64843495067266,0.3288593158828841,0.0,35441
bsd68,test023,35,Gaussian,24.081849338036534,0.6689250841958567,693.8210999942385,35441
bsd68,test023,35,Median,22.990824009840487,0.5391644535524743,1788.4790999814868,35441
bsd68,test023,35,NLM,23.554647592369534,0.638602987440982,400.6592000077944,35441
bsd68,test023,35,BM3D,26.125415898516167,0.7841083296257325,2025.0591000076383,35441
bsd68,test023,40,Noisy,16.6063785255958,0.29057743899117094,0.0,40441
bsd68,test023,40,Gaussian,23.725151333317562,0.6387329431945648,823.327700025402,40441
bsd68,test023,40,Median,22.18740719554779,0.4956359830441618,1959.6906999940984,40441
bsd68,test023,40,NLM,23.00709219398588,0.6099394410966783,421.32709998986684,40441
bsd68,test023,40,BM3D,25.37140274132501,0.7555821079048157,1717.2732999897562,40441
bsd68,test023,50,Noisy,14.915337182334735,0.2332105370930314,0.0,50441
bsd68,test023,50,Gaussian,22.995337482416733,0.5854155300130538,657.6391999842599,50441
bsd68,test023,50,Median,20.811953852416583,0.4229273720130223,1658.0500999989454,50441
bsd68,test023,50,NLM,22.155438128804033,0.5623972815242764,383.3773000224028,50441
bsd68,test023,50,BM3D,24.22634505274371,0.7083136625317936,1939.2136999813374,50441
bsd68,test023,75,Noisy,12.09119420877715,0.1472959976633727,0.0,75441
bsd68,test023,75,Gaussian,21.061537267149113,0.48111429727651694,683.2172999856994,75441
bsd68,test023,75,Median,18.0447466563321,0.30390403677140937,1670.7039999892004,75441
bsd68,test023,75,NLM,20.396588437465944,0.47018649994810646,376.0134000040125,75441
bsd68,test023,75,BM3D,21.916412655829212,0.6045693121311657,3026.0144000058062,75441
bsd68,test024,5,Noisy,34.115146793899385,0.9139471881274241,0.0,5042
bsd68,test024,5,Gaussian,26.280619262154637,0.8484420067711366,705.1699000003282,5042
bsd68,test024,5,Median,29.425962952548623,0.9071443266167349,1822.5821999949403,5042
bsd68,test024,5,NLM,34.89440665651789,0.9481050701130932,321.67910001589917,5042
bsd68,test024,5,BM3D,36.93373969641815,0.9745661825230756,1625.9868000051938,5042
bsd68,test024,10,Noisy,28.30891643583239,0.7799897820781475,0.0,10042
bsd68,test024,10,Gaussian,26.178602819346217,0.8382249520181501,661.2612000026274,10042
bsd68,test024,10,Median,28.51523798497512,0.8618477120148146,1760.9246999782044,10042
bsd68,test024,10,NLM,30.713625495783006,0.8940301576722194,359.098199987784,10042
bsd68,test024,10,BM3D,33.05246694898242,0.9441210715706417,1709.4568999891635,10042
bsd68,test024,15,Noisy,24.960850269081632,0.6659151339325416,0.0,15042
bsd68,test024,15,Gaussian,26.00019192058547,0.8221341519180638,708.8216000120156,15042
bsd68,test024,15,Median,27.448431030006958,0.8066521757545897,1650.2937999903224,15042
bsd68,test024,15,NLM,28.411519531967848,0.8445948931036971,370.633699989412,15042
bsd68,test024,15,BM3D,30.856000198545225,0.9124128096653222,1566.975800000364,15042
bsd68,test024,20,Noisy,22.62168978738867,0.572409608009876,0.0,20042
bsd68,test024,20,Gaussian,25.7572561100473,0.8008485494253853,666.0258000192698,20042
bsd68,test024,20,Median,26.41015928668089,0.7503130157272597,1658.6621000024024,20042
bsd68,test024,20,NLM,26.831464814383605,0.7980567115342571,377.2578999924008,20042
bsd68,test024,20,BM3D,29.319922771958815,0.8796969087009381,1762.3522000212688,20042
bsd68,test024,25,Noisy,20.855573450877642,0.4977954037525281,0.0,25042
bsd68,test024,25,Gaussian,25.457732909058524,0.7788587452944933,704.8893000173848,25042
bsd68,test024,25,Median,25.471025520016056,0.7014158307371919,1637.4560999975074,25042
bsd68,test024,25,NLM,25.718689032604296,0.7574941459191584,380.5912999960128,25042
bsd68,test024,25,BM3D,28.101778522197357,0.8473686001206583,1554.5986000215635,25042
bsd68,test024,30,Noisy,19.390541014876327,0.4351276832967327,0.0,30042
bsd68,test024,30,Gaussian,25.055239842261887,0.7510893134351881,654.964999994263,30042
bsd68,test024,30,Median,24.453626366015875,0.6494623313182858,1678.7258999829646,30042
bsd68,test024,30,NLM,24.78090860224253,0.7191960652529572,402.74780002073385,30042
bsd68,test024,30,BM3D,27.01093862320334,0.8139367560961468,1548.1583999935538,30042
bsd68,test024,35,Noisy,18.186767561902514,0.3837177884203087,0.0,35042
bsd68,test024,35,Gaussian,24.593803885402238,0.7237123596195403,656.9949999975506,35042
bsd68,test024,35,Median,23.59546996205884,0.6086627272971435,1680.4234999872278,35042
bsd68,test024,35,NLM,23.9882724613878,0.6849969694174851,378.439599997364,35042
bsd68,test024,35,BM3D,26.10746798424495,0.7844307750871831,1537.1447000070475,35042
bsd68,test024,40,Noisy,17.139913587494142,0.34142507771132297,0.0,40042
bsd68,test024,40,Gaussian,24.135077315672714,0.6990361069814834,650.1093000115361,40042
bsd68,test024,40,Median,22.832061864285578,0.5715450314360451,1638.830300013069,40042
bsd68,test024,40,NLM,23.222453371569443,0.6514188523285075,442.04829999944195,40042
bsd68,test024,40,BM3D,25.30540756406966,0.7542438356482282,1904.7698999929707,40042
bsd68,test024,50,Noisy,15.439245084505407,0.27384439393633697,0.0,50042
bsd68,test024,50,Gaussian,23.098298449763202,0.6448918304178207,660.1903999981005,50042
bsd68,test024,50,Median,21.37513265667392,0.502571231490834,1660.856500006048,50042
bsd68,test024,50,NLM,22.031886945521006,0.5926341794239035,393.01530001102947,50042
bsd68,test024,50,BM3D,23.87076473910984,0.6982035307501913,1552.9862999974284,50042
bsd68,test024,75,Noisy,12.435240295101213,0.17085269132170633,0.0,75042
bsd68,test024,75,Gaussian,20.520012114816936,0.5231569101832878,644.2530000058468,75042
bsd68,test024,75,Median,18.561338048952774,0.37088020730150156,1674.604100000579,75042
bsd68,test024,75,NLM,19.55888150549769,0.4697489575862625,375.95129999681376,75042
bsd68,test024,75,BM3D,21.06220360765282,0.5806592893866199,1541.3262999791186,75042
bsd68,test025,5,Noisy,34.086948588944956,0.8336516947362254,0.0,5372
bsd68,test025,5,Gaussian,26.43410033700914,0.8606194139648717,660.6752999941818,5372
bsd68,test025,5,Median,29.015727120098525,0.8942741624464701,1667.857799999183,5372
bsd68,test025,5,NLM,36.90949245460529,0.9747780628447538,338.1171000073664,5372
bsd68,test025,5,BM3D,38.11736531719947,0.9834142915810555,1556.1757999821566,5372
bsd68,test025,10,Noisy,28.158052960585614,0.6269802875691846,0.0,10372
bsd68,test025,10,Gaussian,26.323213941798542,0.8379169957311676,849.0975000022445,10372
bsd68,test025,10,Median,28.26321791724139,0.8156834490709464,1647.1198999788612,10372
bsd68,test025,10,NLM,31.850461501020945,0.9339600864767411,360.0455000123475,10372
bsd68,test025,10,BM3D,33.94627528489805,0.965421294655885,1573.3113999885973,10372
bsd68,test025,15,Noisy,24.626804167518962,0.4951972904013797,0.0,15372
bsd68,test025,15,Gaussian,26.146008351509245,0.8028311772661059,918.8650000141934,15372
bsd68,test025,15,Median,27.26733810358907,0.7207929277265162,1650.461200013524,15372
bsd68,test025,15,NLM,29.317413946064462,0.8936104941724896,368.28560000867583,15372
bsd68,test025,15,BM3D,31.66723260554434,0.9442673594149065,1557.5177999853622,15372
bsd68,test025,20,Noisy,22.16269355154402,0.4123017864404417,0.0,20372
bsd68,test025,20,Gaussian,25.910152393948387,0.7636135321346164,669.8123999813106,20372
bsd68,test025,20,Median,26.22615702551645,0.6370174659460113,1662.84249999444,20372
bsd68,test025,20,NLM,27.673562788600346,0.8592902978879631,375.90799998724833,20372
bsd68,test025,20,BM3D,30.09206818870933,0.9228491503245994,1587.04470001976,20372
bsd68,test025,25,Noisy,20.28118245956428,0.35238719041204625,0.0,25372
bsd68,test025,25,Gaussian,25.616895691817824,0.7210298808724784,659.9997000012081,25372
bsd68,test025,25,Median,25.206163665314612,0.5623870069749096,1691.9303000031505,25372
bsd68,test025,25,NLM,26.46399829326862,0.8271964628697911,484.3205999932252,25372
bsd68,test025,25,BM3D,28.961065657057222,0.9030875499206401,1773.9906999922823,25372
bsd68,test025,30,Noisy,18.833901537886135,0.3081063355876337,0.0,30372
bsd68,test025,30,Gaussian,25.335320361774226,0.6831309578724951,650.3118999826256,30372
bsd68,test025,30,Median,24.30305337584457,0.5049349150621288,1742.1077999752015,30372
bsd68,test025,30,NLM,25.648745708890964,0.7991095221833151,394.8462999833282,30372
bsd68,test025,30,BM3D,28.120068169414836,0.8819441662071286,1617.192999983672,30372
bsd68,test025,35,Noisy,17.591443893261204,0.2723625236432696,0.0,35372
bsd68,test025,35,Gaussian,25.00982928989381,0.6453712236426464,687.94999999227,35372
bsd68,test025,35,Median,23.38113716988269,0.4557501826457709,1705.5574000114575,35372
bsd68,test025,35,NLM,25.00971453889059,0.7749028254916283,401.83049999177456,35372
bsd68,test025,35,BM3D,27.397026791470957,0.8667738533783922,1564.372499997262,35372
bsd68,test025,40,Noisy,16.570858125521124,0.24193744664914016,0.0,40372
bsd68,test025,40,Gaussian,24.656916605985394,0.6132379285983266,652.8192000114359,40372
bsd68,test025,40,Median,22.527861804891955,0.41306550373403056,1637.2411000193097,40372
bsd68,test025,40,NLM,24.352455788873797,0.7478900117740185,397.3030000051949,40372
bsd68,test025,40,BM3D,26.77396643025856,0.8488820628087922,1809.3311999982689,40372
bsd68,test025,50,Noisy,14.89390503059363,0.19579646981184676,0.0,50372
bsd68,test025,50,Gaussian,23.851968366564552,0.5509967957871633,652.5838999950793,50372
bsd68,test025,50,Median,21.048014269809492,0.35071836183801963,2049.0256000193767,50372
bsd68,test025,50,NLM,23.29932221141119,0.6979556068600081,369.8576999886427,50372
bsd68,test025,50,BM3D,25.61644005535514,0.8149213942274035,1594.3282000080217,50372
bsd68,test025,75,Noisy,12.09531589450937,0.1265704488042065,0.0,75372
bsd68,test025,75,Gaussian,21.77627718411516,0.434937378440717,670.7499999902211,75372
bsd68,test025,75,Median,18.105786820587817,0.25042248276993,1695.2126999967732,75372
bsd68,test025,75,NLM,21.311776772203714,0.5946644717923336,374.7099000029266,75372
bsd68,test025,75,BM3D,23.32152932533589,0.7426908557529383,1595.6944999925327,75372
bsd68,test026,5,Noisy,34.13793662895902,0.9127643400175628,0.0,5336
bsd68,test026,5,Gaussian,26.873763114152656,0.7747545295544663,693.9255999750458,5336
bsd68,test026,5,Median,29.107776429442808,0.8465515359600189,1721.0733000247274,5336
bsd68,test026,5,NLM,33.53314540751527,0.9012744497766976,334.4165000016801,5336
bsd68,test026,5,BM3D,36.45017364145379,0.9604120741448707,1500.875099998666,5336
bsd68,test026,10,Noisy,28.183669993185752,0.7600164213735316,0.0,10336
bsd68,test026,10,Gaussian,26.74206902438671,0.7633030519942664,674.9665999959689,10336
bsd68,test026,10,Median,28.287708221636475,0.7992566985351892,1655.6007000035606,10336
bsd68,test026,10,NLM,29.844402626774816,0.8219346732802283,372.55820000427775,10336
bsd68,test026,10,BM3D,32.490096551537206,0.9070418079341724,1599.640599975828,10336
bsd68,test026,15,Noisy,24.700446222699966,0.6269072256264719,0.0,15336
bsd68,test026,15,Gaussian,26.524894166741543,0.7461591861536034,722.4550999817438,15336
bsd68,test026,15,Median,27.299699699522414,0.7423931414479829,1694.5107000065036,15336
bsd68,test026,15,NLM,27.844941965371337,0.7609875341082101,382.86329997936264,15336
bsd68,test026,15,BM3D,30.38141235808109,0.8609721078182201,1657.8891000244766,15336
bsd68,test026,20,Noisy,22.231331963188303,0.519454308772809,0.0,20336
bsd68,test026,20,Gaussian,26.231200889587214,0.7231692760337088,706.8069000088144,20336
bsd68,test026,20,Median,26.29517709737401,0.683713408274047,1764.6533000224736,20336
bsd68,test026,20,NLM,26.50839744741105,0.7095856444774966,402.0545000093989,20336
bsd68,test026,20,BM3D,28.970633273288264,0.8183877138784945,1614.4608999893535,20336
bsd68,test026,25,Noisy,20.390731411647025,0.4381544817023745,0.0,25336
bsd68,test026,25,Gaussian,25.95208427772741,0.7017970156722951,645.4431000165641,25336
bsd68,test026,25,Median,25.352092371916765,0.6292949399600279,1750.0417999981437,25336
bsd68,test026,25,NLM,25.648178569378594,0.6736003848925467,425.7522000116296,25336
bsd68,test026,25,BM3D,27.95726186835955,0.7829572771264133,2171.212099987315,25336
bsd68,test026,30,Noisy,18.8821930499077,0.3746644107680896,0.0,30336
bsd68,test026,30,Gaussian,25.569044748406977,0.6762615036883262,660.9882999910042,30336
bsd68,test026,30,Median,24.336172332911353,0.5752079526803412,1677.3032999772113,30336
bsd68,test026,30,NLM,24.98454655747988,0.6450613142830078,390.07049999781884,30336
bsd68,test026,30,BM3D,27.182461972550044,0.7569656983735601,1885.2742000017315,30336
bsd68,test026,35,Noisy,17.61571810219778,0.32223033189321176,0.0,35336
bsd68,test026,35,Gaussian,25.12262471712283,0.6475940891285731,655.0958000007086,35336
bsd68,test026,35,Median,23.42013520549166,0.5267760623344361,1671.8515999964438,35336
bsd68,test026,35,NLM,24.310036823293366,0.6155727663435476,388.1221999763511,35336
bsd68,test026,35,BM3D,26.471814643564212,0.7287766172882348,1599.1597000102047,35336
bsd68,test026,40,Noisy,16.586369826370813,0.28031629374739947,0.0,40336
bsd68,test026,40,Gaussian,24.727421680779496,0.6253300844509863,672.3101999959908,40336
bsd68,test026,40,Median,22.62500371735665,0.4860725877257581,1697.0459000149276,40336
bsd68,test026,40,NLM,23.80091422565689,0.5911593430523682,376.2099000159651,40336
bsd68,test026,40,BM3D,25.873091265506734,0.7026121653970188,1617.1481999917887,40336
bsd68,test026,50,Noisy,14.926498398211855,0.22018478848205097,0.0,50336
bsd68,test026,50,Gaussian,23.94761720901846,0.577225879899985,966.9516999856569,50336
bsd68,test026,50,Median,21.211370347450146,0.42011779259004667,1702.908600011142,50336
bsd68,test026,50,NLM,22.99658537883177,0.5525169262026555,429.05650002649054,50336
bsd68,test026,50,BM3D,25.032710679766392,0.6631755633348808,1602.8163000009954,50336
bsd68,test026,75,Noisy,12.05288945400634,0.13251368066661692,0.0,75336
bsd68,test026,75,Gaussian,21.680254660567606,0.473558952505044,657.5498000020161,75336
bsd68,test026,75,Median,18.200376423379037,0.29318074494542345,1791.8397999892477,75336
bsd68,test026,75,NLM,21.161346469448226,0.47510209914912527,381.6407000122126,75336
bsd68,test026,75,BM3D,22.823111226377428,0.5772705279244041,1664.8426000028849,75336
bsd68,test027,5,Noisy,34.13172502999244,0.8803640142813185,0.0,5090
bsd68,test027,5,Gaussian,29.023466863598376,0.832910206541386,779.7188999829814,5090
bsd68,test027,5,Median,31.38380838773624,0.8851664110207963,1673.9840999944136,5090
bsd68,test027,5,NLM,35.336717307187946,0.9227065931013776,338.95239999401383,5090
bsd68,test027,5,BM3D,37.560436254551504,0.9619004683159669,1562.546300003305,5090
bsd68,test027,10,Noisy,28.13007066270099,0.6833947865190207,0.0,10090
bsd68,test027,10,Gaussian,28.830143186081255,0.8163005759863874,676.1905000021216,10090
bsd68,test027,10,Median,30.12836780242339,0.8219295914687935,1658.3704000222497,10090
bsd68,test027,10,NLM,31.285006896404575,0.8538840346413982,389.91830000304617,10090
bsd68,test027,10,BM3D,33.93064863844572,0.9164388411853808,1505.4537999967579,10090
bsd68,test027,15,Noisy,24.6408623532926,0.530789664476594,0.0,15090
bsd68,test027,15,Gaussian,28.49462831205337,0.7903975674069056,656.2193999998271,15090
bsd68,test027,15,Median,28.753001290138034,0.746468752566656,1703.9981000125408,15090
bsd68,test027,15,NLM,29.094175795915977,0.7950495655571751,376.4389999851119,15090
bsd68,test027,15,BM3D,31.941168427423364,0.8795501432869194,1537.5119999807794,15090
bsd68,test027,20,Noisy,22.15397072553713,0.41991669736212833,0.0,20090
bsd68,test027,20,Gaussian,28.108642179026212,0.7592665569577376,966.9880000001285,20090
bsd68,test027,20,Median,27.443092124917005,0.6682913825843066,1699.0583000006154,20090
bsd68,test027,20,NLM,27.61388309392362,0.7424579185161616,427.5789999810513,20090
bsd68,test027,20,BM3D,30.59702563616051,0.8464490719677132,1614.8497000103816,20090
bsd68,test027,25,Noisy,20.251707316708295,0.3415226548968191,0.0,25090
bsd68,test027,25,Gaussian,27.649592459143104,0.726806290791846,673.0257000017446,25090
bsd68,test027,25,Median,26.17250334573018,0.5967876728500012,1656.4356999879237,25090
bsd68,test027,25,NLM,26.72949889685252,0.7076839048034153,378.72489998699166,25090
bsd68,test027,25,BM3D,29.540369728306533,0.8175797081304759,1559.6915000060108,25090
bsd68,test027,30,Noisy,18.78149324889785,0.28336317398856287,0.0,30090
bsd68,test027,30,Gaussian,27.16191590417479,0.6895614256525586,653.79790001316,30090
bsd68,test027,30,Median,25.04091385180803,0.5331002976697743,1661.5406000055373,30090
bsd68,test027,30,NLM,26.012091788963318,0.6735717216062159,411.38050000881776,30090
bsd68,test027,30,BM3D,28.770543868903356,0.7889422358349591,1604.89739998593,30090
bsd68,test027,35,Noisy,17.506528775436625,0.23808836449898182,0.0,35090
bsd68,test027,35,Gaussian,26.662935319450746,0.6540718763868344,650.162799982354,35090
bsd68,test027,35,Median,24.02908086619592,0.47822504774498437,1643.3295999886468,35090
bsd68,test027,35,NLM,25.475384255873838,0.6441666528882053,374.67589997686446,35090
bsd68,test027,35,BM3D,28.15837508044858,0.7683794068240682,1574.0902999823447,35090
bsd68,test027,40,Noisy,16.4452860229251,0.20179590093013416,0.0,40090
bsd68,test027,40,Gaussian,26.096621332433156,0.6197948875936082,648.6256999778561,40090
bsd68,test027,40,Median,23.10446799036564,0.4305860202423586,1667.3901000176556,40090
bsd68,test027,40,NLM,24.94002301999756,0.6169641325667066,379.15279998560436,40090
bsd68,test027,40,BM3D,27.452705874084636,0.7419797821233606,1562.7138999989256,40090
bsd68,test027,50,Noisy,14.704566774477785,0.15038506020538675,0.0,50090
bsd68,test027,50,Gaussian,25.0475172417644,0.5539948357263679,678.7582999968436,50090
bsd68,test027,50,Median,21.392556443517037,0.3503603753147765,1680.585499998415,50090
bsd68,test027,50,NLM,24.241695443612613,0.5747733055654123,366.7126999935135,50090
bsd68,test027,50,BM3D,26.470354182897392,0.6995416687910779,1620.7949000236113,50090
bsd68,test027,75,Noisy,11.90888074645068,0.087129763134479,0.0,75090
bsd68,test027,75,Gaussian,22.722892698149032,0.43224360989012717,760.3706000081729,75090
bsd68,test027,75,Median,18.232724892077183,0.22750347894764186,1734.5434999733698,75090
bsd68,test027,75,NLM,22.95905477980661,0.499421846390544,389.434299984714,75090
bsd68,test027,75,BM3D,24.48425123287006,0.6184070994666258,1680.5173000029754,75090
bsd68,test028,5,Noisy,34.811410946183926,0.8258421857088494,0.0,5809
bsd68,test028,5,Gaussian,28.878871502192997,0.8670175933249392,923.8963999960106,5809
bsd68,test028,5,Median,32.60665423038003,0.879067944943042,2522.322000004351,5809
bsd68,test028,5,NLM,37.67682913415116,0.9428838945942376,482.5182000058703,5809
bsd68,test028,5,BM3D,38.73168371026793,0.9586446046454375,1582.5274000235368,5809
bsd68,test028,10,Noisy,29.44629848963864,0.6037902064945322,0.0,10809
bsd68,test028,10,Gaussian,28.51476137227888,0.8468165447017683,698.0134999903385,10809
bsd68,test028,10,Median,31.42379522242246,0.7973657387877621,1658.229599997867,10809
bsd68,test028,10,NLM,34.0254216947055,0.900892545973129,383.23350000428036,10809
bsd68,test028,10,BM3D,34.80728189604623,0.9186895255046874,1677.449400012847,10809
bsd68,test028,15,Noisy,26.422842820032606,0.4544562431944608,0.0,15809
bsd68,test028,15,Gaussian,27.980665455657284,0.8207072893140274,656.945499998983,15809
bsd68,test028,15,Median,30.031044903286237,0.7043138275054355,1918.3087999990676,15809
bsd68,test028,15,NLM,31.894778097384574,0.8730645860912036,548.0742999934591,15809
bsd68,test028,15,BM3D,32.39153253122589,0.8881623101732201,1938.3331999997608,15809
bsd68,test028,20,Noisy,24.178170927530584,0.34787479471476823,0.0,20809
bsd68,test028,20,Gaussian,27.266423099573693,0.7839414597222998,775.6707999797072,20809
bsd68,test028,20,Median,28.743618365152656,0.616613221193544,1660.5126000067685,20809
bsd68,test028,20,NLM,30.191900122542044,0.8450571870465633,375.60249998932704,20809
bsd68,test028,20,BM3D,30.48531713220978,0.8596217963687958,1631.5790000080597,20809
bsd68,test028,25,Noisy,22.47629346897741,0.2783211297313433,0.0,25809
bsd68,test028,25,Gaussian,26.463612567938448,0.7429279544048157,660.5168000096455,25809
bsd68,test028,25,Median,27.593970953748993,0.5475722703223148,1648.1144000135828,25809
bsd68,test028,25,NLM,28.889672609330987,0.8200339561492024,382.4227000004612,25809
bsd68,test028,25,BM3D,28.965613484488305,0.8329743635919482,1707.9916000075173,25809
bsd68,test028,30,Noisy,21.008592675142168,0.22510667450262983,0.0,30809
bsd68,test028,30,Gaussian,25.611611828196068,0.6990643523860398,727.2803999949247,30809
bsd68,test028,30,Median,26.57683371219796,0.48779100300211203,1695.9882999944966,30809
bsd68,test028,30,NLM,27.644318704377877,0.7937140072830231,412.6344000105746,30809
bsd68,test028,30,BM3D,27.648228806562333,0.8092590245393171,1792.132100003073,30809
bsd68,test028,35,Noisy,19.757760889839375,0.18733965582197945,0.0,35809
bsd68,test028,35,Gaussian,24.675826385104767,0.6531366617736639,907.9405999800656,35809
bsd68,test028,35,Median,25.590888345475914,0.4285066243189371,1831.4201000030152,35809
bsd68,test028,35,NLM,26.461113177690486,0.766380035642161,402.0219999947585,35809
bsd68,test028,35,BM3D,26.401561933145015,0.7849418228915753,1720.1338000013493,35809
bsd68,test028,40,Noisy,18.70174028693937,0.15949967362655368,0.0,40809
bsd68,test028,40,Gaussian,23.818494526898796,0.6102047707087529,653.065799997421,40809
bsd68,test028,40,Median,24.721222629364803,0.3874068167530823,1639.2476000182796,40809
bsd68,test028,40,NLM,25.421185678128055,0.7410388956817521,381.33959998958744,40809
bsd68,test028,40,BM3D,25.31837868149247,0.7629438117163192,1723.1768000056036,40809
bsd68,test028,50,Noisy,16.863594947254445,0.12032942503020724,0.0,50809
bsd68,test028,50,Gaussian,22.22378406340802,0.5277704541645396,889.1936999862082,50809
bsd68,test028,50,Median,23.288824756455924,0.31757360018422526,2006.275599997025,50809
bsd68,test028,50,NLM,23.594462833530013,0.6896887992869907,396.4394000067841,50809
bsd68,test028,50,BM3D,23.52114744405277,0.7235744561585696,1593.0649999936577,50809
bsd68,test028,75,Noisy,13.474475184355379,0.06928577206850794,0.0,75809
bsd68,test028,75,Gaussian,18.88213977947077,0.3699812415630738,646.6220000002068,75809
bsd68,test028,75,Median,20.409487525136996,0.2066760570009796,1685.1525999954902,75809
bsd68,test028,75,NLM,19.943723705475364,0.568704879753467,386.1678999965079,75809
bsd68,test028,75,BM3D,19.900518929973376,0.6395745755858898,1650.9568000037689,75809
bsd68,test029,5,Noisy,34.16767263989585,0.9409601885934806,0.0,6020
bsd68,test029,5,Gaussian,19.222919658513497,0.5691500875150921,649.2859999998473,6020
bsd68,test029,5,Median,20.53852289089228,0.6820400088420059,1671.3361000001896,6020
bsd68,test029,5,NLM,28.141705794703675,0.8618486257039775,360.3241999808233,6020
bsd68,test029,5,BM3D,35.06022712722624,0.9833387480026237,1564.2252000106964,6020
bsd68,test029,10,Noisy,28.24743057138093,0.8520260231342593,0.0,11020
bsd68,test029,10,Gaussian,19.192535399692765,0.5604594723465732,654.3792999873403,11020
bsd68,test029,10,Median,20.41540290359063,0.6506807469742889,1687.9526999837253,11020
bsd68,test029,10,NLM,25.042831717885292,0.784677810980992,359.3933000229299,11020
bsd68,test029,10,BM3D,29.96839855323308,0.9516554146890671,1540.9931000031065,11020
bsd68,test029,15,Noisy,24.799356068932852,0.7757929087105049,0.0,16020
bsd68,test029,15,Gaussian,19.15137172337859,0.5485229299441531,677.2873000008985,16020
bsd68,test029,15,Median,20.21761238134303,0.6142391598068129,1652.3455000133254,16020
bsd68,test029,15,NLM,23.032238092829374,0.7151429365914868,382.9365999845322,16020
bsd68,test029,15,BM3D,27.155244538752434,0.907660591652477,1714.2492000130005,16020
bsd68,test029,20,Noisy,22.346916190030296,0.7081037894394204,0.0,21020
bsd68,test029,20,Gaussian,19.088012418148097,0.534363709657055,717.8870999778155,21020
bsd68,test029,20,Median,19.997557599994995,0.5827483062297432,1722.9052999755368,21020
bsd68,test029,20,NLM,21.577144748608422,0.6525898132224904,402.43800001917407,21020
bsd68,test029,20,BM3D,25.251010132981136,0.8565781114783513,1663.8322999933735,21020
bsd68,test029,25,Noisy,20.511684504138724,0.648220780717529,0.0,26020
bsd68,test029,25,Gaussian,19.00310139643701,0.5193048983029379,652.1160999836866,26020
bsd68,test029,25,Median,19.695064474912947,0.5478343086060246,1690.6207999854814,26020
bsd68,test029,25,NLM,20.608591338278938,0.6026636802621433,387.05960000515915,26020
bsd68,test029,25,BM3D,23.78485160299711,0.8012368193216852,1574.424500024179,26020
bsd68,test029,30,Noisy,18.986806231379894,0.5930062115112706,0.0,31020
bsd68,test029,30,Gaussian,18.91460659273958,0.5037930411262155,675.0837000145111,31020
bsd68,test029,30,Median,19.384016225762725,0.518721751681021,1720.3346000169404,31020
bsd68,test029,30,NLM,19.946056853347585,0.566540943986366,407.20419998979196,31020
bsd68,test029,30,BM3D,22.686049132012656,0.7499991901176628,1608.0711999966297,31020
bsd68,test029,35,Noisy,17.812856121926036,0.5466549019548671,0.0,36020
bsd68,test029,35,Gaussian,18.813165560816685,0.48639624126636455,650.1616000023205,36020
bsd68,test029,35,Median,19.058286610909235,0.492163051118915,1671.7307999788318,36020
bsd68,test029,35,NLM,19.400041208039465,0.5309574557316881,395.1750999840442,36020
bsd68,test029,35,BM3D,21.758389519595088,0.698271716530897,1581.4950999920256,36020
bsd68,test029,40,Noisy,16.73147690429807,0.5020346563866361,0.0,41020
bsd68,test029,40,Gaussian,18.690254051294072,0.47245607368396647,664.3891999847256,41020
bsd68,test029,40,Median,18.713688106904655,0.4685724747949353,1664.150900003733,41020
bsd68,test029,40,NLM,18.979708198478665,0.5030385903747185,464.2521000059787,41020
bsd68,test029,40,BM3D,20.96764322774737,0.6481831987821077,2188.6061999830417,41020
bsd68,test029,50,Noisy,15.056626192355168,0.4285136167512729,0.0,51020
bsd68,test029,50,Gaussian,18.42946762422182,0.4427705789955346,705.1459999929648,51020
bsd68,test029,50,Median,18.036343998295333,0.42679436476174576,1791.483100008918,51020
bsd68,test029,50,NLM,18.32942232863552,0.4573274346914231,397.4599000066519,51020
bsd68,test029,50,BM3D,19.79400999358668,0.5678425736242576,1725.3444000089075,51020
bsd68,test029,75,Noisy,12.200764977236398,0.29864583025511127,0.0,76020
bsd68,test029,75,Gaussian,17.60782387763111,0.3745043919632157,675.7452000165358,76020
bsd68,test029,75,Median,16.357228628756253,0.3413043999301777,1667.33659998863,76020
bsd68,test029,75,NLM,17.00962684586521,0.36169939881189905,378.3205000218004,76020
bsd68,test029,75,BM3D,17.97817540090352,0.4222307025821847,1588.0465999944136,76020
bsd68,test030,5,Noisy,34.113293921523365,0.892748869442987,0.0,5251
bsd68,test030,5,Gaussian,29.070300605104528,0.8534709667570065,729.9963999830652,5251
bsd68,test030,5,Median,31.642328766327417,0.9029813567495732,1982.4309000105131,5251
bsd68,test030,5,NLM,35.12887830542264,0.9191058476330544,414.89489999366924,5251
bsd68,test030,5,BM3D,37.5470804790105,0.9616873928078409,2476.814199995715,5251
bsd68,test030,10,Noisy,28.12231397155263,0.7021774712715165,0.0,10251
bsd68,test030,10,Gaussian,28.875845829011947,0.8381378496406041,829.7315999807324,10251
bsd68,test030,10,Median,30.39015824840773,0.8454055146614138,1760.619200009387,10251
bsd68,test030,10,NLM,31.092638693563206,0.829335891905959,377.70039998576976,10251
bsd68,test030,10,BM3D,33.99026571461484,0.9177903034792151,1600.3218999831006,10251
bsd68,test030,15,Noisy,24.628477376988908,0.5429423540302301,0.0,15251
bsd68,test030,15,Gaussian,28.54898919669859,0.8148106248368565,665.2092000003904,15251
bsd68,test030,15,Median,28.930631755176343,0.7745272308569414,1698.3667000022251,15251
bsd68,test030,15,NLM,28.92501321053526,0.7552212164424281,385.8872000128031,15251
bsd68,test030,15,BM3D,31.877649905008674,0.871846074596782,1586.8465999956243,15251
bsd68,test030,20,Noisy,22.130780875285673,0.42596156771265337,0.0,20251
bsd68,test030,20,Gaussian,28.15204519156568,0.7862915722703666,680.378599994583,20251
bsd68,test030,20,Median,27.56912512749052,0.6992504500810734,1718.0090000038035,20251
bsd68,test030,20,NLM,27.63280610183134,0.7032317627319347,382.5331999978516,20251
bsd68,test030,20,BM3D,30.458356251590555,0.8304312704712713,1559.4987999938894,20251
bsd68,test030,25,Noisy,20.20685137274786,0.3402186349795675,0.0,25251
bsd68,test030,25,Gaussian,27.683987107850548,0.75122152349817,668.115200009197,25251
bsd68,test030,25,Median,26.289316924371107,0.6260119871680144,1732.86280001048,25251
bsd68,test030,25,NLM,26.707167494942382,0.6609789042000317,376.4954000071157,25251
bsd68,test030,25,BM3D,29.49519867452102,0.7937270763977899,1567.3049000033643,25251
bsd68,test030,30,Noisy,18.617960079353143,0.27585237945678187,0.0,30251
bsd68,test030,30,Gaussian,27.178375108622813,0.7163319873111971,688.3261000039056,30251
bsd68,test030,30,Median,25.121445469508966,0.5597103893613692,1760.0913000060245,30251
bsd68,test030,30,NLM,25.968454443356123,0.6276545804374406,399.110300000757,30251
bsd68,test030,30,BM3D,28.66665751693992,0.7599002694181303,1543.5189000272658,30251
bsd68,test030,35,Noisy,17.298238677922665,0.23072237410541171,0.0,35251
bsd68,test030,35,Gaussian,26.571040544903873,0.6785151764405153,655.5083999992348,35251
bsd68,test030,35,Median,23.992304352967622,0.5002945071650405,1713.3372999960557,35251
bsd68,test030,35,NLM,25.419402718869563,0.5995564199326501,370.88490001042373,35251
bsd68,test030,35,BM3D,27.891376151650228,0.7299418374317843,1543.6460000055376,35251
bsd68,test030,40,Noisy,16.218342092493497,0.1960653346781095,0.0,40251
bsd68,test030,40,Gaussian,26.0976068014015,0.6474300334192478,654.66749999905,40251
bsd68,test030,40,Median,23.096640609708942,0.4520705231891172,1702.0881999924313,40251
bsd68,test030,40,NLM,24.95534085386201,0.5745798955888058,392.3466000123881,40251
bsd68,test030,40,BM3D,27.38621364818494,0.7045347893000188,1573.825700004818,40251
bsd68,test030,50,Noisy,14.455431868047729,0.14626855449020784,0.0,50251
bsd68,test030,50,Gaussian,25.03579544965344,0.5785536349428229,653.0968000006396,50251
bsd68,test030,50,Median,21.35605078736003,0.36693177947519784,1659.626799984835,50251
bsd68,test030,50,NLM,24.311577255774132,0.5359045432394439,378.47559998044744,50251
bsd68,test030,50,BM3D,26.473578061886926,0.6631692222805089,1593.7492999946699,50251
bsd68,test030,75,Noisy,11.617272649615845,0.08324104515881013,0.0,75251
bsd68,test030,75,Gaussian,22.93767655989241,0.44614553967878146,727.6167999953032,75251
bsd68,test030,75,Median,18.22497108344476,0.23116593407283476,1693.867299996782,75251
bsd68,test030,75,NLM,23.120006466567546,0.4616487899179107,379.58120001712814,75251
bsd68,test030,75,BM3D,24.75406444533185,0.5773358462742277,1585.3632999933325,75251
bsd68,test031,5,Noisy,34.10567656357112,0.9784923558578579,0.0,5342
bsd68,test031,5,Gaussian,20.407273442035518,0.5225202448941859,666.282999998657,5342
bsd68,test031,5,Median,21.960761742863774,0.6957922795306921,1682.6791999919806,5342
bsd68,test031,5,NLM,26.33273452753179,0.8273928489336125,366.6713999991771,5342
bsd68,test031,5,BM3D,34.44622737659902,0.9817701219132078,1423.7185000092722,5342
bsd68,test031,10,Noisy,28.112075278849765,0.9243871769064651,0.0,10342
bsd68,test031,10,Gaussian,20.38185863378127,0.5207668708957925,671.1560999974608,10342
bsd68,test031,10,Median,21.77083989894652,0.6799137426222959,1654.1800000122748,10342
bsd68,test031,10,NLM,23.987777053931374,0.7425154265287379,408.65579998353496,10342
bsd68,test031,10,BM3D,29.498536464692876,0.9438830885495693,1446.9364999968093,10342
bsd68,test031,15,Noisy,24.64756944025541,0.8548634889301446,0.0,15342
bsd68,test031,15,Gaussian,20.330681478209954,0.5155748398233777,659.5859000226483,15342
bsd68,test031,15,Median,21.48097327843946,0.6570971115600263,1684.422899998026,15342
bsd68,test031,15,NLM,22.321057105306515,0.6482751661833558,404.6043000125792,15342
bsd68,test031,15,BM3D,26.95717692011293,0.8964235063747261,1537.624299991876,15342
bsd68,test031,20,Noisy,22.188601679983073,0.779826480377284,0.0,20342
bsd68,test031,20,Gaussian,20.267530651035294,0.5103968735422755,652.8280999918934,20342
bsd68,test031,20,Median,21.137808586815567,0.6330362571370256,1674.5656999992207,20342
bsd68,test031,20,NLM,21.237823215521573,0.5687370458774614,386.79570000385866,20342
bsd68,test031,20,BM3D,25.29122041998006,0.8430427145702936,1499.786700005643,20342
bsd68,test031,25,Noisy,20.291210849211687,0.7076344817306697,0.0,25342
bsd68,test031,25,Gaussian,20.178320512964987,0.5037261966885425,651.1018000019249,25342
bsd68,test031,25,Median,20.736821458943453,0.6057599491871395,1643.1249000015669,25342
bsd68,test031,25,NLM,20.523001535610334,0.5062914535554864,386.89649998559617,25342
bsd68,test031,25,BM3D,23.961054028273278,0.7878871434933791,1546.7547999869566,25342
bsd68,test031,30,Noisy,18.743830527145565,0.6378752670990164,0.0,30342
bsd68,test031,30,Gaussian,20.08493178351997,0.4960576957826657,663.2284999941476,30342
bsd68,test031,30,Median,20.349341266195168,0.5807522419632615,1675.7180000131484,30342
bsd68,test031,30,NLM,20.003416950542665,0.45533894367670025,385.35110000520945,30342
bsd68,test031,30,BM3D,22.968845058096186,0.7320738558057146,1526.170600001933,30342
bsd68,test031,35,Noisy,17.520495599734183,0.5774874224156683,0.0,35342
bsd68,test031,35,Gaussian,19.969984131231115,0.4860841400694602,663.265200011665,35342
bsd68,test031,35,Median,19.95149878616116,0.554270539438807,1665.1910999789834,35342
bsd68,test031,35,NLM,19.564300512836045,0.40843202419960006,385.84240002091974,35342
bsd68,test031,35,BM3D,22.135177093706307,0.6732254453567289,1644.071199989412,35342
bsd68,test031,40,Noisy,16.425280334579796,0.5216244664979942,0.0,40342
bsd68,test031,40,Gaussian,19.845823623172652,0.4750188909469501,682.1345000062138,40342
bsd68,test031,40,Median,19.51644055954834,0.5265073270797448,1656.2189999967813,40342
bsd68,test031,40,NLM,19.24972378323077,0.37265580190272996,380.56020002113655,40342
bsd68,test031,40,BM3D,21.467823655255174,0.6188023475332953,1773.467700026231,40342
bsd68,test031,50,Noisy,14.652761717630465,0.42571427434605796,0.0,50342
bsd68,test031,50,Gaussian,19.549766513157017,0.4512999282204372,936.3394000101835,50342
bsd68,test031,50,Median,18.703797167459403,0.479103581058472,2279.9833999888506,50342
bsd68,test031,50,NLM,18.77089698272357,0.3171686482441172,378.5611999919638,50342
bsd68,test031,50,BM3D,20.4051427325756,0.5118649394016175,1948.9280999987386,50342
bsd68,test031,75,Noisy,11.786329788839433,0.2723421853568223,0.0,75342
bsd68,test031,75,Gaussian,18.712413255153443,0.3907149115230523,724.293100007344,75342
bsd68,test031,75,Median,16.68623809513726,0.37233982336772353,2351.2515999900643,75342
bsd68,test031,75,NLM,18.11306299012458,0.24086129510425047,407.90520000155084,75342
bsd68,test031,75,BM3D,18.83491841701997,0.3187072882046666,1690.2681000065058,75342
bsd68,test032,5,Noisy,34.11640443093265,0.9645134094216152,0.0,5369
bsd68,test032,5,Gaussian,24.71162225940008,0.7475465174861212,793.5601999924984,5369
bsd68,test032,5,Median,27.36647642650789,0.8646019018777285,2258.352600008948,5369
bsd68,test032,5,NLM,32.56545946650168,0.9371482270898908,390.16340000671335,5369
bsd68,test032,5,BM3D,35.576049149617575,0.9782431608489071,2503.189100010786,5369
bsd68,test032,10,Noisy,28.131814073161493,0.8803492750883882,0.0,10369
bsd68,test032,10,Gaussian,24.64102027633772,0.7431013939106221,1024.0933999884874,10369
bsd68,test032,10,Median,26.74996796951784,0.8411768623028093,1919.7622000065167,10369
bsd68,test032,10,NLM,28.098903016306792,0.8501061133433672,387.51989998854697,10369
bsd68,test032,10,BM3D,31.281476842820357,0.941890040895715,2505.1663999911398,10369
bsd68,test032,15,Noisy,24.616453949332225,0.7819545794285206,0.0,15369
bsd68,test032,15,Gaussian,24.504351983430567,0.7348137649089028,1055.3882000094745,15369
bsd68,test032,15,Median,25.93291554822151,0.8082400403792209,2336.1791000061203,15369
bsd68,test032,15,NLM,25.520528498176958,0.7551890504935639,431.92289999569766,15369
bsd68,test032,15,BM3D,28.9459358976702,0.8996951320817392,1522.3874999792315,15369
bsd68,test032,20,Noisy,22.111326346628633,0.6852325710900845,0.0,20369
bsd68,test032,20,Gaussian,24.362215210394083,0.7260809775365399,779.2825999786146,20369
bsd68,test032,20,Median,25.09311422165975,0.7717873452333246,1727.1098000055645,20369
bsd68,test032,20,NLM,24.190761181792915,0.6874366422283597,416.2563999998383,20369
bsd68,test032,20,BM3D,27.35445089383806,0.8552840753138887,1845.9033999824896,20369
bsd68,test032,25,Noisy,20.19563203768275,0.5964085068129122,0.0,25369
bsd68,test032,25,Gaussian,24.127403561905822,0.7122865274749248,696.0243000066839,25369
bsd68,test032,25,Median,24.257263988259297,0.7319987987283445,1876.8589000101201,25369
bsd68,test032,25,NLM,23.11049942956226,0.6221763647003484,422.03210000297986,25369
bsd68,test032,25,BM3D,26.18243335357117,0.8094207874781448,2425.940499990247,25369
bsd68,test032,30,Noisy,18.674054210360353,0.5216158124232226,0.0,30369
bsd68,test032,30,Gaussian,23.893705428846257,0.6970461389796195,884.6953999891412,30369
bsd68,test032,30,Median,23.482213857688254,0.6924859469024691,2214.940400008345,30369
bsd68,test032,30,NLM,22.36819611085825,0.5689474812561993,547.8059000161011,30369
bsd68,test032,30,BM3D,25.323030458726873,0.7658576235923077,2033.7631999864243,30369
bsd68,test032,35,Noisy,17.39513064728311,0.4588928976657852,0.0,35369
bsd68,test032,35,Gaussian,23.637299340845644,0.6850276879831197,970.3236000204924,35369
bsd68,test032,35,Median,22.702184339102715,0.6577024330959689,2431.0624999925494,35369
bsd68,test032,35,NLM,21.762030997123098,0.5244828554321928,543.771900003776,35369
bsd68,test032,35,BM3D,24.603719233314226,0.7313470530996715,2045.9991999960039,35369
bsd68,test032,40,Noisy,16.27051770264995,0.4031395404962471,0.0,40369
bsd68,test032,40,Gaussian,23.339930116554534,0.6672485803834325,1004.8955999955069,40369
bsd68,test032,40,Median,21.951510131667288,0.6194270713772725,2353.346200019587,40369
bsd68,test032,40,NLM,21.281810078587927,0.4842477808868988,561.6110999835655,40369
bsd68,test032,40,BM3D,24.00437804980918,0.6927839290060483,2183.281200006604,40369
bsd68,test032,50,Noisy,14.526521793023878,0.31837275583623637,0.0,50369
bsd68,test032,50,Gaussian,22.736221374137315,0.6300958313883817,736.6488999978174,50369
bsd68,test032,50,Median,20.645732971262078,0.550692663346936,2341.143599973293,50369
bsd68,test032,50,NLM,20.53335731902948,0.4172033814447011,368.5334000037983,50369
bsd68,test032,50,BM3D,23.054695837693178,0.6248086470663811,1662.226999993436,50369
bsd68,test032,75,Noisy,11.702586760568819,0.19351387975085088,0.0,75369
bsd68,test032,75,Gaussian,21.22071262069894,0.5366832044160625,678.4743999887723,75369
bsd68,test032,75,Median,17.806418112285783,0.4074389752828148,1659.5413999748416,75369
bsd68,test032,75,NLM,19.51497121985458,0.3182580329891547,366.20550000225194,75369
bsd68,test032,75,BM3D,21.279459090118106,0.4776670861733128,1702.9761000012513,75369
bsd68,test033,5,Noisy,34.087675847606526,0.8631679288388026,0.0,5620
bsd68,test033,5,Gaussian,23.45457434587877,0.7772181889832716,668.7020999961533,5620
bsd68,test033,5,Median,25.226649520621788,0.8367417870517361,1727.1547999989707,5620
bsd68,test033,5,NLM,35.53495019394911,0.9644490099952459,317.5150000024587,5620
bsd68,test033,5,BM3D,37.08454119341458,0.9786396972834998,1539.3207999877632,5620
bsd68,test033,10,Noisy,28.19396491623174,0.6903353427103236,0.0,10620
bsd68,test033,10,Gaussian,23.394717685378048,0.7589465308846929,647.0699000055902,10620
bsd68,test033,10,Median,24.874186281867814,0.7721504516722116,1654.8055000021122,10620
bsd68,test033,10,NLM,30.555309943454326,0.9209758937533631,344.9055999808479,10620
bsd68,test033,10,BM3D,32.69157801268066,0.9574436369988719,1701.2917999818455,10620
bsd68,test033,15,Noisy,24.732765137357294,0.5763315150066103,0.0,15620
bsd68,test033,15,Gaussian,23.285972874734007,0.7301970793763269,644.0258999937214,15620
bsd68,test033,15,Median,24.399100055653513,0.6959396070957693,1727.8004999971017,15620
bsd68,test033,15,NLM,27.55339121615986,0.8702410261459372,364.2334999749437,15620
bsd68,test033,15,BM3D,30.246261524682183,0.9333707980710139,1631.7703000095207,15620
bsd68,test033,20,Noisy,22.27231627879403,0.49725048961508345,0.0,20620
bsd68,test033,20,Gaussian,23.142272190696303,0.6983367775544025,639.3248999956995,20620
bsd68,test033,20,Median,23.782276563047603,0.6224441890849389,1669.9560999986716,20620
bsd68,test033,20,NLM,25.771912279218597,0.8235038645860129,418.3383000199683,20620
bsd68,test033,20,BM3D,28.526276772455684,0.907512609226231,1625.38849998964,20620
bsd68,test033,25,Noisy,20.3689935211729,0.4365850463353007,0.0,25620
bsd68,test033,25,Gaussian,22.978742397973633,0.6625477438708437,646.3628999772482,25620
bsd68,test033,25,Median,23.151525749154175,0.5597282835617857,1638.2610999862663,25620
bsd68,test033,25,NLM,24.456626960855612,0.7788976097583039,388.1050999916624,25620
bsd68,test033,25,BM3D,27.235505161005346,0.8799166148638637,1509.4397999928333,25620
bsd68,test033,30,Noisy,18.865531405762955,0.3883838174741275,0.0,30620
bsd68,test033,30,Gaussian,22.76509800660321,0.6267848245956937,658.2296999986283,30620
bsd68,test033,30,Median,22.52979287567345,0.5098545238408436,1667.8252999845427,30620
bsd68,test033,30,NLM,23.43517664329419,0.7358942923935056,384.94220000575297,30620
bsd68,test033,30,BM3D,26.242832232809473,0.8511907939843468,1533.9881999825593,30620
bsd68,test033,35,Noisy,17.58677250698604,0.3490887566954815,0.0,35620
bsd68,test033,35,Gaussian,22.543580452762516,0.5969169550449813,657.1288999984972,35620
bsd68,test033,35,Median,21.930426965318574,0.47291316753381524,1642.1884000010323,35620
bsd68,test033,35,NLM,22.702205130947345,0.6994886303796856,377.7147000073455,35620
bsd68,test033,35,BM3D,25.482042073743806,0.8309472016832534,1576.454800000647,35620
bsd68,test033,40,Noisy,16.48474597058541,0.31532072679937506,0.0,40620
bsd68,test033,40,Gaussian,22.285362898216757,0.5620711641955735,683.8707999850158,40620
bsd68,test033,40,Median,21.340580337298924,0.43828040386277406,1648.0045999924187,40620
bsd68,test033,40,NLM,21.981527789050933,0.6575911281618605,372.67690000589937,40620
bsd68,test033,40,BM3D,24.82861882340901,0.8056099894531001,1524.8429999919608,40620
bsd68,test033,50,Noisy,14.693227195280432,0.25936229559270113,0.0,50620
bsd68,test033,50,Gaussian,21.721271176706782,0.5076026019520747,733.7333000032231,50620
bsd68,test033,50,Median,20.14613765016788,0.37930859460492616,1760.4771000042092,50620
bsd68,test033,50,NLM,20.96742291413876,0.5890312042886896,387.51080000656657,50620
bsd68,test033,50,BM3D,23.76659489728011,0.7661435166023983,1623.2237000076566,50620
bsd68,test033,75,Noisy,11.818296913406643,0.17153542547008732,0.0,75620
bsd68,test033,75,Gaussian,20.330788281184855,0.403727794404378,670.9800999960862,75620
bsd68,test033,75,Median,17.63700741987844,0.28230514346667607,1634.2288999876473,75620
bsd68,test033,75,NLM,19.465305644358786,0.46625954151613525,370.71609997656196,75620
bsd68,test033,75,BM3D,21.813424612913742,0.6746834582591162,1523.9607999974396,75620
bsd68,test034,5,Noisy,34.13541258571533,0.8289057837357411,0.0,5399
bsd68,test034,5,Gaussian,31.639861426234333,0.8834680607011398,644.1822999913711,5399
bsd68,test034,5,Median,35.653114577358686,0.8975577666965894,1646.0814999882132,5399
bsd68,test034,5,NLM,37.042144136997706,0.9187103698742753,366.3885999994818,5399
bsd68,test034,5,BM3D,38.74945676203793,0.9462602641892628,2015.8634000108577,5399
bsd68,test034,10,Noisy,28.196045106729372,0.5859552950929919,0.0,10399
bsd68,test034,10,Gaussian,31.25290167870944,0.8598064137188853,696.1192000017036,10399
bsd68,test034,10,Median,32.99964636432486,0.8138654151074264,1676.2807999912184,10399
bsd68,test034,10,NLM,34.31793512953028,0.8815598762433409,361.45319999195635,10399
bsd68,test034,10,BM3D,36.0928238391022,0.9092760300370482,1526.4211999892723,10399
bsd68,test034,15,Noisy,24.749628608861926,0.4228529158599632,0.0,15399
bsd68,test034,15,Gaussian,30.71904315599019,0.8274772745849732,639.7205000102986,15399
bsd68,test034,15,Median,30.7087207445173,0.7163821347883655,1605.928800010588,15399
bsd68,test034,15,NLM,32.75093306615283,0.8563268168345407,367.6153999986127,15399
bsd68,test034,15,BM3D,34.752118243198346,0.889952593879804,1488.0367000005208,15399
bsd68,test034,20,Noisy,22.40076586118589,0.3230135136064297,0.0,20399
bsd68,test034,20,Gaussian,30.005840135896005,0.7886435041954213,647.7458000008482,20399
bsd68,test034,20,Median,28.79124327841187,0.6223084366918378,1609.3714000016917,20399
bsd68,test034,20,NLM,31.439561224694614,0.8341348661013044,362.53519999445416,20399
bsd68,test034,20,BM3D,33.675930091198325,0.8757116213880031,1598.855399992317,20399
bsd68,test034,25,Noisy,20.58306341860931,0.2559789248332925,0.0,25399
bsd68,test034,25,Gaussian,29.20355326114777,0.748285628980596,651.2421000225004,25399
bsd68,test034,25,Median,27.185289139157327,0.5408214585625294,1640.83039999241,25399
bsd68,test034,25,NLM,30.398446207338665,0.814351225821231,369.59610000485554,25399
bsd68,test034,25,BM3D,32.63346028841802,0.8611548545347184,1476.3988999766298,25399
bsd68,test034,30,Noisy,19.116768972427355,0.21035076321108803,0.0,30399
bsd68,test034,30,Gaussian,28.466299261452455,0.7102074470809936,643.3655000000726,30399
bsd68,test034,30,Median,25.83333660621715,0.47081146232830895,1650.5333999812137,30399
bsd68,test034,30,NLM,29.56538150988164,0.7963070831292782,370.26709999190643,30399
bsd68,test034,30,BM3D,31.71128393849848,0.8498305287931773,1510.7536999857984,30399
bsd68,test034,35,Noisy,17.8822776579699,0.17798035085702918,0.0,35399
bsd68,test034,35,Gaussian,27.573654347638534,0.6678048657371506,669.4776999938767,35399
bsd68,test034,35,Median,24.60222852756675,0.4128871004344354,1677.2537999786437,35399
bsd68,test034,35,NLM,28.577463381203493,0.7798050962264789,365.50240000360645,35399
bsd68,test034,35,BM3D,30.65445294562859,0.836647501480454,1532.9347999941092,35399
bsd68,test034,40,Noisy,16.853810184436778,0.15223221211489116,0.0,40399
bsd68,test034,40,Gaussian,26.82517797358991,0.6319728560363986,636.987500009127,40399
bsd68,test034,40,Median,23.658240242996907,0.37009758695306666,1664.8461000004318,40399
bsd68,test034,40,NLM,27.828828257224465,0.7613414640238565,374.8791000107303,40399
bsd68,test034,40,BM3D,29.934423781897976,0.8278260302924516,1518.4800999995787,40399
bsd68,test034,50,Noisy,15.175844134334962,0.11786055172480067,0.0,50399
bsd68,test034,50,Gaussian,25.3430298525835,0.5659301064423283,631.5363000030629,50399
bsd68,test034,50,Median,21.929444205634432,0.2990461670398897,1671.22729998664,50399
bsd68,test034,50,NLM,26.304559139144146,0.7307126478348225,367.5632999802474,50399
bsd68,test034,50,BM3D,28.32962858840455,0.8116719457608276,2168.707299977541,50399
bsd68,test034,75,Noisy,12.2822771379081,0.07172058222334889,0.0,75399
bsd68,test034,75,Gaussian,22.106352822599014,0.43353589649991264,638.263700006064,75399
bsd68,test034,75,Median,18.74732731584514,0.19443348500944668,1729.4355000194628,75399
bsd68,test034,75,NLM,22.83968042388386,0.6500851536242914,372.97500000568107,75399
bsd68,test034,75,BM3D,24.601185050898216,0.7681428902233278,1742.0245000103023,75399
bsd68,test035,5,Noisy,34.09761912495838,0.9006432782101278,0.0,5304
bsd68,test035,5,Gaussian,25.950143419220236,0.7691853345618899,651.9566999922972,5304
bsd68,test035,5,Median,28.526541124104945,0.84539822250332,1755.9941000072286,5304
bsd68,test035,5,NLM,32.982458949615,0.9034374962467491,425.10729999048635,5304
bsd68,test035,5,BM3D,36.30752617302904,0.9654560552553783,1636.593500006711,5304
bsd68,test035,10,Noisy,28.12485108709208,0.7419405381909147,0.0,10304
bsd68,test035,10,Gaussian,25.83611155998494,0.7559479001681815,650.1399999833666,10304
bsd68,test035,10,Median,27.800062587988403,0.7936333517273498,1640.3759999957401,10304
bsd68,test035,10,NLM,29.348189213409142,0.8177726103053513,366.93849999574013,10304
bsd68,test035,10,BM3D,32.12263633707407,0.915572344988023,1450.2549000026193,10304
bsd68,test035,15,Noisy,24.683621573040906,0.6120953920141873,0.0,15304
bsd68,test035,15,Gaussian,25.678638540234854,0.7370973096555885,688.7477999844123,15304
bsd68,test035,15,Median,26.90824139796067,0.7310753155436286,1629.7691999934614,15304
bsd68,test035,15,NLM,27.419464553595823,0.7516132770685224,379.28150000516325,15304
bsd68,test035,15,BM3D,29.933434099275775,0.8624631174336548,1497.8460000129417,15304
bsd68,test035,20,Noisy,22.26275266887445,0.5113723615930482,0.0,20304
bsd68,test035,20,Gaussian,25.452326648387547,0.7132510073218856,635.9654999978375,20304
bsd68,test035,20,Median,25.96521865685135,0.6698875917530317,1626.7927000008058,20304
bsd68,test035,20,NLM,26.277253111053533,0.7089140791953982,380.21309999749064,20304
bsd68,test035,20,BM3D,28.483664693037497,0.8167967862268298,1512.8810000023805,20304
bsd68,test035,25,Noisy,20.379212821466712,0.43293102228930724,0.0,25304
bsd68,test035,25,Gaussian,25.16057698226482,0.6856676677137714,634.7184000187553,25304
bsd68,test035,25,Median,24.976867714524037,0.6094063997883228,1635.2032000140753,25304
bsd68,test035,25,NLM,25.3051026166985,0.6690481037852718,380.9107000124641,25304
bsd68,test035,25,BM3D,27.489519544642743,0.7797538588304034,1617.7571000007447,25304
bsd68,test035,30,Noisy,18.910754046288435,0.37149469587490974,0.0,30304
bsd68,test035,30,Gaussian,24.845881291846847,0.6605518193302334,639.8887000104878,30304
bsd68,test035,30,Median,24.050637385589194,0.557001204902619,1644.763399992371,30304
bsd68,test035,30,NLM,24.65282748406192,0.6417674786208566,373.9105999993626,30304
bsd68,test035,30,BM3D,26.725210763376044,0.7494141624083327,1917.5644999777433,30304
bsd68,test035,35,Noisy,17.690065846522796,0.3238841414385655,0.0,35304
bsd68,test035,35,Gaussian,24.544650115521883,0.6329407404116734,659.3632999865804,35304
bsd68,test035,35,Median,23.23669670071398,0.5118852866186421,1631.5848999947775,35304
bsd68,test035,35,NLM,24.014060491737087,0.6111829105737977,370.1166000100784,35304
bsd68,test035,35,BM3D,26.117455642164416,0.7206812785841487,1626.8175999866799,35304
bsd68,test035,40,Noisy,16.627166001411123,0.28268823263833676,0.0,40304
bsd68,test035,40,Gaussian,24.153274529409792,0.6066526459748242,653.1460999976844,40304
bsd68,test035,40,Median,22.40848759114405,0.46876367964984844,1787.2106999857351,40304
bsd68,test035,40,NLM,23.45952949014861,0.5841026952729425,388.5898000153247,40304
bsd68,test035,40,BM3D,25.55159737690674,0.6979495243057168,1774.8030000075232,40304
bsd68,test035,50,Noisy,14.938144685126742,0.22495111140404891,0.0,50304
bsd68,test035,50,Gaussian,23.47093886767951,0.5576366625838375,817.7029000071343,50304
bsd68,test035,50,Median,21.01041022921897,0.4047096242645052,1604.8011000093538,50304
bsd68,test035,50,NLM,22.672862512442116,0.5437943151114326,372.4899999797344,50304
bsd68,test035,50,BM3D,24.63127457135085,0.6531341247754722,1479.4078999839257,50304
bsd68,test035,75,Noisy,12.118642364646595,0.1389931378801766,0.0,75304
bsd68,test035,75,Gaussian,21.399385393837832,0.448010738352556,664.1720000188798,75304
bsd68,test035,75,Median,18.18993551626204,0.2850916508953134,1717.417599982582,75304
bsd68,test035,75,NLM,20.821667570717757,0.45508342239313326,386.19680001283996,75304
bsd68,test035,75,BM3D,22.394154027119257,0.553482991945853,1789.3985999980941,75304
bsd68,test036,5,Noisy,34.10210648855638,0.9173252170877992,0.0,5097
bsd68,test036,5,Gaussian,27.033736890139973,0.5243071367832632,671.3040999893565,5097
bsd68,test036,5,Median,27.49122580944333,0.5849949625577031,1630.0557000213303,5097
bsd68,test036,5,NLM,28.63816978929474,0.5835802358899324,379.35299999662675,5097
bsd68,test036,5,BM3D,35.03707196695676,0.9322361752095644,1644.679899996845,5097
bsd68,test036,10,Noisy,28.147937032876197,0.7476057234013641,0.0,10097
bsd68,test036,10,Gaussian,26.901080820141324,0.5141146162347048,683.5748000012245,10097
bsd68,test036,10,Median,27.011660047935887,0.5503482116592383,1661.034800024936,10097
bsd68,test036,10,NLM,27.745962085011726,0.519049137100673,381.13910000538453,10097
bsd68,test036,10,BM3D,30.49258757943809,0.7674993435913685,1554.7713999985717,10097
bsd68,test036,15,Noisy,24.598210004388864,0.5797458306618957,0.0,15097
bsd68,test036,15,Gaussian,26.70360110941229,0.5012093580349862,642.7130000083707,15097
bsd68,test036,15,Median,26.34112913762342,0.50417003710602,1640.0704999978188,15097
bsd68,test036,15,NLM,27.187503530120306,0.4849267468330313,368.29180002678186,15097
bsd68,test036,15,BM3D,28.39815840127375,0.6000639292102323,1613.7017000000924,15097
bsd68,test036,20,Noisy,22.110909265715716,0.4491468976092979,0.0,20097
bsd68,test036,20,Gaussian,26.441828315940402,0.4848008182042653,714.7618000162765,20097
bsd68,test036,20,Median,25.559866608029367,0.4557446602269108,1883.0498000024818,20097
bsd68,test036,20,NLM,26.895463406361433,0.4696421597508498,365.8609999984037,20097
bsd68,test036,20,BM3D,27.522781426075756,0.5158655245158996,1657.8200999938417,20097
bsd68,test036,25,Noisy,20.168935314765072,0.3515677021736118,0.0,25097
bsd68,test036,25,Gaussian,26.11853858360729,0.46446817167899174,663.1189000036102,25097
bsd68,test036,25,Median,24.751167170040915,0.4079892411272417,1721.841199992923,25097
bsd68,test036,25,NLM,26.550158902129283,0.4541302397940265,374.09860000479966,25097
bsd68,test036,25,BM3D,27.08175541885734,0.4733625169295231,1595.4791999829467,25097
bsd68,test036,30,Noisy,18.62626752490497,0.2836403658633481,0.0,30097
bsd68,test036,30,Gaussian,25.765333167932305,0.4428844451576529,665.7291000010446,30097
bsd68,test036,30,Median,23.919993805405436,0.36140600920382326,1615.3851999843027,30097
bsd68,test036,30,NLM,26.300021136817165,0.44494758836592746,387.46150000952184,30097
bsd68,test036,30,BM3D,26.764342666391343,0.4486262014247725,1741.2451999844052,30097
bsd68,test036,35,Noisy,17.272183621303384,0.22687414820438456,0.0,35097
bsd68,test036,35,Gaussian,25.336607184617755,0.4145093441838636,690.4913999896962,35097
bsd68,test036,35,Median,23.0547385776837,0.3155756903288032,1759.0571999899112,35097
bsd68,test036,35,NLM,26.06411084766092,0.4340216913917644,370.1617000042461,35097
bsd68,test036,35,BM3D,26.565161534361785,0.43346483769492156,1952.8061999881174,35097
bsd68,test036,40,Noisy,16.11423092575047,0.18898442182610986,0.0,40097
bsd68,test036,40,Gaussian,24.951173641284782,0.39750980192862256,750.6894000107422,40097
bsd68,test036,40,Median,22.304859228280414,0.28601376748591806,1633.7852000142448,40097
bsd68,test036,40,NLM,25.776399854816795,0.4260467100593543,362.3683999758214,40097
bsd68,test036,40,BM3D,26.35020636604233,0.42465600362050004,1645.537600008538,40097
bsd68,test036,50,Noisy,14.287240387795354,0.1372340111800168,0.0,50097
bsd68,test036,50,Gaussian,24.170461852690636,0.353120340491353,634.8034999973606,50097
bsd68,test036,50,Median,20.871553681214525,0.2256381420370797,1653.8813000079244,50097
bsd68,test036,50,NLM,25.41317940270035,0.41075966665730806,365.906500024721,50097
bsd68,test036,50,BM3D,26.143193562803923,0.4098575243500257,2051.8939000030514,50097
bsd68,test036,75,Noisy,11.401117983007445,0.07308287583718838,0.0,75097
bsd68,test036,75,Gaussian,22.389352771336593,0.26803548166650354,670.5619000131264,75097
bsd68,test036,75,Median,17.889795777407926,0.13519113909916874,1598.0885999742895,75097
bsd68,test036,75,NLM,24.636966847611397,0.3724211300034305,365.4052000201773,75097
bsd68,test036,75,BM3D,25.36854253368145,0.3799165332263656,1528.924599988386,75097
bsd68,test037,5,Noisy,34.099485331714234,0.8853450487502548,0.0,5068
bsd68,test037,5,Gaussian,26.842150461640387,0.7304155052614855,654.8600000096485,5068
bsd68,test037,5,Median,28.321958374407817,0.7800593168368906,1611.907999991672,5068
bsd68,test037,5,NLM,32.74703350636621,0.8879477826517967,354.57699999096803,5068
bsd68,test037,5,BM3D,36.580566531407996,0.9630318446010312,1463.0073999869637,5068
bsd68,test037,10,Noisy,28.143652202185287,0.7017841825910334,0.0,10068
bsd68,test037,10,Gaussian,26.715281517681326,0.7150164432447239,643.2031000149436,10068
bsd68,test037,10,Median,27.703060696019882,0.72321737379104,1620.0937000103295,10068
bsd68,test037,10,NLM,28.99730176899078,0.7686649890184536,409.181199996965,10068
bsd68,test037,10,BM3D,32.39872214082134,0.9062201637399055,1548.7038000137545,10068
bsd68,test037,15,Noisy,24.667376113362472,0.5554752478363966,0.0,15068
bsd68,test037,15,Gaussian,26.518138241845968,0.6919992904947673,635.41729998542,15068
bsd68,test037,15,Median,26.87255156948084,0.6540771062541577,1619.0434000163805,15068
bsd68,test037,15,NLM,27.63364612564873,0.7064709841310313,380.6497000041418,15068
bsd68,test037,15,BM3D,30.048400057723647,0.8365569037757158,1459.1153000073973,15068
bsd68,test037,20,Noisy,22.25595537454462,0.45073617345154365,0.0,20068
bsd68,test037,20,Gaussian,26.256064368151296,0.6638401576066802,642.275599995628,20068
bsd68,test037,20,Median,25.96086643649974,0.5868811042994218,1626.115999999456,20068
bsd68,test037,20,NLM,26.851761286816625,0.6715360442440146,367.21419999958016,20068
bsd68,test037,20,BM3D,28.816092301804836,0.7852302344954508,1851.5225000155624,20068
bsd68,test037,25,Noisy,20.371678255534725,0.36904881279501595,0.0,25068
bsd68,test037,25,Gaussian,25.949583527478026,0.6344365845970305,673.6120999848936,25068
bsd68,test037,25,Median,25.00929902030323,0.5221811716979665,1717.731199983973,25068
bsd68,test037,25,NLM,26.240069753630564,0.6441538564181066,377.2152999881655,25068
bsd68,test037,25,BM3D,27.87147832935358,0.7380065535518622,1540.6939999957103,25068
bsd68,test037,30,Noisy,18.914084143416833,0.30953020484396293,0.0,30068
bsd68,test037,30,Gaussian,25.609253946805296,0.6039217277911272,677.7049000083935,30068
bsd68,test037,30,Median,24.15413355420309,0.4699320673620623,1641.0935999883804,30068
bsd68,test037,30,NLM,25.755542159151986,0.6207924933377718,365.9210999903735,30068
bsd68,test037,30,BM3D,27.203787970887795,0.7011732006425845,1506.0650999948848,30068
bsd68,test037,35,Noisy,17.645574725808892,0.26364034097121186,0.0,35068
bsd68,test037,35,Gaussian,25.21751569788206,0.5778337636519529,655.5830000143033,35068
bsd68,test037,35,Median,23.31267180419511,0.4244792672412182,1634.9395999859553,35068
bsd68,test037,35,NLM,25.203741066153814,0.6014452861011028,378.4161999938078,35068
bsd68,test037,35,BM3D,26.703341316308077,0.6789617769894011,1511.2329999974463,35068
bsd68,test037,40,Noisy,16.602137376394182,0.22621567145119725,0.0,40068
bsd68,test037,40,Gaussian,24.79221540210851,0.5448406856707552,642.7228999964427,40068
bsd68,test037,40,Median,22.450006445271278,0.37675720890034053,1785.6460000039078,40068
bsd68,test037,40,NLM,24.773140419914753,0.5814927314369903,369.80239997501485,40068
bsd68,test037,40,BM3D,26.20617321145202,0.6506042453211457,1724.6063000056893,40068
bsd68,test037,50,Noisy,14.93318106839128,0.17384081950936423,0.0,50068
bsd68,test037,50,Gaussian,23.919284489985362,0.4923006601725441,646.0098999959882,50068
bsd68,test037,50,Median,20.998256865950154,0.3133935612615894,1636.2208999926224,50068
bsd68,test037,50,NLM,23.974313596828853,0.5492587550739029,410.7707999937702,50068
bsd68,test037,50,BM3D,25.374195651629886,0.6178762302159658,1537.5713999965228,50068
bsd68,test037,75,Noisy,12.096636298993316,0.10304206073744507,0.0,75068
bsd68,test037,75,Gaussian,21.729686032024254,0.387626451499305,656.5497000119649,75068
bsd68,test037,75,Median,18.18024986589063,0.20958446424878777,1659.0599999763072,75068
bsd68,test037,75,NLM,22.116795851443527,0.48118007927585166,389.69889999134466,75068
bsd68,test037,75,BM3D,23.33973364977328,0.5511621882343722,1588.9696000085678,75068
bsd68,test038,5,Noisy,34.114894640775766,0.906986730706835,0.0,5625
bsd68,test038,5,Gaussian,27.615556497224134,0.7869972895172953,631.7271000007167,5625
bsd68,test038,5,Median,30.432388315154544,0.8767319086019352,1620.086299983086,5625
bsd68,test038,5,NLM,34.36505034748255,0.9166705915006386,347.5223999994341,5625
bsd68,test038,5,BM3D,36.98326389623545,0.9633946672570766,1783.0594000115525,5625
bsd68,test038,10,Noisy,28.13229772774534,0.7403112943766345,0.0,10625
bsd68,test038,10,Gaussian,27.46849222914795,0.7748417735768812,656.2055999820586,10625
bsd68,test038,10,Median,29.35058476807965,0.8237950420321583,1724.7543999983463,10625
bsd68,test038,10,NLM,30.241858762879325,0.822670416561744,375.81349999527447,10625
bsd68,test038,10,BM3D,33.29782422941567,0.9178797658515953,1485.3512999834493,10625
bsd68,test038,15,Noisy,24.6555010354348,0.5947172786112688,0.0,15625
bsd68,test038,15,Gaussian,27.22047353904102,0.7542423657446476,635.995400021784,15625
bsd68,test038,15,Median,28.103794606239873,0.7571984302386887,1630.4860999807715,15625
bsd68,test038,15,NLM,28.05729281652555,0.7429376120552874,384.78959997883067,15625
bsd68,test038,15,BM3D,31.193649934224336,0.8698268537834761,1643.5366999940015,15625
bsd68,test038,20,Noisy,22.192292016222414,0.4818102044924219,0.0,20625
bsd68,test038,20,Gaussian,26.928422806216396,0.7308365097487237,662.0315999898594,20625
bsd68,test038,20,Median,26.897716911322178,0.6894167400891972,1655.0553999841213,20625
bsd68,test038,20,NLM,26.840719897420865,0.683381295457902,369.2680999811273,20625
bsd68,test038,20,BM3D,29.712945800482213,0.8227718836610094,1457.8106999979354,20625
bsd68,test038,25,Noisy,20.369465368134176,0.4008220309497892,0.0,25625
bsd68,test038,25,Gaussian,26.587953868453013,0.7056659497288926,635.0211999961175,25625
bsd68,test038,25,Median,25.78362862821113,0.6289665426194989,1729.2023000190966,25625
bsd68,test038,25,NLM,26.011011412397163,0.6403942025182028,387.84599999780767,25625
bsd68,test038,25,BM3D,28.71968770149603,0.786066736761402,1791.7241000104696,25625
bsd68,test038,30,Noisy,18.89641130211236,0.3352722073931483,0.0,30625
bsd68,test038,30,Gaussian,26.207483340931418,0.676961383558346,646.862699999474,30625
bsd68,test038,30,Median,24.757497495064644,0.5705918243408115,1722.8300999850035,30625
bsd68,test038,30,NLM,25.379550097838525,0.6009751531997378,510.04640001337975,30625
bsd68,test038,30,BM3D,27.80840596909716,0.7430530917150876,1976.9491000042763,30625
bsd68,test038,35,Noisy,17.6609580275458,0.2849192179602958,0.0,35625
bsd68,test038,35,Gaussian,25.800163380851675,0.6479401897051572,674.8077000083867,35625
bsd68,test038,35,Median,23.797462896943742,0.5184820020037987,1955.8739000058267,35625
bsd68,test038,35,NLM,24.963186092979505,0.5747321895172464,376.31309998687357,35625
bsd68,test038,35,BM3D,27.093453035020246,0.7053255544227042,1969.059199996991,35625
bsd68,test038,40,Noisy,16.60940389687565,0.24381373540529994,0.0,40625
bsd68,test038,40,Gaussian,25.30453357583369,0.6181638999863225,692.7247999992687,40625
bsd68,test038,40,Median,22.870626116563212,0.46980842294163105,1687.9054000019096,40625
bsd68,test038,40,NLM,24.580317698407093,0.5507167106100961,368.01009997725487,40625
bsd68,test038,40,BM3D,26.454064100287432,0.6731657991983457,1648.725100007141,40625
bsd68,test038,50,Noisy,14.917822830038222,0.1860935579183853,0.0,50625
bsd68,test038,50,Gaussian,24.408892991730017,0.5626493529938174,652.0831000234466,50625
bsd68,test038,50,Median,21.296783992676737,0.392787687973672,1829.4567999837454,50625
bsd68,test038,50,NLM,23.87715894217536,0.5098112332368322,373.2513999857474,50625
bsd68,test038,50,BM3D,25.403019698653214,0.6119872846812182,1559.656500001438,50625
bsd68,test038,75,Noisy,12.105370938542139,0.1081398696952284,0.0,75625
bsd68,test038,75,Gaussian,22.06539490871213,0.4472200918452625,641.3201999966986,75625
bsd68,test038,75,Median,18.333347891383358,0.2623322488153895,1623.846800008323,75625
bsd68,test038,75,NLM,22.270684591865347,0.43972322137314773,364.2483000003267,75625
bsd68,test038,75,BM3D,23.304621667176917,0.5085930149238861,1522.1943999931682,75625
bsd68,test039,5,Noisy,34.07830066909962,0.8593811122198527,0.0,5710
bsd68,test039,5,Gaussian,30.322424293921458,0.9184633586170191,633.967500005383,5710
bsd68,test039,5,Median,36.10027199824755,0.9484971838258327,1664.6782000025269,5710
bsd68,test039,5,NLM,37.978510441704614,0.9622433914848908,331.62159999483265,5710
bsd68,test039,5,BM3D,40.13093043647116,0.9771376296382772,1456.3965999986976,5710
bsd68,test039,10,Noisy,28.110428799193315,0.6487752543870423,0.0,10710
bsd68,test039,10,Gaussian,30.058224571237503,0.8994080499536937,653.15970001393,10710
bsd68,test039,10,Median,33.14115728137806,0.8780202331408079,1634.5034000114538,10710
bsd68,test039,10,NLM,33.909499342548614,0.9171312588392776,367.87550000008196,10710
bsd68,test039,10,BM3D,37.04863094378892,0.9577764915281799,1527.8255000011995,10710
bsd68,test039,15,Noisy,24.599106707273478,0.4943677450950457,0.0,15710
bsd68,test039,15,Gaussian,29.615833488473513,0.8701658852545481,658.9856000209693,15710
bsd68,test039,15,Median,30.67664710384179,0.7913308402999201,1623.6089000012726,15710
bsd68,test039,15,NLM,31.525361241574124,0.875932815940657,407.45759999845177,15710
bsd68,test039,15,BM3D,35.062616198737835,0.9376595458662119,2148.9758000243455,15710
bsd68,test039,20,Noisy,22.1259964031104,0.38949111360752864,0.0,20710
bsd68,test039,20,Gaussian,29.114984187148913,0.8336639652123495,899.2052000248805,20710
bsd68,test039,20,Median,28.72763951241332,0.7047764766675726,1782.811099983519,20710
bsd68,test039,20,NLM,29.844559133569625,0.837502638245488,382.38300001830794,20710
bsd68,test039,20,BM3D,33.45733614837193,0.9151628802713989,1715.6549000064842,20710
bsd68,test039,25,Noisy,20.193109458375552,0.31680147649746515,0.0,25710
bsd68,test039,25,Gaussian,28.52043833530651,0.7950962991217141,638.6224000016227,25710
bsd68,test039,25,Median,27.103740753657025,0.6305328162728525,1616.777799994452,25710
bsd68,test039,25,NLM,28.530814576125756,0.8052625486568535,367.4901000049431,25710
bsd68,test039,25,BM3D,32.24771400032756,0.8934774508614429,1704.988899989985,25710
bsd68,test039,30,Noisy,18.626548532818916,0.26394959552967767,0.0,30710
bsd68,test039,30,Gaussian,27.83666195816112,0.7544839645531721,685.5969999742229,30710
bsd68,test039,30,Median,25.644243667147414,0.5613519020781239,1652.2782999963965,30710
bsd68,test039,30,NLM,27.5082333048333,0.7761101587271195,389.5910999854095,30710
bsd68,test039,30,BM3D,31.057225732446074,0.8711785770044199,1969.0058999985922,30710
bsd68,test039,35,Noisy,17.401870872574747,0.22693776226945428,0.0,35710
bsd68,test039,35,Gaussian,27.271111736225922,0.7148712250151974,669.6415000187699,35710
bsd68,test039,35,Median,24.490634822124242,0.5041224722253554,1685.6120999727864,35710
bsd68,test039,35,NLM,26.653809244814973,0.7510091536758248,407.6340000028722,35710
bsd68,test039,35,BM3D,30.28854025183126,0.855164738315621,2240.485800022725,35710
bsd68,test039,40,Noisy,16.326135851203873,0.19665703615876357,0.0,40710
bsd68,test039,40,Gaussian,26.657222163663576,0.6799993461871752,657.6109000016004,40710
bsd68,test039,40,Median,23.466572607716376,0.45750955675960975,1780.0152999989223,40710
bsd68,test039,40,NLM,25.869489217398595,0.7247513236252586,426.1467999895103,40710
bsd68,test039,40,BM3D,29.4818101450951,0.8364219286684841,1595.1817999884952,40710
bsd68,test039,50,Noisy,14.579887613482402,0.15272213849551738,0.0,50710
bsd68,test039,50,Gaussian,25.52363010998258,0.6091362001312413,697.6958000159357,50710
bsd68,test039,50,Median,21.637009794260564,0.3749488409767421,1790.4699000064284,50710
bsd68,test039,50,NLM,24.728698843551186,0.6783059128058531,372.88599999737926,50710
bsd68,test039,50,BM3D,28.202407758505068,0.8025771871506088,1518.6297000036575,50710
bsd68,test039,75,Noisy,11.774423903115785,0.09459766659988839,0.0,75710
bsd68,test039,75,Gaussian,22.976548707749863,0.47216835469464197,640.2665000059642,75710
bsd68,test039,75,Median,18.272183092109334,0.24869571628735093,1621.340899990173,75710
bsd68,test039,75,NLM,22.38777269635758,0.5766107724230326,436.24839998665266,75710
bsd68,test039,75,BM3D,25.44927749814382,0.7336384024250419,2495.1414999959525,75710
bsd68,test040,5,Noisy,34.151034502228995,0.8968599577340437,0.0,5101
bsd68,test040,5,Gaussian,25.376389892748694,0.746074435525031,850.6403999926988,5101
bsd68,test040,5,Median,28.335322927971177,0.8173084177397371,1656.5741999947932,5101
bsd68,test040,5,NLM,33.70649000544656,0.8640736974095732,342.5518999865744,5101
bsd68,test040,5,BM3D,36.44872788614557,0.9428900821438981,1552.1637999918312,5101
bsd68,test040,10,Noisy,28.264350746643885,0.7247978958072875,0.0,10101
bsd68,test040,10,Gaussian,25.2715400715284,0.7342364251098474,669.6485000138637,10101
bsd68,test040,10,Median,27.67410460355062,0.7658446490778481,2066.4763000095263,10101
bsd68,test040,10,NLM,30.772906277117702,0.8023540445013903,455.92030000989325,10101
bsd68,test040,10,BM3D,32.809191388272076,0.875562781311595,1662.4803000013344,10101
bsd68,test040,15,Noisy,24.813505379939546,0.5842249295934832,0.0,15101
bsd68,test040,15,Gaussian,25.097755706186962,0.7150201148262266,737.2762000013608,15101
bsd68,test040,15,Median,26.816878655362903,0.7022421622694018,1747.2130999958608,15101
bsd68,test040,15,NLM,28.9750678045128,0.7602181783248326,396.8481000047177,15101
bsd68,test040,15,BM3D,30.894714172653575,0.8322743431416555,2180.896899983054,15101
bsd68,test040,20,Noisy,22.267400599289616,0.47676006640038837,0.0,20101
bsd68,test040,20,Gaussian,24.848616036974395,0.6915462013946775,651.745299983304,20101
bsd68,test040,20,Median,25.86438549915163,0.6397241774054779,1648.1169000035152,20101
bsd68,test040,20,NLM,27.46945057583201,0.7226016823617915,361.9184000126552,20101
bsd68,test040,20,BM3D,29.52272061723168,0.7983255444457682,1943.7649000028614,20101
bsd68,test040,25,Noisy,20.41241683297222,0.4021395721594671,0.0,25101
bsd68,test040,25,Gaussian,24.560594159852236,0.6653683437139079,643.2065000117291,25101
bsd68,test040,25,Median,24.92329440781365,0.5822614764304983,1648.2601999887265,25101
bsd68,test040,25,NLM,26.23633644562561,0.6896022654107838,373.90820001019165,25101
bsd68,test040,25,BM3D,28.491353525921408,0.771232805163849,1837.3830000055023,25101
bsd68,test040,30,Noisy,18.87249616466617,0.34447773601928156,0.0,30101
bsd68,test040,30,Gaussian,24.258703584702587,0.6375634258069871,662.483299995074,30101
bsd68,test040,30,Median,23.999011390741487,0.5276506918616145,1673.9959999977145,30101
bsd68,test040,30,NLM,25.25698516513994,0.661101695732554,382.97849998343736,30101
bsd68,test040,30,BM3D,27.611281608084795,0.746348006855143,1660.1019000227097,30101
bsd68,test040,35,Noisy,17.580517733127895,0.30118595535622067,0.0,35101
bsd68,test040,35,Gaussian,23.88639040114455,0.6098510449052836,669.478199997684,35101
bsd68,test040,35,Median,23.167666981422638,0.48387061496051076,1672.9278999846429,35101
bsd68,test040,35,NLM,24.32415972302666,0.6333321857671519,387.60839999304153,35101
bsd68,test040,35,BM3D,26.872011178804293,0.7302689433368236,1925.7385000237264,35101
bsd68,test040,40,Noisy,16.47680831418899,0.26451878222453495,0.0,40101
bsd68,test040,40,Gaussian,23.55504379720913,0.5822327438824527,655.502699984936,40101
bsd68,test040,40,Median,22.329691779337487,0.4415819114950941,1689.0840000123717,40101
bsd68,test040,40,NLM,23.646865810590626,0.60649524667783,416.5414000162855,40101
bsd68,test040,40,BM3D,26.239713602903713,0.7080502167877353,1463.5394999932032,40101
bsd68,test040,50,Noisy,14.684101522890005,0.21176100031826312,0.0,50101
bsd68,test040,50,Gaussian,22.790662709335365,0.5319206306915769,644.0325999865308,50101
bsd68,test040,50,Median,20.929469035679602,0.3775767158543061,1637.2885000018869,50101
bsd68,test040,50,NLM,22.475594433222476,0.5610360964155237,374.567399994703,50101
bsd68,test040,50,BM3D,25.086828570031237,0.678181928057475,1518.8766999926884,50101
bsd68,test040,75,Noisy,11.79981542110351,0.136131692383652,0.0,75101
bsd68,test040,75,Gaussian,20.99519596693884,0.4265496525907721,657.145400007721,75101
bsd68,test040,75,Median,18.023684986229313,0.26767015017760026,1634.6710000070743,75101
bsd68,test040,75,NLM,20.46235828520986,0.47492235976538366,372.96819998300634,75101
bsd68,test040,75,BM3D,22.711417160895827,0.6057643697253074,1795.164899987867,75101
bsd68,test041,5,Noisy,34.108904175037935,0.8962797350379614,0.0,5957
bsd68,test041,5,Gaussian,24.489793440486473,0.7295031966978655,637.28059999994,5957
bsd68,test041,5,Median,26.452352732847327,0.8030956517062429,1713.815800001612,5957
bsd68,test041,5,NLM,33.129156905070786,0.9145099190291095,365.888400003314,5957
bsd68,test041,5,BM3D,36.45663672084075,0.9714729356724772,1480.3734000015538,5957
bsd68,test041,10,Noisy,28.253175754154576,0.7457667304081675,0.0,10957
bsd68,test041,10,Gaussian,24.414926150323573,0.7157292105756669,648.6351000203285,10957
bsd68,test041,10,Median,26.020476125052316,0.7492450280978473,1638.7304000090808,10957
bsd68,test041,10,NLM,29.13599734323283,0.8307775922037304,367.3244999954477,10957
bsd68,test041,10,BM3D,32.190660386134205,0.9273189448664442,1976.7983999918215,10957
bsd68,test041,15,Noisy,24.90387894639111,0.6282190369945334,0.0,15957
bsd68,test041,15,Gaussian,24.29729466431691,0.696126803567456,646.0057999938726,15957
bsd68,test041,15,Median,25.369068645475657,0.6874261721041156,1622.1366000245325,15957
bsd68,test041,15,NLM,27.293255747117886,0.7730580956158961,369.7944000014104,15957
bsd68,test041,15,BM3D,29.841809191390944,0.8759448053118938,1775.2411999972537,15957
bsd68,test041,20,Noisy,22.5219304002553,0.535750125946256,0.0,20957
bsd68,test041,20,Gaussian,24.129648110885142,0.6730973779325997,637.9997000040021,20957
bsd68,test041,20,Median,24.684400360944355,0.628560588239686,1597.7690999861807,20957
bsd68,test041,20,NLM,26.022234904231603,0.7267899979406023,370.74919999577105,20957
bsd68,test041,20,BM3D,28.299385989166925,0.8286370965715355,1519.8489999747835,20957
bsd68,test041,25,Noisy,20.677776935410126,0.45946606437201326,0.0,25957
bsd68,test041,25,Gaussian,23.897778318885322,0.6438902804720562,678.9824000152294,25957
bsd68,test041,25,Median,23.939578091838477,0.5716284517672968,1624.6974000241607,25957
bsd68,test041,25,NLM,24.9683265889653,0.6816277732066215,412.39589999895543,25957
bsd68,test041,25,BM3D,27.148142145838978,0.7832665921512155,1439.7119999921415,25957
bsd68,test041,30,Noisy,19.183767537820387,0.3999281740288943,0.0,30957
bsd68,test041,30,Gaussian,23.64165795779013,0.6163573197413038,634.2809000052512,30957
bsd68,test041,30,Median,23.216764866073547,0.5259394825060147,1648.1941000092775,30957
bsd68,test041,30,NLM,24.08279966882877,0.6416907489000651,383.05999999283813,30957
bsd68,test041,30,BM3D,26.24594198701976,0.7452609272334481,1465.7405999896582,30957
bsd68,test041,35,Noisy,17.95865843961974,0.3508663388769497,0.0,35957
bsd68,test041,35,Gaussian,23.33974064962467,0.5892569008109397,654.0201000170782,35957
bsd68,test041,35,Median,22.553288906870282,0.48676294907515355,1750.0073999981396,35957
bsd68,test041,35,NLM,23.474052145952346,0.6097200077815842,372.39589999080636,35957
bsd68,test041,35,BM3D,25.474980765160666,0.7132052937203074,1546.5586000063922,35957
bsd68,test041,40,Noisy,16.90178560102265,0.30958789451991886,0.0,40957
bsd68,test041,40,Gaussian,23.004742610456347,0.5614408970235939,731.966299994383,40957
bsd68,test041,40,Median,21.86650319944491,0.4489045304766455,1761.2871000019368,40957
bsd68,test041,40,NLM,22.830688520155626,0.5754927617696318,367.8391000139527,40957
bsd68,test041,40,BM3D,24.79817756887318,0.6785992935765203,1590.8635999949183,40957
bsd68,test041,50,Noisy,15.211829035261559,0.24991168326926383,0.0,50957
bsd68,test041,50,Gaussian,22.328210745900424,0.5127291063240739,718.9398999908008,50957
bsd68,test041,50,Median,20.68025031458835,0.3912192865709899,1710.057099990081,50957
bsd68,test041,50,NLM,21.933509515785236,0.5247562580525035,371.2367000116501,50957
bsd68,test041,50,BM3D,23.678912344020667,0.629599311650771,1546.9466999929864,50957
bsd68,test041,75,Noisy,12.27114153814586,0.1544251735361998,0.0,75957
bsd68,test041,75,Gaussian,20.373772145202818,0.4049297702156848,649.2580999911297,75957
bsd68,test041,75,Median,18.0933928978284,0.27943864915594274,1617.1348000061698,75957
bsd68,test041,75,NLM,20.069006725560577,0.4212437473574522,363.9428000024054,75957
bsd68,test041,75,BM3D,21.366926158929953,0.5279006369474144,1567.3675000143703,75957
bsd68,test042,5,Noisy,34.08589450181188,0.861873249824597,0.0,5645
bsd68,test042,5,Gaussian,25.552174876708456,0.7611238296269047,714.3990999902599,5645
bsd68,test042,5,Median,27.49416613787256,0.8030302036625189,1604.6861999784596,5645
bsd68,test042,5,NLM,34.59440089441798,0.893784300063451,342.580700002145,5645
bsd68,test042,5,BM3D,37.376572499180874,0.9573216041582965,1434.3378000194207,5645
bsd68,test042,10,Noisy,28.116557817284054,0.6570754486570106,0.0,10645
bsd68,test042,10,Gaussian,25.457460999873874,0.7427949930301554,651.8123999994714,10645
bsd68,test042,10,Median,26.98581711847581,0.7385126245704839,1647.8355999861378,10645
bsd68,test042,10,NLM,31.30913186392327,0.8282872869852793,354.04299999936484,10645
bsd68,test042,10,BM3D,33.51525945785951,0.9042409024938265,1505.5194000015035,10645
bsd68,test042,15,Noisy,24.639252092758856,0.5097824408607593,0.0,15645
bsd68,test042,15,Gaussian,25.309392925353787,0.7151523746507402,656.3406999921426,15645
bsd68,test042,15,Median,26.26091451164414,0.6579929030910125,1653.4716000023764,15645
bsd68,test042,15,NLM,29.338208253492205,0.7838029221632216,357.3237000091467,15645
bsd68,test042,15,BM3D,31.438632155878075,0.8571063474326116,1436.2944000167772,15645
bsd68,test042,20,Noisy,22.161032732189845,0.410516776144968,0.0,20645
bsd68,test042,20,Gaussian,25.104301978010138,0.681116031573767,636.1154000042006,20645
bsd68,test042,20,Median,25.423818508615625,0.5824208468158782,1614.7613000066485,20645
bsd68,test042,20,NLM,27.659399091842168,0.7467702300213547,364.71310001797974,20645
bsd68,test042,20,BM3D,30.02078696244318,0.8209239510926774,1463.6020000034478,20645
bsd68,test042,25,Noisy,20.292011904618104,0.3421166843965926,0.0,25645
bsd68,test042,25,Gaussian,24.860885719860924,0.6462973192640125,639.0285000088625,25645
bsd68,test042,25,Median,24.609772451324538,0.5167661662055949,1638.1335000041872,25645
bsd68,test042,25,NLM,26.49580804742658,0.7167988429929681,368.63899999298155,25645
bsd68,test042,25,BM3D,28.999300054991764,0.7945547678284961,1490.7936999807134,25645
bsd68,test042,30,Noisy,18.766686649065793,0.2916860993306583,0.0,30645
bsd68,test042,30,Gaussian,24.587314218239356,0.6097763241120874,656.6959000192583,30645
bsd68,test042,30,Median,23.7338180311581,0.4582616932296966,1678.112900000997,30645
bsd68,test042,30,NLM,25.57473749119208,0.6894770314714846,368.5272000147961,30645
bsd68,test042,30,BM3D,28.13599232959653,0.7669544615036059,1455.3524999937508,30645
bsd68,test042,35,Noisy,17.514285138843256,0.2515000489443452,0.0,35645
bsd68,test042,35,Gaussian,24.258532099522302,0.5753058795856246,634.8383000004105,35645
bsd68,test042,35,Median,22.91854573349849,0.4118342189307678,1596.7060000111815,35645
bsd68,test042,35,NLM,24.793233418635573,0.6622455330186235,372.88920002174564,35645
bsd68,test042,35,BM3D,27.33163846663331,0.7448648784732214,2121.6552999976557,35645
bsd68,test042,40,Noisy,16.4369695567243,0.22239940117871013,0.0,40645
bsd68,test042,40,Gaussian,23.967394791365834,0.5416020653741531,670.8246000052895,40645
bsd68,test042,40,Median,22.16681037307035,0.3696143702878658,1639.373699988937,40645
bsd68,test042,40,NLM,24.302582938302997,0.6401747632587687,374.4503000052646,40645
bsd68,test042,40,BM3D,26.75018144382893,0.7263014596096282,1932.2679000033531,40645
bsd68,test042,50,Noisy,14.734292974043047,0.1787601028011537,0.0,50645
bsd68,test042,50,Gaussian,23.2859626424262,0.4809600363445992,657.5039000017568,50645
bsd68,test042,50,Median,20.73490684158039,0.3048827362551579,1627.5184999976773,50645
bsd68,test042,50,NLM,23.301772256758166,0.5977491665257381,367.4668000021484,50645
bsd68,test042,50,BM3D,25.794066550753328,0.6962105111776288,1517.8523000213318,50645
bsd68,test042,75,Noisy,11.926951726995723,0.1142494357195278,0.0,75645
bsd68,test042,75,Gaussian,21.494305747674428,0.3805958987051608,655.7551999867428,75645
bsd68,test042,75,Median,17.93383854024958,0.212645888542607,1625.4588999727275,75645
bsd68,test042,75,NLM,21.505863921093695,0.5106537169655284,369.20570000074804,75645
bsd68,test042,75,BM3D,23.462441525133883,0.6335797233299342,1526.683200005209,75645
bsd68,test043,5,Noisy,34.084090622427354,0.8853369213060969,0.0,5961
bsd68,test043,5,Gaussian,26.139029384844218,0.8808737872876472,715.1094999862835,5961
bsd68,test043,5,Median,29.554432155111957,0.9242722201033158,1696.6608999937307,5961
bsd68,test043,5,NLM,36.2070966183725,0.9502873106820636,328.4202000068035,5961
bsd68,test043,5,BM3D,38.23017342892431,0.9753548884322087,1776.2092000048142,5961
bsd68,test043,10,Noisy,28.172202029553787,0.7077806913063895,0.0,10961
bsd68,test043,10,Gaussian,26.022175880215027,0.8650488640354702,641.6916999733075,10961
bsd68,test043,10,Median,28.62003853663878,0.8649618412389731,1611.4227000216488,10961
bsd68,test043,10,NLM,32.144104373547705,0.8959136116677446,356.25809998600744,10961
bsd68,test043,10,BM3D,34.52447459966794,0.9481123973905545,1428.4572000033222,10961
bsd68,test043,15,Noisy,24.713051890750776,0.5716757202844025,0.0,15961
bsd68,test043,15,Gaussian,25.841029400190774,0.8409282124038046,643.4349999763072,15961
bsd68,test043,15,Median,27.56920273430955,0.791738224183983,1595.7803999772295,15961
bsd68,test043,15,NLM,29.871313113834212,0.8507424729722396,360.051099996781,15961
bsd68,test043,15,BM3D,32.34681297211103,0.9203928285767367,1543.1880000105593,15961
bsd68,test043,20,Noisy,22.33681195723058,0.478851998787997,0.0,20961
bsd68,test043,20,Gaussian,25.5944493792709,0.8124135628439834,657.3157999955583,20961
bsd68,test043,20,Median,26.48780989535483,0.7216875563806772,1612.5673000060488,20961
bsd68,test043,20,NLM,28.27020085879044,0.815977466551137,359.8212000215426,20961
bsd68,test043,20,BM3D,30.874723283060803,0.8963091674887975,1453.8122000230942,20961
bsd68,test043,25,Noisy,20.46150613792289,0.40891367801834655,0.0,25961
bsd68,test043,25,Gaussian,25.310883824052013,0.7830893052358561,659.9444999883417,25961
bsd68,test043,25,Median,25.403269157726047,0.6567249738515847,1588.853699999163,25961
bsd68,test043,25,NLM,26.891551499942004,0.7815745496353778,376.06330000562593,25961
bsd68,test043,25,BM3D,29.756144180455987,0.8757749240350495,1515.7406000071205,25961
bsd68,test043,30,Noisy,19.00377676249841,0.35720721057434196,0.0,30961
bsd68,test043,30,Gaussian,24.99222917032256,0.7506765032493988,644.6868999919388,30961
bsd68,test043,30,Median,24.40816887373474,0.598912239135805,1602.755799976876,30961
bsd68,test043,30,NLM,25.84376209603244,0.7544513124916052,364.59039998590015,30961
bsd68,test043,30,BM3D,28.75784253587269,0.8530043892433761,1425.8659000042826,30961
bsd68,test043,35,Noisy,17.79235199132415,0.31538750600989046,0.0,35961
bsd68,test043,35,Gaussian,24.59813605649009,0.7169293922780671,652.1124000137206,35961
bsd68,test043,35,Median,23.516147682619348,0.5489032512177825,1620.2994999766815,35961
bsd68,test043,35,NLM,24.854640185162303,0.722975530199269,374.2672000080347,35961
bsd68,test043,35,BM3D,27.846790084751454,0.8301498963930392,1555.1390000036918,35961
bsd68,test043,40,Noisy,16.752027564443917,0.28131561543512096,0.0,40961
bsd68,test043,40,Gaussian,24.21032286813621,0.6812048216878922,647.2836000029929,40961
bsd68,test043,40,Median,22.66859903006822,0.5029220538761534,1607.1030999883078,40961
bsd68,test043,40,NLM,24.058830522355965,0.6944034830587776,391.7051000171341,40961
bsd68,test043,40,BM3D,27.03182313874656,0.8059315162517564,1510.632399993483,40961
bsd68,test043,50,Noisy,15.041732356321642,0.22927576935729174,0.0,50961
bsd68,test043,50,Gaussian,23.325299900195265,0.6214051516250078,646.4097000134643,50961
bsd68,test043,50,Median,21.14278845999347,0.43018859007137217,1684.6412000013515,50961
bsd68,test043,50,NLM,22.507050399917972,0.636508286627911,375.97579997964203,50961
bsd68,test043,50,BM3D,25.60019171955027,0.7693758562839398,1474.0818999998737,50961
bsd68,test043,75,Noisy,12.149193779773599,0.1493627803025074,0.0,75961
bsd68,test043,75,Gaussian,21.18092083935968,0.49746874416284403,642.3777000163682,75961
bsd68,test043,75,Median,18.288983626435645,0.3112821696545031,1613.1725999875925,75961
bsd68,test043,75,NLM,19.96960993314796,0.5152650866701349,372.52939998870715,75961
bsd68,test043,75,BM3D,22.689847361756396,0.6866173127294208,1516.1827999982052,75961
bsd68,test044,5,Noisy,34.11446623717767,0.9059046317635749,0.0,5322
bsd68,test044,5,Gaussian,23.743311204077486,0.7027134531608676,651.3342999969609,5322
bsd68,test044,5,Median,25.452178337288018,0.8030160678130119,1731.3329000025988,5322
bsd68,test044,5,NLM,32.99234104661742,0.9299217158822567,338.9718999969773,5322
bsd68,test044,5,BM3D,36.448481563679216,0.9766447128458997,1728.505499981111,5322
bsd68,test044,10,Noisy,28.154740588417013,0.7615288624179224,0.0,10322
bsd68,test044,10,Gaussian,23.680660904572047,0.6893387787078891,670.124800002668,10322
bsd68,test044,10,Median,25.059472525925166,0.7517003512797898,1610.1038999913726,10322
bsd68,test044,10,NLM,28.38615956856545,0.8385388356787706,362.1924000035506,10322
bsd68,test044,10,BM3D,32.141359017283015,0.9443623247356008,1454.4493999856059,10322
bsd68,test044,15,Noisy,24.71486626820383,0.6453000494730594,0.0,15322
bsd68,test044,15,Gaussian,23.5810960571183,0.669696841903664,652.7261000010185,15322
bsd68,test044,15,Median,24.551615148750784,0.6923995145066434,1626.5603000065312,15322
bsd68,test044,15,NLM,25.988021448436367,0.7552874501485076,373.7519000133034,15322
bsd68,test044,15,BM3D,29.9084516145871,0.9087893200795865,1411.1129000084475,15322
bsd68,test044,20,Noisy,22.25076639410679,0.5528902331667827,0.0,20322
bsd68,test044,20,Gaussian,23.437806708145963,0.6459318378686225,635.1945000060368,20322
bsd68,test044,20,Median,23.939542730896743,0.6323303082561721,1635.8906000095885,20322
bsd68,test044,20,NLM,24.458456231477758,0.6817057215922704,402.4521000101231,20322
bsd68,test044,20,BM3D,28.27491890403592,0.8676295333438784,1568.4322000015527,20322
bsd68,test044,25,Noisy,20.380789519074423,0.47807393192244596,0.0,25322
bsd68,test044,25,Gaussian,23.27787035634831,0.6200775014183141,717.1694999851752,25322
bsd68,test044,25,Median,23.299109450401158,0.5757545457745169,1625.4092000017408,25322
bsd68,test044,25,NLM,23.59249953020797,0.629413095909364,369.4565999903716,25322
bsd68,test044,25,BM3D,27.112512125336153,0.8263393272734045,1607.930199999828,25322
bsd68,test044,30,Noisy,18.864881694417058,0.4160124672909204,0.0,30322
bsd68,test044,30,Gaussian,23.052011490504704,0.5915998776932645,650.4902000015136,30322
bsd68,test044,30,Median,22.632563236411322,0.5253950226113991,1621.6809999896213,30322
bsd68,test044,30,NLM,22.930996036230987,0.5852183185764408,365.70719999144785,30322
bsd68,test044,30,BM3D,26.077070251132405,0.7830862099370521,1598.7320000131149,30322
bsd68,test044,35,Noisy,17.639092110165887,0.36498034856738926,0.0,35322
bsd68,test044,35,Gaussian,22.837385496193264,0.56468495126313,674.347200023476,35322
bsd68,test044,35,Median,21.97989734880718,0.4828188802553442,1679.7079000098165,35322
bsd68,test044,35,NLM,22.464142014589115,0.5520026868540318,377.1394999930635,35322
bsd68,test044,35,BM3D,25.23363636691617,0.7409065055474034,2353.6051000119187,35322
bsd68,test044,40,Noisy,16.569011776631342,0.32198519167235673,0.0,40322
bsd68,test044,40,Gaussian,22.58798441992075,0.5440894521524614,750.0154000008479,40322
bsd68,test044,40,Median,21.369963656367617,0.4447038404267433,1659.4296999974176,40322
bsd68,test044,40,NLM,22.072586866792264,0.5234183050373771,376.83260001358576,40322
bsd68,test044,40,BM3D,24.539445810122963,0.7054018168932615,1513.2641000091098,40322
bsd68,test044,50,Noisy,14.885687666090917,0.25497651207839184,0.0,50322
bsd68,test044,50,Gaussian,22.07746238778771,0.49870430471785954,652.3959999904037,50322
bsd68,test044,50,Median,20.20406705618035,0.38371572607788085,1601.6118000261486,50322
bsd68,test044,50,NLM,21.52061282434831,0.4787133378578573,371.5522999991663,50322
bsd68,test044,50,BM3D,23.45904472448542,0.6387410205652339,1938.9966999879107,50322
bsd68,test044,75,Noisy,12.032609510277307,0.15395304678798835,0.0,75322
bsd68,test044,75,Gaussian,20.49360320573582,0.3963499953806397,654.7441000002436,75322
bsd68,test044,75,Median,17.689024688307093,0.2666152481873986,1623.510899982648,75322
bsd68,test044,75,NLM,20.385634282307727,0.4017075148543235,360.6734999921173,75322
bsd68,test044,75,BM3D,21.346154808216326,0.505918747129104,1483.1201000197325,75322
bsd68,test045,5,Noisy,34.09071147173541,0.803912471961409,0.0,5580
bsd68,test045,5,Gaussian,32.89823659443734,0.8587549967884333,636.8344999791589,5580
bsd68,test045,5,Median,34.616515060715486,0.8766182274698106,1640.5733000137843,5580
bsd68,test045,5,NLM,37.34951661998193,0.9334499765772677,386.2000999797601,5580
bsd68,test045,5,BM3D,39.66433241512793,0.9628115549300635,1518.102000001818,5580
bsd68,test045,10,Noisy,28.110476952661955,0.5412912595680289,0.0,10580
bsd68,test045,10,Gaussian,32.40446886553621,0.8310102782838397,637.4578999821097,10580
bsd68,test045,10,Median,32.457539095445995,0.7794440863598596,1708.8095000071917,10580
bsd68,test045,10,NLM,33.7710860169306,0.867437113215297,365.94590000458993,10580
bsd68,test045,10,BM3D,36.59619605731605,0.9277509223849314,1813.042800000403,10580
bsd68,test045,15,Noisy,24.617149768301367,0.3738844944131566,0.0,15580
bsd68,test045,15,Gaussian,31.742114812833616,0.790782591504122,668.553299998166,15580
bsd68,test045,15,Median,30.40483223091506,0.6697931616029065,1654.2733000242151,15580
bsd68,test045,15,NLM,32.335294722629314,0.829478627288899,370.44430000241846,15580
bsd68,test045,15,BM3D,34.91794837327923,0.8959276769164957,1582.3426999850199,15580
bsd68,test045,20,Noisy,22.103721935821504,0.2690450710791607,0.0,20580
bsd68,test045,20,Gaussian,30.938435803511545,0.7430994637753064,651.8369000114035,20580
bsd68,test045,20,Median,28.627415285460653,0.5672300389816719,1620.5811999971047,20580
bsd68,test045,20,NLM,31.285575065363705,0.8003749675678665,376.99720001546666,20580
bsd68,test045,20,BM3D,33.7861562453929,0.8706067751086628,1917.9561999917496,20580
bsd68,test045,25,Noisy,20.200507864697034,0.20257829596435156,0.0,25580
bsd68,test045,25,Gaussian,30.110154336834988,0.6956317714093989,732.1489000169095,25580
bsd68,test045,25,Median,27.088971261438218,0.48106515336848926,1739.7526999993715,25580
bsd68,test045,25,NLM,30.513513013160583,0.7756277466020601,364.6994000009727,25580
bsd68,test045,25,BM3D,32.86968810106316,0.8457518546760243,1856.647000007797,25580
bsd68,test045,30,Noisy,18.631260495451627,0.15704583829900892,0.0,30580
bsd68,test045,30,Gaussian,29.243596206190425,0.6392979261954828,739.8571000085212,30580
bsd68,test045,30,Median,25.69264675198521,0.40542183816716826,1741.0665999923367,30580
bsd68,test045,30,NLM,29.989932434587452,0.7549283395107002,407.596500008367,30580
bsd68,test045,30,BM3D,32.299325061598296,0.8295283377800919,2092.7162999869324,30580
bsd68,test045,35,Noisy,17.34402669768473,0.12660049604289528,0.0,35580
bsd68,test045,35,Gaussian,28.487400229751884,0.5951073667099138,645.7979999831878,35580
bsd68,test045,35,Median,24.572251000725128,0.3488091718133932,1677.4026000057347,35580
bsd68,test045,35,NLM,29.520635332667865,0.7354456027383508,371.36560000362806,35580
bsd68,test045,35,BM3D,31.740775760130056,0.8125914808035407,1850.7637000002433,35580
bsd68,test045,40,Noisy,16.20807210679979,0.10255233866921748,0.0,40580
bsd68,test045,40,Gaussian,27.697748383238554,0.5468912848137446,671.0277000092901,40580
bsd68,test045,40,Median,23.46505626516539,0.30154716180798746,1625.1273999805562,40580
bsd68,test045,40,NLM,29.145612564541437,0.7153289829164944,365.0218000111636,40580
bsd68,test045,40,BM3D,31.356088440416478,0.7980922929640437,1780.197499989299,40580
bsd68,test045,50,Noisy,14.42180332494302,0.07278986939022206,0.0,50580
bsd68,test045,50,Gaussian,26.31082745574115,0.4679712115265751,688.7697000056505,50580
bsd68,test045,50,Median,21.662367130146855,0.2289647931609521,1623.1896000099368,50580
bsd68,test045,50,NLM,28.46233469353374,0.6781561952181666,360.55479999049567,50580
bsd68,test045,50,BM3D,30.520937659814066,0.77482210313762,1541.1222999973688,50580
bsd68,test045,75,Noisy,11.577223104893626,0.03870820718381832,0.0,75580
bsd68,test045,75,Gaussian,23.663822800549383,0.33906487902539634,645.5886000185274,75580
bsd68,test045,75,Median,18.31106469049802,0.12914130708647387,1614.5194999990053,75580
bsd68,test045,75,NLM,27.013934874539043,0.6010297879003255,377.05589999677613,75580
bsd68,test045,75,BM3D,28.617899884160334,0.7309903814459702,1718.5729999910109,75580
bsd68,test046,5,Noisy,34.150590145082255,0.9491081152844703,0.0,5232
bsd68,test046,5,Gaussian,22.034048104666226,0.6714459758238169,701.8708999967203,5232
bsd68,test046,5,Median,24.486831352111405,0.7947160240478016,1672.6119999948423,5232
bsd68,test046,5,NLM,30.99995584749537,0.8635706924136455,335.53790001315065,5232
bsd68,test046,5,BM3D,35.25015035520782,0.9658594784473981,1436.65710001369,5232
bsd68,test046,10,Noisy,28.223051937921767,0.8450353665060634,0.0,10232
bsd68,test046,10,Gaussian,21.982365975788987,0.6651392042864586,641.0737999831326,10232
bsd68,test046,10,Median,24.18514913865596,0.7667370352874949,1613.3410000184085,10232
bsd68,test046,10,NLM,27.718391314178884,0.7848502870230956,367.616099974839,10232
bsd68,test046,10,BM3D,30.83304046047692,0.9084011110398114,1582.74579999852,10232
bsd68,test046,15,Noisy,24.737352321025483,0.7379101228631322,0.0,15232
bsd68,test046,15,Gaussian,21.894550320413288,0.6546928731804297,818.4496999892872,15232
bsd68,test046,15,Median,23.7337976941199,0.7284933958303376,1641.4497999940068,15232
bsd68,test046,15,NLM,25.713262365388474,0.7164165414298309,373.3033000025898,15232
bsd68,test046,15,BM3D,28.50058924794927,0.853203127227245,1523.3837999985553,15232
bsd68,test046,20,Noisy,22.24415041038325,0.6453612009541401,0.0,20232
bsd68,test046,20,Gaussian,21.78841811018145,0.6432819634550768,661.3439999928232,20232
bsd68,test046,20,Median,23.220942525109077,0.6911712783858202,1670.1132000016514,20232
bsd68,test046,20,NLM,24.3170651810733,0.6617673061368775,371.96220000623725,20232
bsd68,test046,20,BM3D,26.89784375204177,0.8040057731842672,1735.6802999856882,20232
bsd68,test046,25,Noisy,20.35392728879095,0.5672161852747588,0.0,25232
bsd68,test046,25,Gaussian,21.639789743472203,0.6277932654583155,671.876299980795,25232
bsd68,test046,25,Median,22.625023905454597,0.6474837919751402,1616.8166999996174,25232
bsd68,test046,25,NLM,23.211122853623838,0.6154490411425868,377.910500013968,25232
bsd68,test046,25,BM3D,25.690171995037545,0.7591134370818836,1517.4927999905776,25232
bsd68,test046,30,Noisy,18.855498989462337,0.5028126913724611,0.0,30232
bsd68,test046,30,Gaussian,21.47546387570117,0.6084331763363696,666.2924000120256,30232
bsd68,test046,30,Median,22.050402868390083,0.6075903833428784,1656.7213999805972,30232
bsd68,test046,30,NLM,22.385181793157884,0.57707187701069,381.88800000352785,30232
bsd68,test046,30,BM3D,24.792311898689604,0.7181699176820476,1613.701000023866,30232
bsd68,test046,35,Noisy,17.593120475845815,0.4492709775980933,0.0,35232
bsd68,test046,35,Gaussian,21.298806662438796,0.5932574368964466,652.691600000253,35232
bsd68,test046,35,Median,21.485797956797676,0.5743523658257835,1632.9135999840219,35232
bsd68,test046,35,NLM,21.585035673372257,0.5384070895613176,374.81840001419187,35232
bsd68,test046,35,BM3D,24.049332488622266,0.6843640662528911,1454.515999997966,35232
bsd68,test046,40,Noisy,16.532298968464158,0.4027379276705096,0.0,40232
bsd68,test046,40,Gaussian,21.10115425700721,0.5758476967418502,643.519200006267,40232
bsd68,test046,40,Median,20.8985989794949,0.5397290135571046,1723.1272000062745,40232
bsd68,test046,40,NLM,21.016006507836956,0.5105619476928613,428.3304999989923,40232
bsd68,test046,40,BM3D,23.357769799887027,0.6513756937458208,1782.7048000181094,40232
bsd68,test046,50,Noisy,14.81356527880492,0.33121389373661336,0.0,50232
bsd68,test046,50,Gaussian,20.663242268243607,0.5381412318008084,645.3941000218038,50232
bsd68,test046,50,Median,19.778474319644673,0.4757737397675028,1597.960899991449,50232
bsd68,test046,50,NLM,20.089554960105115,0.45849725505072525,424.1117999772541,50232
bsd68,test046,50,BM3D,22.180466718408493,0.5883282046180998,1503.0032000213396,50232
bsd68,test046,75,Noisy,11.972012506097924,0.22057231865434512,0.0,75232
bsd68,test046,75,Gaussian,19.46728673437833,0.45684803754781295,655.1785000192467,75232
bsd68,test046,75,Median,17.392224483533013,0.36335858133628085,1812.4077999964356,75232
bsd68,test046,75,NLM,18.62882983727434,0.36922700402487146,391.96439998340793,75232
bsd68,test046,75,BM3D,20.130327167756747,0.4690902793695378,2087.431899999501,75232
bsd68,test047,5,Noisy,34.08253332933362,0.9525727665478017,0.0,5711
bsd68,test047,5,Gaussian,24.505532112763966,0.7118872892028417,699.5561000076123,5711
bsd68,test047,5,Median,26.3105555362581,0.8159037555167462,1626.3801000022795,5711
bsd68,test047,5,NLM,32.00419322929773,0.9112202758351757,330.10149997426197,5711
bsd68,test047,5,BM3D,35.550468538427346,0.9725497854231357,2342.89249998983,5711
bsd68,test047,10,Noisy,28.121028709699832,0.8481700753264395,0.0,10711
bsd68,test047,10,Gaussian,24.435008347990017,0.7061052879416199,640.4013999854214,10711
bsd68,test047,10,Median,25.865490609473646,0.7870178935683714,1637.9396000120323,10711
bsd68,test047,10,NLM,27.732391804311035,0.8057634288871963,388.90429999446496,10711
bsd68,test047,10,BM3D,31.22238111727713,0.9281986575646113,1840.1347000035457,10711
bsd68,test047,15,Noisy,24.59810937071101,0.7320317908836884,0.0,15711
bsd68,test047,15,Gaussian,24.317866036954925,0.6960626248633657,699.6220000146423,15711
bsd68,test047,15,Median,25.253958406648277,0.7491748162360604,1697.822999994969,15711
bsd68,test047,15,NLM,25.502918084152498,0.7097252297447848,381.72099998337217,15711
bsd68,test047,15,BM3D,28.880730440256038,0.8763977822906818,1496.2453999905847,15711
bsd68,test047,20,Noisy,22.113710806825907,0.6267813067636279,0.0,20711
bsd68,test047,20,Gaussian,24.167092993169778,0.6834865249791746,653.000799997244,20711
bsd68,test047,20,Median,24.585125879865707,0.7084469341111997,1732.6652000192553,20711
bsd68,test047,20,NLM,24.14217114290361,0.6295714294919331,425.182400009362,20711
bsd68,test047,20,BM3D,27.312671342812976,0.8233749429049927,1698.6457000020891,20711
bsd68,test047,25,Noisy,20.196056139887585,0.5366317095871815,0.0,25711
bsd68,test047,25,Gaussian,23.968851891423697,0.6690970581990021,656.5835999790579,25711
bsd68,test047,25,Median,23.87420686148518,0.6651002868020498,1644.093899987638,25711
bsd68,test047,25,NLM,23.25392459597297,0.5711563722187324,403.07089997804724,25711
bsd68,test047,25,BM3D,26.15530369406017,0.7749656587098169,1520.5637000035495,25711
bsd68,test047,30,Noisy,18.652071930714115,0.45965501565237005,0.0,30711
bsd68,test047,30,Gaussian,23.71736393725355,0.6493895684094037,636.7788999923505,30711
bsd68,test047,30,Median,23.125730005229922,0.6198063933860207,1630.8524999767542,30711
bsd68,test047,30,NLM,22.639886803970896,0.5224420194566037,380.05179999163374,30711
bsd68,test047,30,BM3D,25.25244371591978,0.7251164963825731,1529.8720999853685,30711
bsd68,test047,35,Noisy,17.361132235942012,0.39947209534282585,0.0,35711
bsd68,test047,35,Gaussian,23.481882874483027,0.6329349840484428,672.3180999979377,35711
bsd68,test047,35,Median,22.431202745660226,0.5791478490488949,1639.3877000082284,35711
bsd68,test047,35,NLM,22.15602416298919,0.48506913354936976,370.36890001036227,35711
bsd68,test047,35,BM3D,24.566421887909648,0.6839605091575508,1562.2024000040255,35711
bsd68,test047,40,Noisy,16.263972444497586,0.34853250336631975,0.0,40711
bsd68,test047,40,Gaussian,23.208485242922073,0.6126861695836571,648.9182999939658,40711
bsd68,test047,40,Median,21.724003246817794,0.5385149959799798,1673.718200006988,40711
bsd68,test047,40,NLM,21.828916568894066,0.45546489220935094,424.0888000058476,40711
bsd68,test047,40,BM3D,24.032085208429255,0.6472603328791801,1719.7330000053626,40711
bsd68,test047,50,Noisy,14.533261764145912,0.2723184854264947,0.0,50711
bsd68,test047,50,Gaussian,22.64525776630302,0.5725794250199986,649.3351999961305,50711
bsd68,test047,50,Median,20.468855436917778,0.4696347798517954,1637.5058999983594,50711
bsd68,test047,50,NLM,21.288248783350912,0.40734783058683055,374.0321999939624,50711
bsd68,test047,50,BM3D,23.215514936538103,0.5849953413509379,1557.7593999914825,50711
bsd68,test047,75,Noisy,11.644243615500134,0.15916132016813433,0.0,75711
bsd68,test047,75,Gaussian,21.236529559357965,0.47329964934150975,687.7914999786299,75711
bsd68,test047,75,Median,17.713704855561133,0.32666421848655164,1636.3683000090532,75711
bsd68,test047,75,NLM,20.415211228279087,0.3261531236922301,369.6551000175532,75711
bsd68,test047,75,BM3D,21.637631863874184,0.438848343949068,1553.1478000048082,75711
bsd68,test048,5,Noisy,34.31146904116612,0.8950442985054424,0.0,5706
bsd68,test048,5,Gaussian,24.680015506122857,0.8634601331266092,649.6108999999706,5706
bsd68,test048,5,Median,29.324837391483616,0.9267860147827912,1623.2157000049483,5706
bsd68,test048,5,NLM,36.795655685325286,0.9687647089380466,323.3892999996897,5706
bsd68,test048,5,BM3D,38.08062786107533,0.9815775253716585,1451.7703999881633,5706
bsd68,test048,10,Noisy,28.452080309726743,0.7444584711033896,0.0,10706
bsd68,test048,10,Gaussian,24.53709651781168,0.8477586627915871,668.9020000048913,10706
bsd68,test048,10,Median,28.39640790706524,0.8719638635090651,1677.9616000130773,10706
bsd68,test048,10,NLM,32.1449669507693,0.9289054187393816,375.26210001669824,10706
bsd68,test048,10,BM3D,34.095893680695525,0.9624500837223552,2562.298100005137,10706
bsd68,test048,15,Noisy,25.025326148461097,0.6304428565670576,0.0,15706
bsd68,test048,15,Gaussian,24.337678963946704,0.8260917282605312,654.0340000065044,15706
bsd68,test048,15,Median,27.343919807076528,0.8070569276682875,1650.4543999908492,15706
bsd68,test048,15,NLM,29.46459884193294,0.8872545986070794,355.3198000008706,15706
bsd68,test048,15,BM3D,31.687521978172253,0.9414471656864953,2093.943699990632,15706
bsd68,test048,20,Noisy,22.63528089795521,0.5487683031091551,0.0,20706
bsd68,test048,20,Gaussian,24.082244748717127,0.8005623203382756,658.6103999870829,20706
bsd68,test048,20,Median,26.281747160072474,0.7456025800903457,1933.3233999786898,20706
bsd68,test048,20,NLM,27.45726842353254,0.8454430790777255,361.54520002310164,20706
bsd68,test048,20,BM3D,29.892833575161262,0.9217316913420596,1441.1026999878231,20706
bsd68,test048,25,Noisy,20.794910551404836,0.4842124648126871,0.0,25706
bsd68,test048,25,Gaussian,23.793514772085757,0.7712133409669218,640.0100000028033,25706
bsd68,test048,25,Median,25.247895714404418,0.6893041250787727,1750.6028999923728,25706
bsd68,test048,25,NLM,26.06978913967879,0.8069424188366212,375.0374999945052,25706
bsd68,test048,25,BM3D,28.480393282782078,0.898521371327871,1623.8962000061292,25706
bsd68,test048,30,Noisy,19.329356011625883,0.43336244943460145,0.0,30706
bsd68,test048,30,Gaussian,23.443792343944608,0.7416475316900011,756.4216000027955,30706
bsd68,test048,30,Median,24.34467012827952,0.6406859496038155,1653.3655000093859,30706
bsd68,test048,30,NLM,24.998207276353803,0.774168153738895,367.3697999911383,30706
bsd68,test048,30,BM3D,27.316684434614366,0.8777683153117185,1761.570800008485,30706
bsd68,test048,35,Noisy,18.097697406620437,0.39112373503004066,0.0,35706
bsd68,test048,35,Gaussian,23.108550288096026,0.7177920985719627,693.0378999968525,35706
bsd68,test048,35,Median,23.425269258677726,0.598393273681857,1702.7568999910727,35706
bsd68,test048,35,NLM,24.007449480381613,0.7419776225597223,376.5041000151541,35706
bsd68,test048,35,BM3D,26.287164010653537,0.8551844566318962,1812.2360999986995,35706
bsd68,test048,40,Noisy,17.000113548520083,0.35330062748251034,0.0,40706
bsd68,test048,40,Gaussian,22.692791133267775,0.6880033604403037,750.0477000139654,40706
bsd68,test048,40,Median,22.623723825198265,0.5588662286419617,1617.404099990381,40706
bsd68,test048,40,NLM,23.0992372786439,0.710110792790738,381.0829999856651,40706
bsd68,test048,40,BM3D,25.384553942587857,0.8326509500536626,1516.647499985993,40706
bsd68,test048,50,Noisy,15.306599720459195,0.2966656186818047,0.0,50706
bsd68,test048,50,Gaussian,21.877509736292247,0.6376018956673088,646.1720999795943,50706
bsd68,test048,50,Median,21.13540688745383,0.492045157726093,1687.965399993118,50706
bsd68,test048,50,NLM,21.50701721534633,0.6515322947423718,380.7479999959469,50706
bsd68,test048,50,BM3D,23.857522265685233,0.7898502167871411,2062.0828999963123,50706
bsd68,test048,75,Noisy,12.359991649858513,0.20274550737870575,0.0,75706
bsd68,test048,75,Gaussian,19.86025867937179,0.5297527171741478,648.5418000083882,75706
bsd68,test048,75,Median,18.400380927281052,0.38138196602916874,1612.3837000050116,75706
bsd68,test048,75,NLM,18.659461593736264,0.5187686190441032,367.20590002369136,75706
bsd68,test048,75,BM3D,21.028245177049982,0.6993081894899583,1519.149700005073,75706
bsd68,test049,5,Noisy,34.404321470885364,0.8478327991748998,0.0,5364
bsd68,test049,5,Gaussian,30.775238305827102,0.8391811325392172,644.7167999867816,5364
bsd68,test049,5,Median,32.57072206808277,0.8641405872627828,1623.0805999948643,5364
bsd68,test049,5,NLM,35.57546190744178,0.8987482798159637,379.11000000895,5364
bsd68,test049,5,BM3D,37.60527277096331,0.9450084608536814,1481.4488999836612,5364
bsd68,test049,10,Noisy,28.471040961281716,0.6165815561684364,0.0,10364
bsd68,test049,10,Gaussian,30.311096186459018,0.8189000723839394,641.3327999762259,10364
bsd68,test049,10,Median,31.186479685686912,0.7901261296254335,1625.698799995007,10364
bsd68,test049,10,NLM,32.532517177727655,0.8429560625539827,364.5046000019647,10364
bsd68,test049,10,BM3D,33.95857870963467,0.8857306756725929,1427.0862999837846,10364
bsd68,test049,15,Noisy,24.973380047216267,0.44612857754572854,0.0,15364
bsd68,test049,15,Gaussian,29.67758080448394,0.7876510968590666,635.4850999778137,15364
bsd68,test049,15,Median,29.665766861726574,0.7012086855619318,1661.9172999926377,15364
bsd68,test049,15,NLM,30.874585193841973,0.809819084304531,361.8856999964919,15364
bsd68,test049,15,BM3D,32.031901724929355,0.8447129645097369,1525.8402999897953,15364
bsd68,test049,20,Noisy,22.495675753306084,0.3346972578257627,0.0,20364
bsd68,test049,20,Gaussian,28.959323494348798,0.7519667743902538,637.342300004093,20364
bsd68,test049,20,Median,28.189848580098538,0.612399168318227,1610.5591999948956,20364
bsd68,test049,20,NLM,29.72431854499858,0.7858800933188729,383.22650000918657,20364
bsd68,test049,20,BM3D,30.80693164224249,0.8208681991988341,1500.0466000055894,20364
bsd68,test049,25,Noisy,20.625995350340123,0.25999975105631484,0.0,25364
bsd68,test049,25,Gaussian,28.179793242566163,0.7141792777439419,639.609300007578,25364
bsd68,test049,25,Median,26.895892847554997,0.5362614537310262,1613.7820000003558,25364
bsd68,test049,25,NLM,28.737925929970586,0.7634211800008495,360.52699998253956,25364
bsd68,test049,25,BM3D,29.807034615867853,0.8013091907814865,2082.056699990062,25364
bsd68,test049,30,Noisy,19.127018822141334,0.209141764418533,0.0,30364
bsd68,test049,30,Gaussian,27.388641983077786,0.6712873895447895,647.7411999949254,30364
bsd68,test049,30,Median,25.61482159233217,0.4663071086712701,1632.4984999955632,30364
bsd68,test049,30,NLM,27.895751054775452,0.7418004065244743,378.40200000209734,30364
bsd68,test049,30,BM3D,28.95601269027706,0.782943530839863,1534.3427000043448,30364
bsd68,test049,35,Noisy,17.90773946923284,0.17372997992776665,0.0,35364
bsd68,test049,35,Gaussian,26.622169197262814,0.6326149046335376,648.9291999896523,35364
bsd68,test049,35,Median,24.57178146846656,0.4111879973435327,1725.193100020988,35364
bsd68,test049,35,NLM,27.128620668616104,0.7223813151615918,364.0832999954,35364
bsd68,test049,35,BM3D,28.17056013546378,0.7713312703288232,1566.9611000048462,35364
bsd68,test049,40,Noisy,16.84783747360933,0.14384405077979318,0.0,40364
bsd68,test049,40,Gaussian,25.915038151477695,0.594688264509128,641.7459000076633,40364
bsd68,test049,40,Median,23.591336630753993,0.36205069361252656,1612.5457999878563,40364
bsd68,test049,40,NLM,26.472335491733382,0.7026087224924088,367.0757999934722,40364
bsd68,test049,40,BM3D,27.538560962813623,0.7582677126547808,1891.730200004531,40364
bsd68,test049,50,Noisy,15.113857439465564,0.1064727438647548,0.0,50364
bsd68,test049,50,Gaussian,24.483061812842024,0.5236274855038223,649.8196999891661,50364
bsd68,test049,50,Median,21.93806827231846,0.28988827391440625,1622.8295000037178,50364
bsd68,test049,50,NLM,25.255306064120163,0.6675137679262086,359.91440000361763,50364
bsd68,test049,50,BM3D,26.242384444033036,0.7381126180060043,1477.8993999934755,50364
bsd68,test049,75,Noisy,12.17823808179735,0.059313567362228516,0.0,75364
bsd68,test049,75,Gaussian,21.554677940509617,0.39784996856622085,628.6809000011999,75364
bsd68,test049,75,Median,18.710920394726998,0.1784533874848302,1778.2595999888144,75364
bsd68,test049,75,NLM,22.64383488929421,0.594250003054033,386.37709998874925,75364
bsd68,test049,75,BM3D,23.367836455391902,0.6971385144949359,1509.7114000236616,75364
bsd68,test050,5,Noisy,34.27148865355533,0.9375078834638392,0.0,5182
bsd68,test050,5,Gaussian,24.20890674197045,0.6746614306350875,637.6845999911893,5182
bsd68,test050,5,Median,25.78022981233138,0.7709669705153246,1626.3449999969453,5182
bsd68,test050,5,NLM,32.018130365241,0.8904269108907347,328.9378999907058,5182
bsd68,test050,5,BM3D,35.51330308561416,0.9675623081626838,1545.4530999995768,5182
bsd68,test050,10,Noisy,28.325521138526376,0.8151220008776614,0.0,10182
bsd68,test050,10,Gaussian,24.119278722942354,0.6675558457354923,640.843799978029,10182
bsd68,test050,10,Median,25.389236187597426,0.7368904247608036,1653.1111000222154,10182
bsd68,test050,10,NLM,28.295420379360007,0.800611334641939,355.1969999971334,10182
bsd68,test050,10,BM3D,31.0980516343977,0.9131288293917796,1537.7716999792028,10182
bsd68,test050,15,Noisy,24.913137158860906,0.6960735108858548,0.0,15182
bsd68,test050,15,Gaussian,23.983772418613633,0.6549969337280406,642.2067999956198,15182
bsd68,test050,15,Median,24.882950176373456,0.6924236769570744,1660.3587999998126,15182
bsd68,test050,15,NLM,26.284538676056478,0.7269811283948688,358.24120001052506,15182
bsd68,test050,15,BM3D,28.741690919129162,0.8542367614662836,1486.1701999907382,15182
bsd68,test050,20,Noisy,22.40222356441636,0.592430687491648,0.0,20182
bsd68,test050,20,Gaussian,23.77644098003648,0.6392381953493012,647.0387000008486,20182
bsd68,test050,20,Median,24.217485828717468,0.6430300126549928,1646.5434999845456,20182
bsd68,test050,20,NLM,24.948190277057854,0.6705006006156345,367.08970001200214,20182
bsd68,test050,20,BM3D,27.148887849638648,0.8011675724897032,1718.2392999820877,20182
bsd68,test050,25,Noisy,20.48548077457001,0.50762722625965,0.0,25182
bsd68,test050,25,Gaussian,23.522486378356287,0.6186843267362979,659.619299985934,25182
bsd68,test050,25,Median,23.534551006604396,0.5952265522632919,1604.6726999920793,25182
bsd68,test050,25,NLM,24.041501017923352,0.6275162961997297,370.9971999924164,25182
bsd68,test050,25,BM3D,26.002820557072873,0.7538135116482697,1924.9758999794722,25182
bsd68,test050,30,Noisy,19.0016832976066,0.4387717478671117,0.0,30182
bsd68,test050,30,Gaussian,23.275845936923428,0.6015880258643816,674.9925999902189,30182
bsd68,test050,30,Median,22.935650965139892,0.5561543322220218,1607.960000023013,30182
bsd68,test050,30,NLM,23.320463610107506,0.589491899586178,369.25430002156645,30182
bsd68,test050,30,BM3D,25.157319920654487,0.7094127910743131,1488.3651999989524,30182
bsd68,test050,35,Noisy,17.754057081868247,0.3828920095863073,0.0,35182
bsd68,test050,35,Gaussian,22.968048456178224,0.5780916716184505,654.6404999971855,35182
bsd68,test050,35,Median,22.275710206494534,0.5136107550812177,1672.1269999979995,35182
bsd68,test050,35,NLM,22.760000706558408,0.5595457202915325,382.7132000005804,35182
bsd68,test050,35,BM3D,24.496618111066994,0.6713487774092637,1588.6948000115808,35182
bsd68,test050,40,Noisy,16.668278679117535,0.33695534445568387,0.0,40182
bsd68,test050,40,Gaussian,22.663850435567852,0.5607830474084476,649.5752000191715,40182
bsd68,test050,40,Median,21.64438456472095,0.47687515694988636,1665.520300011849,40182
bsd68,test050,40,NLM,22.250372671635787,0.5334971020689343,381.3456999778282,40182
bsd68,test050,40,BM3D,23.911210304307108,0.6443808915673849,2336.115600017365,40182
bsd68,test050,50,Noisy,14.925709755256772,0.263671444645732,0.0,50182
bsd68,test050,50,Gaussian,21.963948311336242,0.5212554021764133,765.9128000086639,50182
bsd68,test050,50,Median,20.452435356532796,0.41615375291066276,1648.3397000120021,50182
bsd68,test050,50,NLM,21.410930768174214,0.4882047041781611,368.8766000268515,50182
bsd68,test050,50,BM3D,22.943250245821417,0.5907686059192729,1493.1187000183854,50182
bsd68,test050,75,Noisy,12.046807727743278,0.16280274399019676,0.0,75182
bsd68,test050,75,Gaussian,20.224923848904822,0.43241296565741527,632.9810000024736,75182
bsd68,test050,75,Median,17.883421304370753,0.29994012767561157,1605.9883999987505,75182
bsd68,test050,75,NLM,19.831801654975585,0.4145864986801022,361.7122999858111,75182
bsd68,test050,75,BM3D,21.087102144627167,0.5020789305779091,1846.819600003073,75182
bsd68,test051,5,Noisy,34.13058499778792,0.9089254631652077,0.0,5684
bsd68,test051,5,Gaussian,21.916369346764082,0.7358334643352742,635.1568000100087,5684
bsd68,test051,5,Median,25.542362849093465,0.8319420106464746,1623.6744000052568,5684
bsd68,test051,5,NLM,33.11369389063098,0.8832736340899517,338.4041000099387,5684
bsd68,test051,5,BM3D,36.55446361762852,0.9673028364490275,1423.2290999789257,5684
bsd68,test051,10,Noisy,28.176004930350334,0.7517731983346967,0.0,10684
bsd68,test051,10,Gaussian,21.859582952179014,0.7235954940466016,642.482099996414,10684
bsd68,test051,10,Median,25.134823982616766,0.7864304271938137,1599.0907000086736,10684
bsd68,test051,10,NLM,29.98841186271011,0.8129050636367943,343.3361000206787,10684
bsd68,test051,10,BM3D,32.31642236156738,0.9122556579449208,1542.7805999934208,10684
bsd68,test051,15,Noisy,24.676745481390007,0.6201318213051217,0.0,15684
bsd68,test051,15,Gaussian,21.77800047091509,0.7048640110232242,666.5842000220437,15684
bsd68,test051,15,Median,24.565232524004784,0.7271703724199791,1663.4943999815732,15684
bsd68,test051,15,NLM,27.879934161101048,0.7622224528928158,394.10080001107417,15684
bsd68,test051,15,BM3D,30.07942580984516,0.8579114483050457,1506.2036000017542,15684
bsd68,test051,20,Noisy,22.16028112827154,0.5191623955944675,0.0,20684
bsd68,test051,20,Gaussian,21.670847605258864,0.6804706242957541,639.3566000042483,20684
bsd68,test051,20,Median,23.89262947451482,0.6645833854727256,1687.3668999760412,20684
bsd68,test051,20,NLM,26.286494927509207,0.7196117266962964,365.6545999983791,20684
bsd68,test051,20,BM3D,28.600636659565843,0.8137632591369265,1469.0189999819268,20684
bsd68,test051,25,Noisy,20.24076887416038,0.44662530801582806,0.0,25684
bsd68,test051,25,Gaussian,21.550502581484952,0.6552801678187342,650.1780000107829,25684
bsd68,test051,25,Median,23.23263362233035,0.6083119581031914,1743.342500005383,25684
bsd68,test051,25,NLM,25.047975021378157,0.6843631436542198,369.93849999271333,25684
bsd68,test051,25,BM3D,27.570575665069207,0.7846471527026374,1715.5954999907408,25684
bsd68,test051,30,Noisy,18.707524449645668,0.3907405604888228,0.0,30684
bsd68,test051,30,Gaussian,21.371445385704572,0.62657491895832,636.5050000022165,30684
bsd68,test051,30,Median,22.47791634192842,0.5525710788898628,1644.2865999997593,30684
bsd68,test051,30,NLM,23.99988118003045,0.6522884383594382,379.6104000066407,30684
bsd68,test051,30,BM3D,26.575242749989787,0.7558840950208369,2250.860100000864,30684
bsd68,test051,35,Noisy,17.379583544766927,0.3469549099609029,0.0,35684
bsd68,test051,35,Gaussian,21.207898762300083,0.5965880368426387,696.2526999996044,35684
bsd68,test051,35,Median,21.81662393870115,0.506110943358254,1665.7139000017196,35684
bsd68,test051,35,NLM,23.28059483542539,0.6254640114702443,373.4298000053968,35684
bsd68,test051,35,BM3D,25.910994874225082,0.7331506630677604,1475.1173999975435,35684
bsd68,test051,40,Noisy,16.329976306091837,0.31341754037208974,0.0,40684
bsd68,test051,40,Gaussian,21.038712687618872,0.5688145141856522,640.2500999975018,40684
bsd68,test051,40,Median,21.207331353871655,0.4680229545576093,1632.6433000213,40684
bsd68,test051,40,NLM,22.606975573870777,0.5999849603340832,367.60870000580326,40684
bsd68,test051,40,BM3D,25.214427784819613,0.7067022884690971,1474.162600003183,40684
bsd68,test051,50,Noisy,14.513163125593788,0.26106983584848004,0.0,50684
bsd68,test051,50,Gaussian,20.625961525141605,0.5168366160870014,633.2693999866024,50684
bsd68,test051,50,Median,19.917019343088864,0.3980871568328363,1603.2890999922529,50684
bsd68,test051,50,NLM,21.354938898496975,0.5524997130243463,370.3959000122268,50684
bsd68,test051,50,BM3D,24.14432527605689,0.6744914397264116,1449.8671000183094,50684
bsd68,test051,75,Noisy,11.685642185872931,0.1818538194819216,0.0,75684
bsd68,test051,75,Gaussian,19.592973960782118,0.40968237002416213,649.5449999929406,75684
bsd68,test051,75,Median,17.34257116983494,0.2839343080162296,1639.2734000110067,75684
bsd68,test051,75,NLM,19.40516722092065,0.4526277549909126,366.4122000045609,75684
bsd68,test051,75,BM3D,21.91518073532288,0.5844574433512653,1502.6828000263777,75684
bsd68,test052,5,Noisy,34.385920899707884,0.8488159524590727,0.0,5301
bsd68,test052,5,Gaussian,31.012705375321534,0.8406359140930464,638.7402999971528,5301
bsd68,test052,5,Median,32.58617081471877,0.8620724632766197,1614.685400010785,5301
bsd68,test052,5,NLM,35.97471290716324,0.9087068742387615,374.214600014966,5301
bsd68,test052,5,BM3D,38.064121095336006,0.9538016993757458,1458.898599987151,5301
bsd68,test052,10,Noisy,28.582834646968983,0.6210046462173892,0.0,10301
bsd68,test052,10,Gaussian,30.560589657311933,0.8213949782631138,632.4094000156038,10301
bsd68,test052,10,Median,31.245954004611317,0.7912368070043462,1620.1507999794558,10301
bsd68,test052,10,NLM,32.851193721461414,0.8489237013432215,362.24229997606017,10301
bsd68,test052,10,BM3D,34.44867246669209,0.8969039063985041,1501.7510000034235,10301
bsd68,test052,15,Noisy,25.105517223644277,0.44853298674513464,0.0,15301
bsd68,test052,15,Gaussian,29.878516401294092,0.7920800063171002,636.5545000007842,15301
bsd68,test052,15,Median,29.76506718383972,0.7042120489046264,1619.5313000062015,15301
bsd68,test052,15,NLM,30.970127069297888,0.8099031142437297,415.46990000642836,15301
bsd68,test052,15,BM3D,32.50158392731832,0.857885181209088,1433.4899000241421,15301
bsd68,test052,20,Noisy,22.667070799393695,0.3326902943370243,0.0,20301
bsd68,test052,20,Gaussian,29.049807582548333,0.7578757860165141,632.2161999996752,20301
bsd68,test052,20,Median,28.25963749799406,0.6141541141322122,1599.1118999954779,20301
bsd68,test052,20,NLM,29.59412696689341,0.7812114529237902,380.813700001454,20301
bsd68,test052,20,BM3D,31.039293106338484,0.8300183751528176,1453.1204999948386,20301
bsd68,test052,25,Noisy,20.823946398160768,0.25845104586562945,0.0,25301
bsd68,test052,25,Gaussian,28.21701073648899,0.7206159419965795,628.096500004176,25301
bsd68,test052,25,Median,26.984544316225207,0.538910797909659,1587.8568999760319,25301
bsd68,test052,25,NLM,28.517814319723872,0.7569445950245988,377.88620000355877,25301
bsd68,test052,25,BM3D,29.89905444267528,0.8095808581812508,1436.2490999919828,25301
bsd68,test052,30,Noisy,19.305518821039115,0.20650222898714296,0.0,30301
bsd68,test052,30,Gaussian,27.331705625435706,0.6809520580490379,665.2865000069141,30301
bsd68,test052,30,Median,25.750195925622737,0.47096875303050517,1619.8300999822095,30301
bsd68,test052,30,NLM,27.687346386252692,0.7371570188701827,362.83719999482855,30301
bsd68,test052,30,BM3D,28.954828151296827,0.79269471249238,1447.4578000081237,30301
bsd68,test052,35,Noisy,17.99488835963932,0.1662180181614704,0.0,35301
bsd68,test052,35,Gaussian,26.543038077235398,0.6429721812849374,657.9315999988467,35301
bsd68,test052,35,Median,24.67699284152559,0.41195910954167975,1611.6066999966279,35301
bsd68,test052,35,NLM,26.904212783027994,0.7182048660017132,360.27080001076683,35301
bsd68,test052,35,BM3D,28.14591051859198,0.7784401213797507,1592.1580000140239,35301
bsd68,test052,40,Noisy,16.938834219284338,0.1392994108855815,0.0,40301
bsd68,test052,40,Gaussian,25.692076577956637,0.6040953034060352,670.4878000018653,40301
bsd68,test052,40,Median,23.765218192367207,0.3656206815370476,1644.7175999928731,40301
bsd68,test052,40,NLM,26.155226413859097,0.6973401719470209,364.0601999941282,40301
bsd68,test052,40,BM3D,27.267251874272755,0.7621557675725139,1539.276499999687,40301
bsd68,test052,50,Noisy,15.123444301312428,0.09970713915823885,0.0,50301
bsd68,test052,50,Gaussian,24.217828207060876,0.5338875550523464,638.4796999918763,50301
bsd68,test052,50,Median,22.066729644914943,0.28809412461787054,1617.5893000036012,50301
bsd68,test052,50,NLM,24.939758192423746,0.6648757012894709,436.3212000171188,50301
bsd68,test052,50,BM3D,25.874211809655108,0.7415382280804071,2605.6715000013355,50301
bsd68,test052,75,Noisy,12.156210371707427,0.053700139947096416,0.0,75301
bsd68,test052,75,Gaussian,21.076490613773732,0.3975110978438502,669.2439000180457,75301
bsd68,test052,75,Median,18.83439379077008,0.17245469497818014,1634.6148000156973,75301
bsd68,test052,75,NLM,22.212927097080225,0.5981153736960696,360.3251999884378,75301
bsd68,test052,75,BM3D,22.708963239117214,0.6972194791002805,1510.2723999880254,75301
bsd68,test053,5,Noisy,34.063657685756084,0.8499076941157333,0.0,5237
bsd68,test053,5,Gaussian,31.654886624425874,0.8061007575598376,645.9132999880239,5237
bsd68,test053,5,Median,32.66376328719589,0.8351126472544954,1646.7667999968398,5237
bsd68,test053,5,NLM,34.630555881697425,0.8709826886296542,376.79430001298897,5237
bsd68,test053,5,BM3D,37.61076903380193,0.9420332891596086,1505.3534999897238,5237
bsd68,test053,10,Noisy,28.098222335021784,0.615033149662125,0.0,10237
bsd68,test053,10,Gaussian,31.300388781768838,0.7855836404859312,639.2120999807958,10237
bsd68,test053,10,Median,31.232571041271356,0.7623027715124479,1645.132800011197,10237
bsd68,test053,10,NLM,31.706125665483636,0.7830489779422964,377.60370000614785,10237
bsd68,test053,10,BM3D,34.25750529059954,0.8737205135371403,1528.8721999968402,10237
bsd68,test053,15,Noisy,24.61638883159148,0.44124886264687513,0.0,15237
bsd68,test053,15,Gaussian,30.78090635723545,0.756118740086715,634.8269000009168,15237
bsd68,test053,15,Median,29.63934182003293,0.6739499743350242,1610.450000007404,15237
bsd68,test053,15,NLM,30.40542723217513,0.7346488024164174,421.60380000132136,15237
bsd68,test053,15,BM3D,32.597622039032,0.8243744058421155,1848.364200006472,15237
bsd68,test053,20,Noisy,22.1137067250166,0.32243284575778897,0.0,20237
bsd68,test053,20,Gaussian,30.11873113712184,0.7195126775295525,656.032899976708,20237
bsd68,test053,20,Median,28.126317027513394,0.5881387727032912,1665.5181999958586,20237
bsd68,test053,20,NLM,29.624845482061378,0.7024410166136915,369.25680001149885,20237
bsd68,test053,20,BM3D,31.516150840856035,0.7831537090836788,1558.2008000055794,20237
bsd68,test053,25,Noisy,20.214496293424787,0.2451204045489996,0.0,25237
bsd68,test053,25,Gaussian,29.389518002028986,0.6795466982363615,656.9793999951798,25237
bsd68,test053,25,Median,26.714744915632952,0.5101056065889116,1668.934999994235,25237
bsd68,test053,25,NLM,29.025391168816853,0.6781316400145481,377.616300014779,25237
bsd68,test053,25,BM3D,30.75977859791695,0.7549205681464866,1471.8849000055343,25237
bsd68,test053,30,Noisy,18.653797967330277,0.18885176896842185,0.0,30237
bsd68,test053,30,Gaussian,28.69470043481011,0.6332590593617419,635.6811000150628,30237
bsd68,test053,30,Median,25.467265193777354,0.4374145021710205,1629.0406999760307,30237
bsd68,test053,30,NLM,28.646401171462273,0.6569697349182144,394.27610000711866,30237
bsd68,test053,30,BM3D,30.175601895745707,0.7230568492178784,1518.529299995862,30237
bsd68,test053,35,Noisy,17.366751124011067,0.15104953417500178,0.0,35237
bsd68,test053,35,Gaussian,27.959512086420126,0.5961980517772594,666.4039999886882,35237
bsd68,test053,35,Median,24.33801556444459,0.3839636902453677,1645.7047000003513,35237
bsd68,test053,35,NLM,28.281947493796945,0.640026886397967,374.9598000140395,35237
bsd68,test053,35,BM3D,29.69938621938461,0.7048098397155278,1478.1106000009459,35237
bsd68,test053,40,Noisy,16.294216621923624,0.12465060710818156,0.0,40237
bsd68,test053,40,Gaussian,27.21573487350134,0.5575282878724829,634.7747000108939,40237
bsd68,test053,40,Median,23.29390102862726,0.33232155231514343,1618.505799997365,40237
bsd68,test053,40,NLM,27.96263929466551,0.6267731272276058,371.41130000236444,40237
bsd68,test053,40,BM3D,29.258492666508218,0.6890975315348534,1479.7100000141654,40237
bsd68,test053,50,Noisy,14.582554943649324,0.0884431099498726,0.0,50237
bsd68,test053,50,Gaussian,25.92872092164707,0.48517511148546894,643.3623000048101,50237
bsd68,test053,50,Median,21.61246634278845,0.2575401106495977,1656.1720999889076,50237
bsd68,test053,50,NLM,27.411666276298888,0.5983362226858464,369.23949999618344,50237
bsd68,test053,50,BM3D,28.482135573077407,0.6573879216024219,1717.8396999952383,50237
bsd68,test053,75,Noisy,11.764154851113185,0.04785841690356241,0.0,75237
bsd68,test053,75,Gaussian,23.29873573378322,0.3633335701562076,639.9964000156615,75237
bsd68,test053,75,Median,18.354328047305877,0.1509461452888009,1643.1109000113793,75237
bsd68,test053,75,NLM,25.827323800207346,0.5408156509529174,390.2910000178963,75237
bsd68,test053,75,BM3D,26.83948410547471,0.6204400101091645,1587.4987000133842,75237
bsd68,test054,5,Noisy,34.12336987191393,0.9110628159712653,0.0,5479
bsd68,test054,5,Gaussian,26.428099601825426,0.7922792890979313,649.4228999945335,5479
bsd68,test054,5,Median,29.858981103037014,0.8818504783832385,1703.7233999872115,5479
bsd68,test054,5,NLM,34.5297914694627,0.9162320396797882,339.1288999991957,5479
bsd68,test054,5,BM3D,36.85341766582603,0.9606592598844585,1490.6889999983832,5479
bsd68,test054,10,Noisy,28.161235578991963,0.7580525130323655,0.0,10479
bsd68,test054,10,Gaussian,26.308065582685295,0.7804294444106296,633.2893999933731,10479
bsd68,test054,10,Median,28.866572512269208,0.8324899218338732,1611.7919000098482,10479
bsd68,test054,10,NLM,30.770801237674693,0.8508848142605456,359.0364999836311,10479
bsd68,test054,10,BM3D,33.107757463274815,0.9144934606876227,1554.293699999107,10479
bsd68,test054,15,Noisy,24.669914362557282,0.6273519837995704,0.0,15479
bsd68,test054,15,Gaussian,26.108517715263645,0.7627626613415853,666.6890000051353,15479
bsd68,test054,15,Median,27.670184805998552,0.7726529860706421,1648.6047999933362,15479
bsd68,test054,15,NLM,28.39218814886717,0.7917293053087426,373.7503000011202,15479
bsd68,test054,15,BM3D,31.05086931336046,0.8776718399882595,2031.6121999931056,15479
bsd68,test054,20,Noisy,22.184179185638683,0.5251280869184604,0.0,20479
bsd68,test054,20,Gaussian,25.882699289937268,0.7425696964801904,684.7389000176918,20479
bsd68,test054,20,Median,26.551797601627637,0.713622493219997,1626.5678000054322,20479
bsd68,test054,20,NLM,26.841177191958288,0.7436450476930548,384.0067000128329,20479
bsd68,test054,20,BM3D,29.645838431359035,0.8442556564663681,1546.2238999898545,20479
bsd68,test054,25,Noisy,20.279993520376532,0.4460406209191622,0.0,25479
bsd68,test054,25,Gaussian,25.562755554624257,0.7170816734327551,656.8361000099685,25479
bsd68,test054,25,Median,25.44442115630524,0.6563111628320881,1636.932399997022,25479
bsd68,test054,25,NLM,25.662275920733904,0.7019283413212897,382.8149999899324,25479
bsd68,test054,25,BM3D,28.56664651297074,0.8144784176466322,1588.8910999929067,25479
bsd68,test054,30,Noisy,18.73840713202069,0.3821256792088924,0.0,30479
bsd68,test054,30,Gaussian,25.197375818819523,0.6885107108060757,663.5566999902949,30479
bsd68,test054,30,Median,24.4092603493095,0.6012426449583848,1617.8195000102278,30479
bsd68,test054,30,NLM,24.78107456233733,0.66596067387492,370.6687999947462,30479
bsd68,test054,30,BM3D,27.625605722841375,0.7849744551701323,1691.389399988111,30479
bsd68,test054,35,Noisy,17.507696635107767,0.3329580223268312,0.0,35479
bsd68,test054,35,Gaussian,24.814719898810562,0.6628766379715755,641.9701999984682,35479
bsd68,test054,35,Median,23.481782677956375,0.5534783767097803,1625.956599978963,35479
bsd68,test054,35,NLM,24.009435440557013,0.6304853080790092,366.95500000496395,35479
bsd68,test054,35,BM3D,26.876976586439095,0.7581403745367729,1632.3347999714315,35479
bsd68,test054,40,Noisy,16.394577622806693,0.2925961337710058,0.0,40479
bsd68,test054,40,Gaussian,24.478776384369326,0.6408282949149654,655.2195000112988,40479
bsd68,test054,40,Median,22.63011509266063,0.5142191983311823,1621.977999981027,40479
bsd68,test054,40,NLM,23.469245222620806,0.6041997119339456,392.73920000414364,40479
bsd68,test054,40,BM3D,26.258801583366413,0.7349154063878884,1456.4202000037767,40479
bsd68,test054,50,Noisy,14.683501530277915,0.22972212022905217,0.0,50479
bsd68,test054,50,Gaussian,23.6633976430517,0.5883917142418774,648.3805000025313,50479
bsd68,test054,50,Median,21.12040776501523,0.4404939530650022,1634.4862999976613,50479
bsd68,test054,50,NLM,22.413870636693552,0.5459358654106514,358.6885000113398,50479
bsd68,test054,50,BM3D,25.122177994746654,0.6870294310279588,1523.1565000140108,50479
bsd68,test054,75,Noisy,11.84240598531656,0.1426825843318933,0.0,75479
bsd68,test054,75,Gaussian,21.748217476157905,0.4895717837743436,643.5414999723434,75479
bsd68,test054,75,Median,18.13471137539561,0.316407672216858,1691.374399990309,75479
bsd68,test054,75,NLM,20.69802330678701,0.4555121740481676,362.2230000037234,75479
bsd68,test054,75,BM3D,22.949669138892194,0.6035545954045372,1509.2345000011846,75479
bsd68,test055,5,Noisy,34.11373001721468,0.9325740335560226,0.0,6013
bsd68,test055,5,Gaussian,24.23415508758766,0.7214332808152164,686.7039000208024,6013
bsd68,test055,5,Median,26.98509608453588,0.8275377398771304,1628.9873999776319,6013
bsd68,test055,5,NLM,32.304128348561974,0.8900929061700417,340.2598999964539,6013
bsd68,test055,5,BM3D,35.8830680678401,0.9641710111336421,1861.9963000237476,6013
bsd68,test055,10,Noisy,28.143422006218188,0.8036596276730706,0.0,11013
bsd68,test055,10,Gaussian,24.156835676186233,0.7129100986063704,811.9750000187196,11013
bsd68,test055,10,Median,26.443910140226485,0.7889815107912006,1798.5523999959696,11013
bsd68,test055,10,NLM,28.593279561157768,0.7945316370147713,409.4817000150215,11013
bsd68,test055,10,BM3D,31.719351607084718,0.91072736249949,1763.375000009546,11013
bsd68,test055,15,Noisy,24.689385213489054,0.6827495165230364,0.0,16013
bsd68,test055,15,Gaussian,24.035502744297148,0.699803951741614,655.193100014003,16013
bsd68,test055,15,Median,25.757283468409966,0.7420821036808315,1622.1298000018578,16013
bsd68,test055,15,NLM,26.653409290623813,0.7237539301012232,366.4430000062566,16013
bsd68,test055,15,BM3D,29.47753083622529,0.85663499506959,1448.5309000010602,16013
bsd68,test055,20,Noisy,22.21331340676231,0.5809424781764153,0.0,21013
bsd68,test055,20,Gaussian,23.861670806086444,0.6822719353109541,651.9574999983888,21013
bsd68,test055,20,Median,24.92573234624496,0.689714487870878,1862.1076999988873,21013
bsd68,test055,20,NLM,25.31778464494515,0.6688923030488474,439.3696000042837,21013
bsd68,test055,20,BM3D,27.930983987627176,0.8051910169946664,2140.949599997839,21013
bsd68,test055,25,Noisy,20.319358983365362,0.4984197818898607,0.0,26013
bsd68,test055,25,Gaussian,23.65713581766631,0.660531626815964,642.629499983741,26013
bsd68,test055,25,Median,24.132516285229304,0.6385888573338128,1725.0777000153903,26013
bsd68,test055,25,NLM,24.257648026149315,0.6210605706595314,373.58499999390915,26013
bsd68,test055,25,BM3D,26.76113838396907,0.7550584284994201,1710.2283000131138,26013
bsd68,test055,30,Noisy,18.87058201514222,0.43605525031812103,0.0,31013
bsd68,test055,30,Gaussian,23.459019878465114,0.6424639103609169,650.3160999855027,31013
bsd68,test055,30,Median,23.346077153975074,0.5934514575209865,1646.1816000228282,31013
bsd68,test055,30,NLM,23.57548534423575,0.5909965687796301,371.04660001932643,31013
bsd68,test055,30,BM3D,25.943069645671667,0.7190015960717855,1901.5273999830242,31013
bsd68,test055,35,Noisy,17.636205951809565,0.382763234493777,0.0,36013
bsd68,test055,35,Gaussian,23.195506059625558,0.6201322518928926,673.5020000196528,36013
bsd68,test055,35,Median,22.58391281308436,0.5511277839926889,1713.0963999952655,36013
bsd68,test055,35,NLM,22.93796821990742,0.5605662218093739,366.952600015793,36013
bsd68,test055,35,BM3D,25.191088642082473,0.6806121122018343,1550.4135999944992,36013
bsd68,test055,40,Noisy,16.65023444487955,0.342869006866501,0.0,41013
bsd68,test055,40,Gaussian,22.94109237143788,0.6022484295365551,637.9719999968074,41013
bsd68,test055,40,Median,21.86150270952137,0.5139229346811716,1694.4014000182506,41013
bsd68,test055,40,NLM,22.424934699000918,0.5368427346564763,368.41159997857176,41013
bsd68,test055,40,BM3D,24.59685382805921,0.6530133886291554,1600.3139000094961,41013
bsd68,test055,50,Noisy,14.977954151612117,0.2762903423424126,0.0,51013
bsd68,test055,50,Gaussian,22.337376527802522,0.557473148164623,706.8173000006936,51013
bsd68,test055,50,Median,20.50883353724602,0.4429994253671162,1638.0653999804053,51013
bsd68,test055,50,NLM,21.526150762326544,0.4921870340621072,364.4730999949388,51013
bsd68,test055,50,BM3D,23.568151172408704,0.5966473972261278,1693.33129998995,51013
bsd68,test055,75,Noisy,12.16342542022957,0.17898788720363493,0.0,76013
bsd68,test055,75,Gaussian,20.727339039162814,0.46808281352316106,772.5342999910936,76013
bsd68,test055,75,Median,17.90017571325775,0.3295263160921796,1724.305200012168,76013
bsd68,test055,75,NLM,19.85743385640587,0.41320385306961965,370.8230999764055,76013
bsd68,test055,75,BM3D,21.6606525915638,0.5080950848439697,1770.4902999976184,76013
bsd68,test056,5,Noisy,34.12328156117787,0.9759971866868259,0.0,5738
bsd68,test056,5,Gaussian,20.62646108565628,0.5040938801786418,650.8233000058681,5738
bsd68,test056,5,Median,21.592058008965335,0.6337794455686337,1790.2957999904174,5738
bsd68,test056,5,NLM,24.77876846740806,0.7408121439981953,433.41050000162795,5738
bsd68,test056,5,BM3D,34.40181778354661,0.9813888932322173,1638.0883999809157,5738
bsd68,test056,10,Noisy,28.17453206888989,0.9185070793827175,0.0,10738
bsd68,test056,10,Gaussian,20.59204842637947,0.5011721681098337,644.4420000188984,10738
bsd68,test056,10,Median,21.447185706875405,0.6191811899102109,1599.1382999927737,10738
bsd68,test056,10,NLM,23.12779744690777,0.6531439728439589,379.1749000083655,10738
bsd68,test056,10,BM3D,29.2849256438724,0.9415281652120767,1571.4033999829553,10738
bsd68,test056,15,Noisy,24.668310531600284,0.843994537734154,0.0,15738
bsd68,test056,15,Gaussian,20.534725179274208,0.4964526954971361,635.1171999995131,15738
bsd68,test056,15,Median,21.227616556459218,0.6001756828856492,1669.830800005002,15738
bsd68,test056,15,NLM,21.822879602892257,0.5658226432271568,408.9017999940552,15738
bsd68,test056,15,BM3D,26.593173434081105,0.8862177110287476,1865.624400001252,15738
bsd68,test056,20,Noisy,22.20048141572463,0.7651150340359405,0.0,20738
bsd68,test056,20,Gaussian,20.457100992537363,0.48973470678837894,692.3643000191078,20738
bsd68,test056,20,Median,20.94990322021627,0.5776855005242549,1691.114799992647,20738
bsd68,test056,20,NLM,21.125683241748526,0.511782168308763,386.64400001289323,20738
bsd68,test056,20,BM3D,24.742071579779378,0.8137575833765619,1508.859699999448,20738
bsd68,test056,25,Noisy,20.280348100832725,0.6880103539578789,0.0,25738
bsd68,test056,25,Gaussian,20.357224168882226,0.48294301750402274,644.9550999968778,25738
bsd68,test056,25,Median,20.594639617621002,0.5546815578551544,1611.5467999770772,25738
bsd68,test056,25,NLM,20.549274177297654,0.46193955161646433,386.602300015511,25738
bsd68,test056,25,BM3D,23.35439710743694,0.7328622243545474,1513.6115000059363,25738
bsd68,test056,30,Noisy,18.75820849564741,0.6170243608755186,0.0,30738
bsd68,test056,30,Gaussian,20.252620457536196,0.4744453126188323,636.8225000042003,30738
bsd68,test056,30,Median,20.25793059934417,0.5318839853210052,1724.4346000079531,30738
bsd68,test056,30,NLM,20.119053408078717,0.4235294048631158,370.3121000144165,30738
bsd68,test056,30,BM3D,22.357554022336043,0.6567747125426621,1474.9557999894023,30738
bsd68,test056,35,Noisy,17.47091072209126,0.5525437629110099,0.0,35738
bsd68,test056,35,Gaussian,20.124342707710912,0.46380362409859194,643.0536000116263,35738
bsd68,test056,35,Median,19.863692009166005,0.5046140908669589,1600.2348999900278,35738
bsd68,test056,35,NLM,19.79686571781089,0.39387439841286315,372.13279999559745,35738
bsd68,test056,35,BM3D,21.61475855557822,0.5908502264303258,1441.0221000143792,35738
bsd68,test056,40,Noisy,16.406702852007367,0.49553841165584694,0.0,40738
bsd68,test056,40,Gaussian,19.984997349332655,0.4541159472188377,645.1064999855589,40738
bsd68,test056,40,Median,19.447071292258222,0.47850236551110786,1628.442699991865,40738
bsd68,test056,40,NLM,19.50321349188791,0.3665646494646565,384.56579999183305,40738
bsd68,test056,40,BM3D,21.01328626133194,0.529847016090305,1869.0753999981098,40738
bsd68,test056,50,Noisy,14.647265079338208,0.4029848062717735,0.0,50738
bsd68,test056,50,Gaussian,19.66572953287975,0.4307072934344253,669.8239000106696,50738
bsd68,test056,50,Median,18.634568212253278,0.43247568143817117,1746.7542000231333,50738
bsd68,test056,50,NLM,19.02556574261294,0.32583576743787085,413.1315000122413,50738
bsd68,test056,50,BM3D,20.168690805972727,0.43639095260299104,1729.9717999994755,50738
bsd68,test056,75,Noisy,11.818678427225318,0.2576326585513412,0.0,75738
bsd68,test056,75,Gaussian,18.777243420199138,0.37214552273193496,669.1625000094064,75738
bsd68,test056,75,Median,16.67930328670526,0.3354235791563852,1683.0959000217263,75738
bsd68,test056,75,NLM,18.225186124487237,0.26267751873632816,369.56259998260066,75738
bsd68,test056,75,BM3D,18.935707905040612,0.3005170587340557,1558.3729000063613,75738
bsd68,test057,5,Noisy,34.07176608280387,0.8604071769826244,0.0,5268
bsd68,test057,5,Gaussian,26.669347055529347,0.7489331589652575,655.1455000007991,5268
bsd68,test057,5,Median,28.044941980289696,0.8068344179054451,1621.390899992548,5268
bsd68,test057,5,NLM,33.5401584086958,0.9293799567024413,383.30800001858734,5268
bsd68,test057,5,BM3D,36.83743560533236,0.9734208658768092,1592.6084999809973,5268
bsd68,test057,10,Noisy,28.1503733199296,0.6730836843859889,0.0,10268
bsd68,test057,10,Gaussian,26.55347213014901,0.7302626124864562,667.0152000151575,10268
bsd68,test057,10,Median,27.455009420234823,0.7394217305977494,1616.1194999876898,10268
bsd68,test057,10,NLM,29.08071143332204,0.8260894660995218,387.198599986732,10268
bsd68,test057,10,BM3D,32.488258840914284,0.9299053551237709,1832.049399992684,10268
bsd68,test057,15,Noisy,24.6121639010499,0.5348072974855108,0.0,15268
bsd68,test057,15,Gaussian,26.36461540472004,0.7009826273847994,646.8326000031084,15268
bsd68,test057,15,Median,26.664745578412568,0.6583747071669527,1619.4799000222702,15268
bsd68,test057,15,NLM,27.30345135137378,0.7568824879183997,374.7916999855079,15268
bsd68,test057,15,BM3D,30.084193427950126,0.8744946117702614,1495.0848000007682,15268
bsd68,test057,20,Noisy,22.164233680551085,0.43763822836424376,0.0,20268
bsd68,test057,20,Gaussian,26.116781063685487,0.6671199002333856,633.8946000032593,20268
bsd68,test057,20,Median,25.774888111091908,0.5834709991388582,1624.383599992143,20268
bsd68,test057,20,NLM,26.277185561327194,0.7084360906287809,374.05160002526827,20268
bsd68,test057,20,BM3D,28.583764585635016,0.8229782326612164,1437.7037000085693,20268
bsd68,test057,25,Noisy,20.30687030631473,0.362990273670223,0.0,25268
bsd68,test057,25,Gaussian,25.84207029560508,0.6308095557472786,640.2111999923363,25268
bsd68,test057,25,Median,24.90899254512559,0.517156828392435,1616.1238999920897,25268
bsd68,test057,25,NLM,25.595745196100577,0.668186925811226,368.69750000187196,25268
bsd68,test057,25,BM3D,27.571784074667747,0.7749850553652445,1504.417900025146,25268
bsd68,test057,30,Noisy,18.791072077848945,0.3043120444529435,0.0,30268
bsd68,test057,30,Gaussian,25.529175674814706,0.5966379974279622,670.0228000117932,30268
bsd68,test057,30,Median,24.0463763779074,0.46176210777776017,1599.4626999890897,30268
bsd68,test057,30,NLM,25.08763553583936,0.6378569689775669,364.04029998811893,30268
bsd68,test057,30,BM3D,26.8933343946995,0.7418081578250252,1608.9835000166204,30268
bsd68,test057,35,Noisy,17.57040423512888,0.25971063768193847,0.0,35268
bsd68,test057,35,Gaussian,25.15788219412503,0.5595794629547357,906.7007999983616,35268
bsd68,test057,35,Median,23.195070016166653,0.41310633739065317,1998.8111999991816,35268
bsd68,test057,35,NLM,24.750526908428373,0.6133266045362019,393.2269999932032,35268
bsd68,test057,35,BM3D,26.30078384691383,0.7081541993933895,1892.948200023966,35268
bsd68,test057,40,Noisy,16.493507744927612,0.22301858390343918,0.0,40268
bsd68,test057,40,Gaussian,24.79786863118534,0.5305504892737992,686.5311000146903,40268
bsd68,test057,40,Median,22.412901624197975,0.3756170997444648,1620.056999992812,40268
bsd68,test057,40,NLM,24.425526467900237,0.5911312927819267,371.74529998446815,40268
bsd68,test057,40,BM3D,25.89452532290781,0.684894599585043,1605.5954000039492,40268
bsd68,test057,50,Noisy,14.78841751342304,0.16892789958068705,0.0,50268
bsd68,test057,50,Gaussian,23.992763178508675,0.4724393189202176,785.5174000142142,50268
bsd68,test057,50,Median,20.904082545307574,0.30492559072445075,1627.7562000032049,50268
bsd68,test057,50,NLM,23.901024407964748,0.5488754835313292,376.61830001161434,50268
bsd68,test057,50,BM3D,25.110376558349977,0.6395422615682574,1576.6793999937363,50268
bsd68,test057,75,Noisy,11.96165282219821,0.09863576109632588,0.0,75268
bsd68,test057,75,Gaussian,22.034828348007668,0.3633803692423695,669.7028999915347,75268
bsd68,test057,75,Median,18.044663405715703,0.20223086533992315,1631.3033000042196,75268
bsd68,test057,75,NLM,22.810689738536546,0.47670177408229814,377.83289997605607,75268
bsd68,test057,75,BM3D,23.68944513599793,0.5761384076158694,1510.1036000123713,75268
bsd68,test058,5,Noisy,34.086536234175135,0.8363669578894427,0.0,5379
bsd68,test058,5,Gaussian,31.149948601600293,0.8059084230338132,633.1640999997035,5379
bsd68,test058,5,Median,31.947660137570367,0.8329098144457369,1630.9060000057798,5379
bsd68,test058,5,NLM,34.44438302751704,0.8774682238965611,445.8602999802679,5379
bsd68,test058,5,BM3D,37.21933074371024,0.9363439395414238,1780.7841000030749,5379
bsd68,test058,10,Noisy,28.122644962101692,0.5974964951054141,0.0,10379
bsd68,test058,10,Gaussian,30.831778250595853,0.7827577947820975,938.5064000089187,10379
bsd68,test058,10,Median,30.702077139033616,0.7520093229056518,2089.5842000027187,10379
bsd68,test058,10,NLM,31.54533539011365,0.8006860716135394,386.91349999862723,10379
bsd68,test058,10,BM3D,33.84181732292298,0.8763021219178139,1525.053699995624,10379
bsd68,test058,15,Noisy,24.61384361820759,0.42893574984470095,0.0,15379
bsd68,test058,15,Gaussian,30.355098198593318,0.749371233533353,644.9578999890946,15379
bsd68,test058,15,Median,29.292612002521587,0.6600373252250871,1669.1586999804713,15379
bsd68,test058,15,NLM,30.295048522396705,0.7560131175442615,385.58349999948405,15379
bsd68,test058,15,BM3D,32.14732591459145,0.8283635526048672,1946.2447999976575,15379
bsd68,test058,20,Noisy,22.139986352443543,0.3183511856249494,0.0,20379
bsd68,test058,20,Gaussian,29.753697723854984,0.7111735948671787,634.0924000251107,20379
bsd68,test058,20,Median,27.89223336749236,0.5711897546195256,1676.8293999775779,20379
bsd68,test058,20,NLM,29.58762497726343,0.7267701579523913,369.694699998945,20379
bsd68,test058,20,BM3D,31.10352710061065,0.7927909836101885,1470.26729999925,20379
bsd68,test058,25,Noisy,20.15491659484821,0.23975202490024108,0.0,25379
bsd68,test058,25,Gaussian,29.111736289548706,0.667737495079467,647.4127999972552,25379
bsd68,test058,25,Median,26.521276249474944,0.48905489333101937,1648.9650000003166,25379
bsd68,test058,25,NLM,29.110754885985518,0.7030389439241977,370.71729998569936,25379
bsd68,test058,25,BM3D,30.525622537969088,0.7694591375347819,1471.7697000014596,25379
bsd68,test058,30,Noisy,18.61390951104942,0.1889597154393549,0.0,30379
bsd68,test058,30,Gaussian,28.381570683585874,0.6198114867036955,645.536500000162,30379
bsd68,test058,30,Median,25.3056193375226,0.42079007162300297,1720.2514000236988,30379
bsd68,test058,30,NLM,28.735508272121205,0.6842901092124449,367.73560001165606,30379
bsd68,test058,30,BM3D,30.01614311408177,0.7483673162335865,1706.5183999948204,30379
bsd68,test058,35,Noisy,17.272347621544302,0.15095164701006064,0.0,35379
bsd68,test058,35,Gaussian,27.763785102445738,0.579516336352419,678.2148999918718,35379
bsd68,test058,35,Median,24.26594177147524,0.3656453314269761,1707.4387000175193,35379
bsd68,test058,35,NLM,28.345313263488624,0.6638844372931801,366.8807999929413,35379
bsd68,test058,35,BM3D,29.61465412214563,0.7309411804299097,1942.6777000189759,35379
bsd68,test058,40,Noisy,16.162549973610854,0.12398250231753845,0.0,40379
bsd68,test058,40,Gaussian,26.982968684250324,0.5313238492962635,667.2085000027437,40379
bsd68,test058,40,Median,23.19948031547157,0.3170208160055075,1623.9316000137478,40379
bsd68,test058,40,NLM,28.13192239135151,0.6494143792475718,372.1235999837518,40379
bsd68,test058,40,BM3D,29.219534546763573,0.7136493018165843,1793.4846999996807,40379
bsd68,test058,50,Noisy,14.35680117532635,0.08808730988805179,0.0,50379
bsd68,test058,50,Gaussian,25.802434232001666,0.46322140281886987,656.1320000037085,50379
bsd68,test058,50,Median,21.513156482690356,0.24624393669398714,1757.5053999898955,50379
bsd68,test058,50,NLM,27.63954842972543,0.6164439059925827,367.68570001004264,50379
bsd68,test058,50,BM3D,28.616245079134053,0.6874824736161874,1559.6334000001661,50379
bsd68,test058,75,Noisy,11.503026837138684,0.04727079007581546,0.0,75379
bsd68,test058,75,Gaussian,23.634306962701444,0.3519977086321927,657.009000016842,75379
bsd68,test058,75,Median,18.283191143188755,0.14666675170867713,1628.1511000124738,75379
bsd68,test058,75,NLM,26.647631881381013,0.5570473768006433,364.1747999936342,75379
bsd68,test058,75,BM3D,27.63999432137215,0.6572555312486308,1791.7410999943968,75379
bsd68,test059,5,Noisy,34.070453939459895,0.8523212579573372,0.0,5489
bsd68,test059,5,Gaussian,29.288309769855267,0.7764644138271433,634.554999996908,5489
bsd68,test059,5,Median,30.9825375279652,0.816467352560997,1662.9817000066396,5489
bsd68,test059,5,NLM,34.165119973692725,0.8783950520950343,386.8054999911692,5489
bsd68,test059,5,BM3D,37.22627288081143,0.9481756641224653,2166.775600024266,5489
bsd68,test059,10,Noisy,28.096487052567788,0.6320649922182716,0.0,10489
bsd68,test059,10,Gaussian,29.07621916823306,0.7558265992997327,656.5245999954641,10489
bsd68,test059,10,Median,29.92595295735629,0.7444646177254091,1682.0795999956317,10489
bsd68,test059,10,NLM,31.057975684275164,0.7980714526621104,369.9702000012621,10489
bsd68,test059,10,BM3D,33.465575424618464,0.8789629137863486,1509.836900018854,10489
bsd68,test059,15,Noisy,24.618511671862883,0.472943125085694,0.0,15489
bsd68,test059,15,Gaussian,28.750318292552546,0.7289778742125939,643.2884999958333,15489
bsd68,test059,15,Median,28.624785416824892,0.6623277781324807,1667.7093000034802,15489
bsd68,test059,15,NLM,29.845903654923575,0.7578599961768498,364.5294999878388,15489
bsd68,test059,15,BM3D,31.661994435026273,0.8295415448527209,1792.2883999999613,15489
bsd68,test059,20,Noisy,22.08941568391003,0.3614919697038259,0.0,20489
bsd68,test059,20,Gaussian,28.322796166830372,0.6918297100394769,683.0754999828059,20489
bsd68,test059,20,Median,27.296713987348838,0.5767129596022954,1644.6622000075877,20489
bsd68,test059,20,NLM,28.966417720178374,0.7260781192164198,366.9727999949828,20489
bsd68,test059,20,BM3D,30.536976778900797,0.7881269590214582,1496.6901999723632,20489
bsd68,test059,25,Noisy,20.25748388832437,0.28703311571525775,0.0,25489
bsd68,test059,25,Gaussian,27.836091858104453,0.6525846425578418,644.6107999945525,25489
bsd68,test059,25,Median,26.081359121895606,0.5021193001773249,1622.360099980142,25489
bsd68,test059,25,NLM,28.32048248916226,0.6999208719948654,367.6586000074167,25489
bsd68,test059,25,BM3D,29.760709213488564,0.7544174586861051,1647.530700021889,25489
bsd68,test059,30,Noisy,18.73718629294397,0.2341828732569095,0.0,30489
bsd68,test059,30,Gaussian,27.337599284572764,0.6162673339110036,643.0025999725331,30489
bsd68,test059,30,Median,24.970716302720895,0.4417692741047728,1609.2139999964274,30489
bsd68,test059,30,NLM,27.810802444592838,0.6797495182976829,366.63279999629594,30489
bsd68,test059,30,BM3D,29.25299105542969,0.7350376911569709,1507.0441999996547,30489
bsd68,test059,35,Noisy,17.485871140318622,0.19564567997682256,0.0,35489
bsd68,test059,35,Gaussian,26.88194366897339,0.582837243040643,654.3256999866571,35489
bsd68,test059,35,Median,24.00562413875429,0.39377371564335545,1610.0883999897633,35489
bsd68,test059,35,NLM,27.31841789793414,0.6611488266282509,398.9751000190154,35489
bsd68,test059,35,BM3D,28.890816052440577,0.7199574472541561,1472.748700005468,35489
bsd68,test059,40,Noisy,16.426788695045712,0.16522312764111824,0.0,40489
bsd68,test059,40,Gaussian,26.31611236263669,0.5437449400813408,655.7105999963824,40489
bsd68,test059,40,Median,23.015298044841582,0.3436452480208256,1592.6668000174686,40489
bsd68,test059,40,NLM,26.93451482400214,0.6397379224605725,368.39650000911206,40489
bsd68,test059,40,BM3D,28.490931172400064,0.7014958912829234,1452.7147999906447,40489
bsd68,test059,50,Noisy,14.676860740825497,0.12181876467192781,0.0,50489
bsd68,test059,50,Gaussian,25.264243873630598,0.48086786395109093,745.8578000077978,50489
bsd68,test059,50,Median,21.39962462826937,0.27704773343013317,1707.0821999805048,50489
bsd68,test059,50,NLM,26.011793048406204,0.6008880029322096,360.8741000061855,50489
bsd68,test059,50,BM3D,27.806176819951407,0.6776752466507185,1486.7683000047691,50489
bsd68,test059,75,Noisy,11.847951357945332,0.0700946748332393,0.0,75489
bsd68,test059,75,Gaussian,22.84260428989736,0.3648702499292958,632.962800009409,75489
bsd68,test059,75,Median,18.23001057330978,0.17218867922148817,1790.7927999913227,75489
bsd68,test059,75,NLM,24.028670469138707,0.5227678184065708,382.7008999942336,75489
bsd68,test059,75,BM3D,25.78006774185303,0.6303470797744527,1772.731000004569,75489
bsd68,test060,5,Noisy,34.105721096751935,0.8316361000962759,0.0,5412
bsd68,test060,5,Gaussian,30.761347351695463,0.810598107861817,639.039200003026,5412
bsd68,test060,5,Median,31.942823768218425,0.8335623387723958,1635.0727999815717,5412
bsd68,test060,5,NLM,34.842379271359135,0.8824674787741289,374.2863000079524,5412
bsd68,test060,5,BM3D,37.67625658000207,0.9452831776651542,1469.8668000055477,5412
bsd68,test060,10,Noisy,28.113665508229325,0.5896059309922468,0.0,10412
bsd68,test060,10,Gaussian,30.45445794481383,0.7873883850593791,636.2647000059951,10412
bsd68,test060,10,Median,30.681304722041446,0.7534817550425131,1602.1828000084497,10412
bsd68,test060,10,NLM,31.85660865943249,0.8143110382824373,375.38209999911487,10412
bsd68,test060,10,BM3D,34.06933318819141,0.8796086445721671,1465.4842999880202,10412
bsd68,test060,15,Noisy,24.59720289981405,0.4221243579009762,0.0,15412
bsd68,test060,15,Gaussian,30.0222558690119,0.7528703584776394,669.5091000001412,15412
bsd68,test060,15,Median,29.20012980975791,0.6557399451853173,1590.2995000069495,15412
bsd68,test060,15,NLM,30.334901867073157,0.7712885421743625,379.24199999542907,15412
bsd68,test060,15,BM3D,32.36680946140786,0.8339697550843361,1453.6013000179082,15412
bsd68,test060,20,Noisy,22.090908197658944,0.3122981674014052,0.0,20412
bsd68,test060,20,Gaussian,29.440824680556787,0.7093684841445655,660.9465000219643,20412
bsd68,test060,20,Median,27.796946054809034,0.5653285736684446,1620.1568999968003,20412
bsd68,test060,20,NLM,29.406139824351214,0.7384501695141799,373.21250000968575,20412
bsd68,test060,20,BM3D,31.218812238241895,0.7994405452387967,1565.646500006551,20412
bsd68,test060,25,Noisy,20.186877827966896,0.2416765875219141,0.0,25412
bsd68,test060,25,Gaussian,28.88028986483292,0.6673280356703636,648.6691000172868,25412
bsd68,test060,25,Median,26.52739962833097,0.4871454439390133,1676.197199994931,25412
bsd68,test060,25,NLM,28.824901571674317,0.7141438345247787,374.8877000180073,25412
bsd68,test060,25,BM3D,30.531102364085143,0.7759616682917294,1494.838200014783,25412
bsd68,test060,30,Noisy,18.641687885356433,0.19334079754822864,0.0,30412
bsd68,test060,30,Gaussian,28.275442316918458,0.6260538807932462,639.5101000089198,30412
bsd68,test060,30,Median,25.358102436585853,0.42338221365215845,1680.6904999830294,30412
bsd68,test060,30,NLM,28.33297987841747,0.6935546634207232,379.20590001158416,30412
bsd68,test060,30,BM3D,29.92635314047995,0.7561378532252795,1630.993099999614,30412
bsd68,test060,35,Noisy,17.31811460853886,0.1554133329424241,0.0,35412
bsd68,test060,35,Gaussian,27.51003471113529,0.576616342467416,647.2337000013795,35412
bsd68,test060,35,Median,24.20207332026142,0.3623699111548769,1697.2860000096262,35412
bsd68,test060,35,NLM,27.902687166160554,0.6718932205546311,369.58759999834,35412
bsd68,test060,35,BM3D,29.391763864450283,0.7380210820419018,1538.2834000047296,35412
bsd68,test060,40,Noisy,16.191509746278744,0.12890755528340003,0.0,40412
bsd68,test060,40,Gaussian,26.87880916567678,0.5369966347548926,717.366500000935,40412
bsd68,test060,40,Median,23.206189518795615,0.3173918461645724,1685.3652999852784,40412
bsd68,test060,40,NLM,27.566340850028027,0.6540047686653074,362.50469999504276,40412
bsd68,test060,40,BM3D,29.02001085342102,0.7255805792728871,1621.7718000116292,40412
bsd68,test060,50,Noisy,14.403860421706817,0.09275669231286161,0.0,50412
bsd68,test060,50,Gaussian,25.779533279550844,0.4682766085858868,703.3754999865778,50412
bsd68,test060,50,Median,21.49837865967415,0.24639349994587445,1857.7470000018366,50412
bsd68,test060,50,NLM,27.067184777760133,0.6208748619049982,421.8617999868002,50412
bsd68,test060,50,BM3D,28.409087639500264,0.7021089401647653,1706.2709000019822,50412
bsd68,test060,75,Noisy,11.56252863343181,0.051235942962789584,0.0,75412
bsd68,test060,75,Gaussian,23.413582527851815,0.33843276845054426,674.1259999980684,75412
bsd68,test060,75,Median,18.17062065562574,0.14480805751209103,2264.863999997033,75412
bsd68,test060,75,NLM,26.023615879722954,0.5512803060995833,561.199999996461,75412
bsd68,test060,75,BM3D,27.170729015648046,0.6569061342003137,1921.404699998675,75412
bsd68,test061,5,Noisy,34.088780271986096,0.8435640532461792,0.0,5253
bsd68,test061,5,Gaussian,27.588082813644185,0.790423985737967,671.1077000072692,5253
bsd68,test061,5,Median,29.28472899051606,0.8229360108059264,1756.713500013575,5253
bsd68,test061,5,NLM,34.74883519658086,0.8851054127404899,375.44900001375936,5253
bsd68,test061,5,BM3D,37.40546375928739,0.9455095208156531,1815.5989000224508,5253
bsd68,test061,10,Noisy,28.135836600264987,0.615872353919581,0.0,10253
bsd68,test061,10,Gaussian,27.42375088205897,0.7685596231793995,717.531100002816,10253
bsd68,test061,10,Median,28.563765398893754,0.7462774418405426,1771.499499998754,10253
bsd68,test061,10,NLM,31.30915583856266,0.8145276826142118,379.26319998223335,10253
bsd68,test061,10,BM3D,33.63118229922346,0.8830998316703332,1509.2940999893472,10253
bsd68,test061,15,Noisy,24.67367154394274,0.4593332372420746,0.0,15253
bsd68,test061,15,Gaussian,27.189856524973152,0.7372394273929783,743.0577999912202,15253
bsd68,test061,15,Median,27.669613885896158,0.66156334061195,1745.6286000087857,15253
bsd68,test061,15,NLM,29.359992450633126,0.7660191568433813,378.2422000076622,15253
bsd68,test061,15,BM3D,31.6026262682921,0.8337930494191776,1577.5329000025522,15253
bsd68,test061,20,Noisy,22.19792779833653,0.3560835388383936,0.0,20253
bsd68,test061,20,Gaussian,26.865575239061563,0.6989144081907942,698.5885000030976,20253
bsd68,test061,20,Median,26.63554206295006,0.5771038049661874,1631.5374000114389,20253
bsd68,test061,20,NLM,28.261685326631284,0.7341968372001207,364.1811000125017,20253
bsd68,test061,20,BM3D,30.25497357722034,0.7961771004080737,1457.8366000205278,20253
bsd68,test061,25,Noisy,20.287623271747954,0.28514529897722996,0.0,25253
bsd68,test061,25,Gaussian,26.475380429933892,0.6578329084198047,658.5118000220973,25253
bsd68,test061,25,Median,25.59465439378954,0.5024425015903429,1626.1781000066549,25253
bsd68,test061,25,NLM,27.411464872755044,0.7078321843978596,409.1291000077035,25253
bsd68,test061,25,BM3D,29.216584587769518,0.7647194506198671,1828.1988000089768,25253
bsd68,test061,30,Noisy,18.78584728944697,0.2366721875904223,0.0,30253
bsd68,test061,30,Gaussian,26.06871968440283,0.6176330875992482,668.8630999997258,30253
bsd68,test061,30,Median,24.577610461572675,0.43967807387655955,1639.719500002684,30253
bsd68,test061,30,NLM,26.741782201692676,0.6863418423251891,385.36739998380654,30253
bsd68,test061,30,BM3D,28.493950282749587,0.7443878298799269,1508.1052999885287,30253
bsd68,test061,35,Noisy,17.527298579031346,0.19902929160821325,0.0,35253
bsd68,test061,35,Gaussian,25.64555395286037,0.5782668799550089,634.6514000033494,35253
bsd68,test061,35,Median,23.655076941928,0.3860643922805923,1628.6256999883335,35253
bsd68,test061,35,NLM,26.239901229002456,0.6652577115878265,388.08559998869896,35253
bsd68,test061,35,BM3D,27.942384761765517,0.7252463332784667,1807.123499980662,35253
bsd68,test061,40,Noisy,16.48278172214774,0.17178725852754229,0.0,40253
bsd68,test061,40,Gaussian,25.211481945236596,0.5412212576092105,647.6656000013463,40253
bsd68,test061,40,Median,22.74911123371933,0.3411242593225521,1628.147599985823,40253
bsd68,test061,40,NLM,25.750494111914918,0.6469656617289475,365.5797000101302,40253
bsd68,test061,40,BM3D,27.378144837646357,0.7079308018993314,1526.955299981637,40253
bsd68,test061,50,Noisy,14.77727504176861,0.13271375698711357,0.0,50253
bsd68,test061,50,Gaussian,24.31100247680092,0.47648504765917316,645.165200025076,50253
bsd68,test061,50,Median,21.17529867702723,0.2747725342968441,1623.280200001318,50253
bsd68,test061,50,NLM,24.941283971825115,0.6156454587232537,371.1440999759361,50253
bsd68,test061,50,BM3D,26.494420737967236,0.6819181848959366,1520.6333000096492,50253
bsd68,test061,75,Noisy,11.950379073544095,0.07961715502194139,0.0,75253
bsd68,test061,75,Gaussian,22.18234797249096,0.3616529682848769,635.7700999942608,75253
bsd68,test061,75,Median,18.18938022684779,0.176136059227061,1861.1742000211962,75253
bsd68,test061,75,NLM,23.143447422152192,0.5387475006244343,413.5035999934189,75253
bsd68,test061,75,BM3D,24.59008551503036,0.6399485085978682,1518.0895999947097,75253
bsd68,test062,5,Noisy,34.291059281779546,0.8228097684179196,0.0,5608
bsd68,test062,5,Gaussian,28.89650692120381,0.9290157716041777,653.4148000064306,5608
bsd68,test062,5,Median,35.19941260544229,0.9327106596072988,1611.8196000170428,5608
bsd68,test062,5,NLM,38.879762436500755,0.9635717754360305,335.7110999932047,5608
bsd68,test062,5,BM3D,40.20173695518592,0.9749494381043574,1544.2302000010386,5608
bsd68,test062,10,Noisy,28.85431489940492,0.6241070281859685,0.0,10608
bsd68,test062,10,Gaussian,28.743897255044608,0.9106773759691121,788.3965999935754,10608
bsd68,test062,10,Median,32.62938182199584,0.8448303622241885,1677.0859000098426,10608
bsd68,test062,10,NLM,36.02665359714785,0.9475009282688531,358.6361999914516,10608
bsd68,test062,10,BM3D,37.37448055659523,0.9604033596617066,1561.3490999967325,10608
bsd68,test062,15,Noisy,25.649503228030767,0.49060447968296744,0.0,15608
bsd68,test062,15,Gaussian,28.407710461139022,0.8776576418739881,804.355799977202,15608
bsd68,test062,15,Median,30.48419168361172,0.7509538322761038,1614.591899997322,15608
bsd68,test062,15,NLM,33.96749271422046,0.9258457209366201,348.2483999978285,15608
bsd68,test062,15,BM3D,35.384605654181286,0.9433572002619712,1710.951599990949,15608
bsd68,test062,20,Noisy,23.328871816969674,0.4011989639722261,0.0,20608
bsd68,test062,20,Gaussian,27.942247403238177,0.8375003696358642,671.3142000080552,20608
bsd68,test062,20,Median,28.854745204625498,0.6744012068602652,1685.3544999903534,20608
bsd68,test062,20,NLM,32.11270356077823,0.8981404597106744,358.3875000185799,20608
bsd68,test062,20,BM3D,33.596020393395406,0.9227445015003358,1660.3831000102218,20608
bsd68,test062,25,Noisy,21.532744636958935,0.3382345090782004,0.0,25608
bsd68,test062,25,Gaussian,27.24555445944683,0.7875625997457637,667.7309999940917,25608
bsd68,test062,25,Median,27.40505130278249,0.6062367634958865,1667.631700023776,25608
bsd68,test062,25,NLM,30.53711726729247,0.8634548654529784,382.96279998030514,25608
bsd68,test062,25,BM3D,31.911798096813712,0.8931879037944668,1542.7538999938406,25608
bsd68,test062,30,Noisy,20.046771560191452,0.29256673954647133,0.0,30608
bsd68,test062,30,Gaussian,26.50399095030683,0.73680895395491,657.7889999898616,30608
bsd68,test062,30,Median,26.223956674725926,0.5489755569171332,1624.5468000124674,30608
bsd68,test062,30,NLM,29.036354086724437,0.8247412169720606,368.05409999215044,30608
bsd68,test062,30,BM3D,30.38662988066235,0.8636152611412066,2511.607299995376,30608
bsd68,test062,35,Noisy,18.7902760249408,0.25665480201972163,0.0,35608
bsd68,test062,35,Gaussian,25.693807545731428,0.6879416798719177,684.364100015955,35608
bsd68,test062,35,Median,25.206461743816778,0.5011635413798542,1668.843100022059,35608
bsd68,test062,35,NLM,27.76977492703503,0.7877948518560837,372.8840000112541,35608
bsd68,test062,35,BM3D,29.131316873171322,0.8340558500033652,2069.5472999941558,35608
bsd68,test062,40,Noisy,17.734031873946154,0.22963167781991262,0.0,40608
bsd68,test062,40,Gaussian,24.862074206434016,0.6410932463079763,693.0850999779068,40608
bsd68,test062,40,Median,24.27857835231893,0.46021094870198886,1681.6578000143636,40608
bsd68,test062,40,NLM,26.547168139852374,0.7494677111950528,369.4843999983277,40608
bsd68,test062,40,BM3D,27.816889436445734,0.8025776253505683,1718.3693000115454,40608
bsd68,test062,50,Noisy,15.91221519150493,0.18746235010459103,0.0,50608
bsd68,test062,50,Gaussian,23.36904813212755,0.558194191780677,977.1775999979582,50608
bsd68,test062,50,Median,22.623709420741246,0.3911107712879473,1857.3475999874063,50608
bsd68,test062,50,NLM,24.468482481489374,0.6773297961961874,397.60770002612844,50608
bsd68,test062,50,BM3D,25.725834914587743,0.7483322254341893,1647.0541000016965,50608
bsd68,test062,75,Noisy,12.77448492105629,0.12606007471865446,0.0,75608
bsd68,test062,75,Gaussian,20.08341965664462,0.41280891235956624,689.8652999952901,75608
bsd68,test062,75,Median,19.54514436595902,0.2850633830767716,1740.5458000139333,75608
bsd68,test062,75,NLM,20.233920461896624,0.5228603921723578,388.1528999772854,75608
bsd68,test062,75,BM3D,21.669611985719897,0.6345853238065211,1901.9382999977097,75608
bsd68,test063,5,Noisy,34.15843100333134,0.9597267453819222,0.0,5262
bsd68,test063,5,Gaussian,23.7560783796931,0.7496478783903467,690.6672000186518,5262
bsd68,test063,5,Median,25.571348597344482,0.8467866242259018,1985.021600004984,5262
bsd68,test063,5,NLM,33.19141123345457,0.9415430032695975,320.8120999915991,5262
bsd68,test063,5,BM3D,35.84289668086377,0.9786812798856933,1600.4681999911554,5262
bsd68,test063,10,Noisy,28.214109549407308,0.8709231511594995,0.0,10262
bsd68,test063,10,Gaussian,23.684857030226397,0.7433883285077074,688.9967999886721,10262
bsd68,test063,10,Median,25.161352339784152,0.8202439964455303,1807.334000011906,10262
bsd68,test063,10,NLM,28.43354255268902,0.8588305440442714,387.13649997953326,10262
bsd68,test063,10,BM3D,31.43957086587989,0.9447382898615226,1554.5298000215553,10262
bsd68,test063,15,Noisy,24.713525551115268,0.7689805463610052,0.0,15262
bsd68,test063,15,Gaussian,23.57221610911001,0.73274440156874,716.9850000063889,15262
bsd68,test063,15,Median,24.63800800911041,0.7876125068971908,1666.0682000219822,15262
bsd68,test063,15,NLM,25.809513664229854,0.7745609772837204,414.6683999861125,15262
bsd68,test063,15,BM3D,28.983613973872828,0.903422462154324,1728.5864000150468,15262
bsd68,test063,20,Noisy,22.2916463627373,0.6748074258089319,0.0,20262
bsd68,test063,20,Gaussian,23.435737375154435,0.7210423505276914,711.6441999969538,20262
bsd68,test063,20,Median,24.077826633418333,0.7528852692312008,1957.4502000177745,20262
bsd68,test063,20,NLM,24.28378796216188,0.7060691640656919,391.66200000909157,20262
bsd68,test063,20,BM3D,27.346521128560674,0.8592559442118388,1567.7072000107728,20262
bsd68,test063,25,Noisy,20.388493896167198,0.5902622670551092,0.0,25262
bsd68,test063,25,Gaussian,23.26096376175229,0.7074002881752132,723.6241000064183,25262
bsd68,test063,25,Median,23.44937827334568,0.7158298088466579,1759.5231999875978,25262
bsd68,test063,25,NLM,23.1134296112566,0.6412954088077958,400.638599996455,25262
bsd68,test063,25,BM3D,26.091243936629628,0.8152533962027212,1753.894699999364,25262
bsd68,test063,30,Noisy,18.866997535635626,0.5156842943674513,0.0,30262
bsd68,test063,30,Gaussian,23.026565597577303,0.6881607665926615,686.7223999870475,30262
bsd68,test063,30,Median,22.779529068650554,0.6728625318421773,1658.8301000010688,30262
bsd68,test063,30,NLM,22.302378531553664,0.5869969780537142,392.5075999868568,30262
bsd68,test063,30,BM3D,25.06232436187893,0.7675100589333063,1611.298200004967,30262
bsd68,test063,35,Noisy,17.624554518753207,0.4564002109862275,0.0,35262
bsd68,test063,35,Gaussian,22.810592570085703,0.6730044937191353,648.8949999911711,35262
bsd68,test063,35,Median,22.160314775149857,0.6379277987923121,1697.016000020085,35262
bsd68,test063,35,NLM,21.701889195716664,0.5446562559790945,407.6832999999169,35262
bsd68,test063,35,BM3D,24.305127963078764,0.7286003333929371,2191.5683999832254,35262
bsd68,test063,40,Noisy,16.52756251684609,0.40215189878159485,0.0,40262
bsd68,test063,40,Gaussian,22.516176325637495,0.6513596171550416,653.4217000007629,40262
bsd68,test063,40,Median,21.442275943113497,0.5935892339343201,1734.7920000029262,40262
bsd68,test063,40,NLM,21.11286333803595,0.5020333214380682,437.6054999884218,40262
bsd68,test063,40,BM3D,23.585260140269533,0.6845354110095464,2765.857899998082,40262
bsd68,test063,50,Noisy,14.827443583681445,0.32210515305235154,0.0,50262
bsd68,test063,50,Gaussian,22.013239817228442,0.617602913851765,889.2409000254702,50262
bsd68,test063,50,Median,20.320584410211275,0.5295942323857484,1773.8555999821983,50262
bsd68,test063,50,NLM,20.443387409433633,0.446700938669603,383.4598000103142,50262
bsd68,test063,50,BM3D,22.58004740235359,0.6172620033128197,1814.469700009795,50262
bsd68,test063,75,Noisy,11.964295831834962,0.2006388441563196,0.0,75262
bsd68,test063,75,Gaussian,20.435753212909606,0.5171290136468297,673.4293000190519,75262
bsd68,test063,75,Median,17.729931885956642,0.3931695060701683,1748.8088000100106,75262
bsd68,test063,75,NLM,19.12731754430701,0.3423104914803852,376.4989999763202,75262
bsd68,test063,75,BM3D,20.653835051455932,0.4740987952838763,2150.939599989215,75262
bsd68,test064,5,Noisy,34.12556927664218,0.9413747175817898,0.0,5174
bsd68,test064,5,Gaussian,25.06583533752009,0.6752081272766487,855.3397000068799,5174
bsd68,test064,5,Median,27.105519422678253,0.7722254527049998,2217.223399988143,5174
bsd68,test064,5,NLM,29.898157293996515,0.8145837144814944,373.68200000491925,5174
bsd68,test064,5,BM3D,35.11064484113094,0.9571303591320142,1718.1790000176989,5174
bsd68,test064,10,Noisy,28.11401041021158,0.8195676728036647,0.0,10174
bsd68,test064,10,Gaussian,24.973716274362108,0.6679619045729456,889.2545999842696,10174
bsd68,test064,10,Median,26.578411485545516,0.740196432593403,2233.956699987175,10174
bsd68,test064,10,NLM,27.222184074792214,0.7161232183790792,443.11589997960255,10174
bsd68,test064,10,BM3D,30.765528652048324,0.8853127381867695,1806.8519000080414,10174
bsd68,test064,15,Noisy,24.59585239717869,0.6951001221294515,0.0,15174
bsd68,test064,15,Gaussian,24.841973258224385,0.6560401017195733,884.2065000208095,15174
bsd68,test064,15,Median,25.85456455114226,0.6969876931886967,1794.0153000236023,15174
bsd68,test064,15,NLM,25.842928071988997,0.6491966478353925,399.1076999809593,15174
bsd68,test064,15,BM3D,28.54523313132805,0.8110335805917289,1680.9690999798477,15174
bsd68,test064,20,Noisy,22.165741378964338,0.588868635362328,0.0,20174
bsd68,test064,20,Gaussian,24.67789580019837,0.6435471833527406,695.7136999990325,20174
bsd68,test064,20,Median,25.102584510091546,0.6546399139389848,1768.1148999836296,20174
bsd68,test064,20,NLM,24.922735091621618,0.5988196224961737,383.38240000302903,20174
bsd68,test064,20,BM3D,27.206051144727724,0.7482438986848979,1598.8294999988284,20174
bsd68,test064,25,Noisy,20.307137530042848,0.5019363493150462,0.0,25174
bsd68,test064,25,Gaussian,24.43454513454723,0.6263760312807063,777.5712000147905,25174
bsd68,test064,25,Median,24.288492991383542,0.6101683414489306,2293.94180001691,25174
bsd68,test064,25,NLM,24.233546663815257,0.5602060918963024,385.9674999839626,25174
bsd68,test064,25,BM3D,26.27041847815384,0.6969633574467569,2273.527599987574,25174
bsd68,test064,30,Noisy,18.76769585670199,0.42901857568136326,0.0,30174
bsd68,test064,30,Gaussian,24.17880153289296,0.6082760821054035,792.1152999915648,30174
bsd68,test064,30,Median,23.463200134125273,0.5642239100115592,1903.297199984081,30174
bsd68,test064,30,NLM,23.65662627800652,0.5260559440919808,398.1260000145994,30174
bsd68,test064,30,BM3D,25.54698696755176,0.6529928783819848,1809.1789000027347,30174
bsd68,test064,35,Noisy,17.54766438774029,0.37127829308154275,0.0,35174
bsd68,test064,35,Gaussian,23.894031161938734,0.5864738714123185,893.4700999816414,35174
bsd68,test064,35,Median,22.743018754111052,0.525873788174377,1813.2040000054985,35174
bsd68,test064,35,NLM,23.26591955665172,0.5038891829283545,392.246300005354,35174
bsd68,test064,35,BM3D,25.02558922825827,0.61765352196697,1603.0720999988262,35174
bsd68,test064,40,Noisy,16.49016403262011,0.3233304185546766,0.0,40174
bsd68,test064,40,Gaussian,23.58179456334924,0.566409174691318,687.5061000173446,40174
bsd68,test064,40,Median,21.973073386617518,0.4834736049680718,1770.2159999753349,40174
bsd68,test064,40,NLM,22.871809269981135,0.48056565453164546,375.2803999814205,40174
bsd68,test064,40,BM3D,24.548617512309782,0.584174762210888,1696.4093000278808,40174
bsd68,test064,50,Noisy,14.784577018788731,0.2532371270841275,0.0,50174
bsd68,test064,50,Gaussian,22.94121847415444,0.5283307133139808,662.7979000040796,50174
bsd68,test064,50,Median,20.63181565664431,0.41976804112090826,1695.1615999860223,50174
bsd68,test064,50,NLM,22.209303363993136,0.4452838465639721,370.5197999952361,50174
bsd68,test064,50,BM3D,23.77000610872553,0.5349184579827291,1880.0626000156626,50174
bsd68,test064,75,Noisy,11.928418832342098,0.15372023660042564,0.0,75174
bsd68,test064,75,Gaussian,21.294395048853833,0.43983981429784763,670.7532999862451,75174
bsd68,test064,75,Median,17.933710375812556,0.30137418762333185,1832.9851999878883,75174
bsd68,test064,75,NLM,20.70331573439505,0.37208106258701124,441.61400001030415,75174
bsd68,test064,75,BM3D,22.2776645353878,0.44731627612086944,1726.3849999872036,75174
bsd68,test065,5,Noisy,34.34725171400252,0.8872050609787983,0.0,5911
bsd68,test065,5,Gaussian,27.278281438568023,0.8189113808889772,822.5122000148986,5911
bsd68,test065,5,Median,29.777912976380687,0.8712319412892332,2198.303899989696,5911
bsd68,test065,5,NLM,34.80992853992248,0.926521945759664,394.80789998196997,5911
bsd68,test065,5,BM3D,37.02125993992149,0.9648205084023795,2709.552399988752,5911
bsd68,test065,10,Noisy,28.638596274621992,0.7259646463704182,0.0,10911
bsd68,test065,10,Gaussian,27.140874205057113,0.8046422392709061,687.8340999828652,10911
bsd68,test065,10,Median,28.905349541042497,0.8121589617093176,1659.1654999938328,10911
bsd68,test065,10,NLM,31.051975834731937,0.8680723490672055,366.59030002192594,10911
bsd68,test065,10,BM3D,32.996012864421836,0.9208680226866729,1652.8191000106744,10911
bsd68,test065,15,Noisy,25.30812368482133,0.5912097729706296,0.0,15911
bsd68,test065,15,Gaussian,26.899034414306474,0.7768528157557945,665.2915000158828,15911
bsd68,test065,15,Median,27.927836532666976,0.746524655389422,1663.213399995584,15911
bsd68,test065,15,NLM,28.961271344429665,0.8095134659903027,386.30250000278465,15911
bsd68,test065,15,BM3D,30.77207581691993,0.8699658569070758,1540.8383999892976,15911
bsd68,test065,20,Noisy,22.930201080134754,0.4873709390801585,0.0,20911
bsd68,test065,20,Gaussian,26.58572795231875,0.7428931076004167,667.8505000018049,20911
bsd68,test065,20,Median,26.91554222327609,0.6834767447324541,1622.5006000022404,20911
bsd68,test065,20,NLM,27.631156877133765,0.7599568395071505,385.0627999927383,20911
bsd68,test065,20,BM3D,29.270628405662688,0.8233419510999671,1617.839999991702,20911
bsd68,test065,25,Noisy,21.062402209382782,0.405476036986562,0.0,25911
bsd68,test065,25,Gaussian,26.097080755741587,0.7046419392004893,653.3306000055745,25911
bsd68,test065,25,Median,25.88336478915903,0.6241013071567058,1723.3114000118803,25911
bsd68,test065,25,NLM,26.536665608031953,0.7111197424028018,439.8520999820903,25911
bsd68,test065,25,BM3D,28.017322213206064,0.7743874722596734,1611.3963999960106,25911
bsd68,test065,30,Noisy,19.577621273768482,0.3434263573907999,0.0,30911
bsd68,test065,30,Gaussian,25.560873528402723,0.6640255718136437,660.8434000227135,30911
bsd68,test065,30,Median,24.93693607702494,0.5689469756613255,1669.8626000143122,30911
bsd68,test065,30,NLM,25.64635091796476,0.666916329135157,380.5883000022732,30911
bsd68,test065,30,BM3D,27.00817532119799,0.7312477549360461,1579.6526999911293,30911
bsd68,test065,35,Noisy,18.324790968983045,0.2957482426920103,0.0,35911
bsd68,test065,35,Gaussian,25.043277122094153,0.6311072828579011,642.3186000029091,35911
bsd68,test065,35,Median,24.091202672541247,0.524661966982937,1675.7804999942891,35911
bsd68,test065,35,NLM,24.957092617547964,0.6327550310638326,389.82840001699515,35911
bsd68,test065,35,BM3D,26.234056235378738,0.6952505708126449,1499.0104000025894,35911
bsd68,test065,40,Noisy,17.248264135859433,0.25493361491947375,0.0,40911
bsd68,test065,40,Gaussian,24.44267782199023,0.5968362323097289,637.7044999971986,40911
bsd68,test065,40,Median,23.27931066305208,0.484231052388313,1631.9252999965101,40911
bsd68,test065,40,NLM,24.220646971038093,0.5966823440219852,367.4390999949537,40911
bsd68,test065,40,BM3D,25.428300840053723,0.6592811200764869,1421.6891000105534,40911
bsd68,test065,50,Noisy,15.46957533235779,0.1975775475587276,0.0,50911
bsd68,test065,50,Gaussian,23.222702656341646,0.5308573967729767,635.613899998134,50911
bsd68,test065,50,Median,21.773650194733655,0.4058054260417966,1847.540899994783,50911
bsd68,test065,50,NLM,23.054224327268862,0.5376724398425499,378.2906999986153,50911
bsd68,test065,50,BM3D,24.102532450847978,0.5985434349198094,1811.3455999991857,50911
bsd68,test065,75,Noisy,12.441655255609398,0.11769931689130865,0.0,75911
bsd68,test065,75,Gaussian,20.48179008986985,0.41280213890369116,878.9967999910004,75911
bsd68,test065,75,Median,18.892384630453115,0.28397533937550906,1685.6537999992725,75911
bsd68,test065,75,NLM,20.47633820785674,0.4257205530963184,378.7229000008665,75911
bsd68,test065,75,BM3D,21.323967203048653,0.48970738671197045,1556.6947000043,75911
bsd68,test066,5,Noisy,34.08925605940089,0.7418929193368985,0.0,5247
bsd68,test066,5,Gaussian,35.35755923392927,0.9593363232374843,665.1068000064697,5247
bsd68,test066,5,Median,38.750429888826226,0.9355516744019529,1630.2665000257548,5247
bsd68,test066,5,NLM,42.001847623751694,0.9769243782477227,374.0749999997206,5247
bsd68,test066,5,BM3D,43.09524453237206,0.9809177609012387,1504.6763999853283,5247
bsd68,test066,10,Noisy,28.144372207548926,0.43754996981642896,0.0,10247
bsd68,test066,10,Gaussian,34.619713337654034,0.9236725871989105,642.2754999948665,10247
bsd68,test066,10,Median,34.757086275699805,0.8150400619809518,1605.432899988955,10247
bsd68,test066,10,NLM,39.51949779851792,0.9652467844244843,360.80940000829287,10247
bsd68,test066,10,BM3D,40.880278532647,0.9720309109528936,1583.3010000060312,10247
bsd68,test066,15,Noisy,24.590380766345202,0.27161651425399036,0.0,15247
bsd68,test066,15,Gaussian,33.45254605276749,0.866514206417561,775.0808999990113,15247
bsd68,test066,15,Median,31.686289578596572,0.6739008608278898,1667.4568000016734,15247
bsd68,test066,15,NLM,37.61966406333332,0.952099895810664,368.75789999612607,15247
bsd68,test066,15,BM3D,39.041809513618745,0.9618565747246205,1605.3879000246525,15247
bsd68,test066,20,Noisy,22.134804743748546,0.18726794001055547,0.0,20247
bsd68,test066,20,Gaussian,32.35009709840344,0.8043962360690564,643.0958000128157,20247
bsd68,test066,20,Median,29.44350249918849,0.5500398780462982,1631.3809999846853,20247
bsd68,test066,20,NLM,36.2830479409786,0.9373010918711405,361.5630000131205,20247
bsd68,test066,20,BM3D,37.71357684209631,0.9525976723852626,1534.9479999858886,20247
bsd68,test066,25,Noisy,20.22953155519548,0.13879907999401134,0.0,25247
bsd68,test066,25,Gaussian,31.191442924326207,0.7394813936024671,681.1840000154916,25247
bsd68,test066,25,Median,27.716128880413446,0.4550291907178292,1783.5781000030693,25247
bsd68,test066,25,NLM,34.95177004607711,0.9204593076424832,420.15160000300966,25247
bsd68,test066,25,BM3D,36.57466144991899,0.9451404520662312,1583.1504999950994,25247
bsd68,test066,30,Noisy,18.636634852008118,0.10821850098966988,0.0,30247
bsd68,test066,30,Gaussian,30.02635787420087,0.6707984165336822,662.7194999891799,30247
bsd68,test066,30,Median,26.098740825266308,0.37095928873134126,1647.0739000069443,30247
bsd68,test066,30,NLM,33.49883205138865,0.8985611112151757,377.344099979382,30247
bsd68,test066,30,BM3D,35.53241505917938,0.9354313402212544,2141.0000000032596,30247
bsd68,test066,35,Noisy,17.35762285660374,0.08809654049902343,0.0,35247
bsd68,test066,35,Gaussian,29.143468760042897,0.6142262389251251,719.7140000062063,35247
bsd68,test066,35,Median,24.916656470181564,0.3147549953896469,1685.8793999999762,35247
bsd68,test066,35,NLM,32.64370266143448,0.8805026953327421,370.18120000720955,35247
bsd68,test066,35,BM3D,34.93471915868581,0.9291856282311443,1725.3517000062857,35247
bsd68,test066,40,Noisy,16.213473808497827,0.07336479728557957,0.0,40247
bsd68,test066,40,Gaussian,28.112780543892516,0.5540678425698641,644.6014000102878,40247
bsd68,test066,40,Median,23.722152050754094,0.2641269905583389,1660.0295999960508,40247
bsd68,test066,40,NLM,31.567811699392937,0.8524073962151383,411.09720000531524,40247
bsd68,test066,40,BM3D,34.046645890780255,0.9195898447303732,1843.7414999934845,40247
bsd68,test066,50,Noisy,14.374746357925757,0.05483826578788303,0.0,50247
bsd68,test066,50,Gaussian,26.518394562321085,0.4630910905717939,646.1288999998942,50247
bsd68,test066,50,Median,21.872751283548695,0.19867275606109544,1615.912599983858,50247
bsd68,test066,50,NLM,29.798332687669102,0.8059897996379284,378.1938999891281,50247
bsd68,test066,50,BM3D,32.4911542590733,0.9040925899702412,1583.6870000057388,50247
bsd68,test066,75,Noisy,11.479427695817277,0.03211733501339089,0.0,75247
bsd68,test066,75,Gaussian,23.81681115587211,0.3214006525745243,653.2790999917779,75247
bsd68,test066,75,Median,18.442746958272675,0.11269492800918834,1678.4389000094961,75247
bsd68,test066,75,NLM,27.32736864427728,0.7044178208792209,373.101700010011,75247
bsd68,test066,75,BM3D,30.140392290377523,0.8869022106264102,1579.3612000124995,75247
bsd68,test067,5,Noisy,34.10724663391961,0.980581632883515,0.0,5931
bsd68,test067,5,Gaussian,20.493835351777484,0.6739110945516519,648.0043000192381,5931
bsd68,test067,5,Median,23.037168438368795,0.8180012539535422,1718.8632999896072,5931
bsd68,test067,5,NLM,28.773773938537616,0.9063469652360104,326.66650001192465,5931
bsd68,test067,5,BM3D,34.51637686562117,0.9843315960154878,1535.81000000122,5931
bsd68,test067,10,Noisy,28.185215168947103,0.9326510867595023,0.0,10931
bsd68,test067,10,Gaussian,20.46205189322137,0.671599884716311,649.8282999964431,10931
bsd68,test067,10,Median,22.749334694826207,0.8025030162553468,1634.3185000005178,10931
bsd68,test067,10,NLM,25.792856157799356,0.8500213524661346,332.6390000001993,10931
bsd68,test067,10,BM3D,29.706444321574203,0.9545145262404016,1670.5742000194732,10931
bsd68,test067,15,Noisy,24.710112740570672,0.871804834297143,0.0,15931
bsd68,test067,15,Gaussian,20.40198025359624,0.667328149929056,658.573000022443,15931
bsd68,test067,15,Median,22.383599190715753,0.7843691240492285,1618.0352999945171,15931
bsd68,test067,15,NLM,23.697677042539652,0.7874242170401096,363.7767000182066,15931
bsd68,test067,15,BM3D,27.19271117428694,0.920192429530048,1519.9066000059247,15931
bsd68,test067,20,Noisy,22.26636407237365,0.8060520147980155,0.0,20931
bsd68,test067,20,Gaussian,20.322909187095,0.660433067887647,644.4224000151735,20931
bsd68,test067,20,Median,21.92237722323378,0.7595366325737625,1629.33189998148,20931
bsd68,test067,20,NLM,22.229929267695304,0.7256716020925459,376.69209999148734,20931
bsd68,test067,20,BM3D,25.479023164369984,0.8796606187875645,1527.2942000010516,20931
bsd68,test067,25,Noisy,20.4074045229433,0.7426080680648346,0.0,25931
bsd68,test067,25,Gaussian,20.225364307298904,0.6535775669057017,680.397800024366,25931
bsd68,test067,25,Median,21.45627462418667,0.73607811439619,1641.2552999972831,25931
bsd68,test067,25,NLM,21.255725450356447,0.6774204270124661,385.03900001524016,25931
bsd68,test067,25,BM3D,24.22534562338813,0.8400942917565257,1591.6053000255488,25931
bsd68,test067,30,Noisy,18.882115468572,0.6813947597116046,0.0,30931
bsd68,test067,30,Gaussian,20.114300724943636,0.6449423664572409,639.1051999817137,30931
bsd68,test067,30,Median,20.987327474600114,0.7118446324333517,1598.4256000083406,30931
bsd68,test067,30,NLM,20.433751169427467,0.629486708424627,391.9156000192743,30931
bsd68,test067,30,BM3D,23.27257089129597,0.8026131276979707,1492.8652000089642,30931
bsd68,test067,35,Noisy,17.646792135571744,0.6261699638427335,0.0,35931
bsd68,test067,35,Gaussian,19.962811725696803,0.6349300857018496,643.808299995726,35931
bsd68,test067,35,Median,20.4734693391042,0.6851155402058171,1612.2962999797892,35931
bsd68,test067,35,NLM,19.77850473791494,0.5876379828996432,401.0697000194341,35931
bsd68,test067,35,BM3D,22.43457308286004,0.7630106310452169,1567.3583000025246,35931
bsd68,test067,40,Noisy,16.580601982203103,0.5757549329711452,0.0,40931
bsd68,test067,40,Gaussian,19.799340667656395,0.6220600712208243,656.2223999935668,40931
bsd68,test067,40,Median,19.951833310098223,0.6575991251152086,1855.2629000041634,40931
bsd68,test067,40,NLM,19.19219182546476,0.5466087647654567,386.07480001519434,40931
bsd68,test067,40,BM3D,21.751275231304188,0.7255913451835723,1694.2649999982677,40931
bsd68,test067,50,Noisy,14.848081313545972,0.48888283805376176,0.0,50931
bsd68,test067,50,Gaussian,19.466112745196348,0.6015048916066309,646.1204999941401,50931
bsd68,test067,50,Median,19.046673409757137,0.6114276388559922,1645.9613999759313,50931
bsd68,test067,50,NLM,18.270351402517406,0.4791675287771235,369.45279999054037,50931
bsd68,test067,50,BM3D,20.6884561358812,0.6600374827652022,1478.9232999901287,50931
bsd68,test067,75,Noisy,12.014324663984244,0.3360605453189964,0.0,75931
bsd68,test067,75,Gaussian,18.494946688990314,0.5341534789892294,670.6193000136409,75931
bsd68,test067,75,Median,16.916034151979723,0.5007322063876362,1745.9914999781176,75931
bsd68,test067,75,NLM,16.75858301645221,0.34885241653023713,369.82089999946766,75931
bsd68,test067,75,BM3D,18.77993102345535,0.5129769420141433,2437.233999982709,75931
bsd68,test068,5,Noisy,34.440857829696505,0.9162475542417869,0.0,5597
bsd68,test068,5,Gaussian,21.87982900054797,0.6963895560676273,697.7772999962326,5597
bsd68,test068,5,Median,23.17165776240525,0.7748834205683441,1633.3252000040375,5597
bsd68,test068,5,NLM,33.57171161122662,0.9552233725511098,313.28010000288486,5597
bsd68,test068,5,BM3D,35.85621424520181,0.9825590805806713,1839.7855999937747,5597
bsd68,test068,10,Noisy,28.774829195636244,0.7990082306321555,0.0,10597
bsd68,test068,10,Gaussian,21.80582688626503,0.6860684980047964,679.9433999985922,10597
bsd68,test068,10,Median,22.977086895602806,0.7321767640007009,1668.4675000142306,10597
bsd68,test068,10,NLM,28.72403339028828,0.8972122112458443,347.7528000075836,10597
bsd68,test068,10,BM3D,30.997836374672453,0.9533081153507721,1829.4249000027776,10597
bsd68,test068,15,Noisy,25.391434300650737,0.6985335080608231,0.0,15597
bsd68,test068,15,Gaussian,21.69863797480634,0.6725262450817789,688.8505999813788,15597
bsd68,test068,15,Median,22.718821314328924,0.6868349757714247,1733.422999997856,15597
bsd68,test068,15,NLM,26.026761024844028,0.8339492711886792,385.82480000332,15597
bsd68,test068,15,BM3D,28.229556457404904,0.9169243488236409,1641.22329998645,15597
bsd68,test068,20,Noisy,22.99708612132562,0.6147785917712932,0.0,20597
bsd68,test068,20,Gaussian,21.546826800169356,0.6562417870886332,646.5065000229515,20597
bsd68,test068,20,Median,22.367501648928027,0.6394402054240168,1652.8488000039943,20597
bsd68,test068,20,NLM,24.414469018471134,0.781281535134736,381.975299998885,20597
bsd68,test068,20,BM3D,26.317519447808415,0.8757397044211566,1777.9866000055335,20597
bsd68,test068,25,Noisy,21.171451806296613,0.5442576943431332,0.0,25597
bsd68,test068,25,Gaussian,21.351955055970407,0.6354329487482786,647.0185000216588,25597
bsd68,test068,25,Median,21.96464153050527,0.593841549707963,1660.844600002747,25597
bsd68,test068,25,NLM,23.156600363344122,0.7289199062847846,402.2943999734707,25597
bsd68,test068,25,BM3D,24.850234742756307,0.8289423880580499,1605.262600001879,25597
bsd68,test068,30,Noisy,19.73067553081406,0.48799048043485005,0.0,30597
bsd68,test068,30,Gaussian,21.144829270275313,0.6187155285395981,640.331700007664,30597
bsd68,test068,30,Median,21.57629366825834,0.5599364722947382,1956.0697999841068,30597
bsd68,test068,30,NLM,22.359194405047084,0.6934834588889316,435.1533000008203,30597
bsd68,test068,30,BM3D,23.731994514691518,0.7854646703356797,2593.71519999695,30597
bsd68,test068,35,Noisy,18.500831151359552,0.4368402423629544,0.0,35597
bsd68,test068,35,Gaussian,20.887208539135376,0.5950626559735425,758.4639000124298,35597
bsd68,test068,35,Median,21.135729325942577,0.5213707802391226,2083.676699985517,35597
bsd68,test068,35,NLM,21.684614917772723,0.6624830177052928,403.17470001173206,35597
bsd68,test068,35,BM3D,22.814282531030866,0.7441130815766352,2116.2338000140153,35597
bsd68,test068,40,Noisy,17.410226553494457,0.3927165651722628,0.0,40597
bsd68,test068,40,Gaussian,20.591471466646325,0.5718775795304523,863.8373000139836,40597
bsd68,test068,40,Median,20.689063666078983,0.4891719447226421,1708.801400003722,40597
bsd68,test068,40,NLM,21.064380877960993,0.6331010601163714,388.3660999999847,40597
bsd68,test068,40,BM3D,22.042633516024836,0.7053601992550069,1706.3350999960676,40597
bsd68,test068,50,Noisy,15.658526795563802,0.32090504903498596,0.0,50597
bsd68,test068,50,Gaussian,19.986950906581107,0.5262154239557975,692.8272999939509,50597
bsd68,test068,50,Median,19.779760828552423,0.42750277263055614,1825.0793000042904,50597
bsd68,test068,50,NLM,20.071931322584824,0.5817842410773035,398.2696000020951,50597
bsd68,test068,50,BM3D,20.814965741558353,0.6378188270418187,1981.1965999833774,50597
bsd68,test068,75,Noisy,12.636757026961618,0.2092556279446372,0.0,75597
bsd68,test068,75,Gaussian,18.33389949772101,0.4289761629422266,667.2635000140872,75597
bsd68,test068,75,Median,17.799077385234455,0.32388810023174386,1702.544100000523,75597
bsd68,test068,75,NLM,18.189960551006397,0.49067448351826787,374.917999986792,75597
bsd68,test068,75,BM3D,18.718324784725063,0.5314890710432126,1707.4253000027966,75597
